message,label
"Dear user, your SIM card will be deactivated in 24 hours. Update Aadhaar details urgently: http://sim-kyc-verify-portal.club",1
Your OTP for payment of Rs 294 is 749485. Do not share this OTP with anyone.,0
Your electricity connection will be disconnected tonight at 9:30 PM. Call bill officer at 9876543210 or pay at http://elec-bill-pay.link,1
Your statement for card ending XX96 is now ready to view on netbanking.,0
"Congratulations! You won Rs 50,00,000 lottery from KBC / RBI. Claim your reward immediately by clicking http://claim-prize-bonus.top",1
Your OTP for payment of Rs 4831 is 895338. Do not share this OTP with anyone.,0
Salary for the month has been processed and credited to your account XX49.,0
"SBI Notice: Unauthorized login from Lagos. If not you, secure account immediately at http://sbi-secure-portal.monster",1
Reminder: Doctor appointment scheduled for tomorrow at 10:00 AM.,0
"SBI Notice: Unauthorized login from Lagos. If not you, secure account immediately at http://sbi-secure-portal.monster",1
"Dear customer, your credit card points worth Rs 50585 are expiring today. Redeem for cash voucher now: http://reward-redeem-bank.click",1
Your electricity bill of Rs 565 is due on 25th Oct. Pay via official app.,0
Salary for the month has been processed and credited to your account XX10.,0
"Congratulations! You won Rs 50,00,000 lottery from KBC / RBI. Claim your reward immediately by clicking http://claim-prize-bonus.top",1
Income Tax Refund of Rs 48095 approved. Update bank account details now at http://192.168.1.10/refund/login to receive funds.,1
Your subscription to Prime has renewed. Receipt sent to your registered email.,0
"Dear customer, Rs 4391 credited to your account XX59 via NEFT from Employer Ltd.",0
Your OTP for payment of Rs 709 is 817675. Do not share this OTP with anyone.,0
"Congratulations! You won Rs 50,00,000 lottery from KBC / RBI. Claim your reward immediately by clicking http://claim-prize-bonus.top",1
Your electricity connection will be disconnected tonight at 9:30 PM. Call bill officer at 9876543210 or pay at http://elec-bill-pay.link,1
Your electricity bill of Rs 2381 is due on 25th Oct. Pay via official app.,0
Reminder: Doctor appointment scheduled for tomorrow at 10:00 AM.,0
Your OTP for payment of Rs 4406 is 938095. Do not share this OTP with anyone.,0
"URGENT: Suspicious transaction of Rs 38736 detected on your account. If not you, cancel immediately at http://secure-bank-cancel-auth.xyz",1
Your electricity bill of Rs 2580 is due on 25th Oct. Pay via official app.,0
HDFC Alert: Your NetBanking password expired. Reset password immediately to avoid transaction block: http://hdfc-pass-reset.work,1
"Dear Customer, your HDFC Bank account is suspended today due to pending KYC. Click http://bit.ly/bank-kyc-verify to update PAN immediately or account will be blocked.",1
Your electricity bill of Rs 918 is due on 25th Oct. Pay via official app.,0
Thank you for dining with us! Here is your e-receipt for Rs 2963.,0
Your statement for card ending XX96 is now ready to view on netbanking.,0
Salary for the month has been processed and credited to your account XX50.,0
Your electricity connection will be disconnected tonight at 9:30 PM. Call bill officer at 9876543210 or pay at http://elec-bill-pay.link,1
Reminder: Doctor appointment scheduled for tomorrow at 10:00 AM.,0
"Dear customer, loan of Rs 5,00,000 pre-approved with zero interest. Click http://instant-loan-approval.xyz to disburse.",1
Reminder: Doctor appointment scheduled for tomorrow at 10:00 AM.,0
Your statement for card ending XX67 is now ready to view on netbanking.,0
HDFC Alert: Your NetBanking password expired. Reset password immediately to avoid transaction block: http://hdfc-pass-reset.work,1
"Dear customer, Rs 2786 credited to your account XX47 via NEFT from Employer Ltd.",0
Welcome to our service. Your order #95191 has been shipped via BlueDart.,0
Your flight ticket to Bengaluru is confirmed. PNR: PNR9381.,0
Your flight ticket to Bengaluru is confirmed. PNR: PNR5901.,0
Salary for the month has been processed and credited to your account XX36.,0
Welcome to our service. Your order #64172 has been shipped via BlueDart.,0
Salary for the month has been processed and credited to your account XX76.,0
"Dear user, your SIM card will be deactivated in 24 hours. Update Aadhaar details urgently: http://sim-kyc-verify-portal.club",1
"Congratulations! You won Rs 50,00,000 lottery from KBC / RBI. Claim your reward immediately by clicking http://claim-prize-bonus.top",1
"URGENT: Suspicious transaction of Rs 29201 detected on your account. If not you, cancel immediately at http://secure-bank-cancel-auth.xyz",1
Your statement for card ending XX98 is now ready to view on netbanking.,0
"Dear customer, your credit card points worth Rs 31265 are expiring today. Redeem for cash voucher now: http://reward-redeem-bank.click",1
Your electricity connection will be disconnected tonight at 9:30 PM. Call bill officer at 9876543210 or pay at http://elec-bill-pay.link,1
"Dear customer, Rs 4780 credited to your account XX90 via NEFT from Employer Ltd.",0
Your electricity connection will be disconnected tonight at 9:30 PM. Call bill officer at 9876543210 or pay at http://elec-bill-pay.link,1
Welcome to our service. Your order #57953 has been shipped via BlueDart.,0
Income Tax Refund of Rs 16041 approved. Update bank account details now at http://192.168.1.10/refund/login to receive funds.,1
Your OTP for payment of Rs 1996 is 402099. Do not share this OTP with anyone.,0
Your electricity connection will be disconnected tonight at 9:30 PM. Call bill officer at 9876543210 or pay at http://elec-bill-pay.link,1
Your OTP for payment of Rs 1567 is 501219. Do not share this OTP with anyone.,0
Your flight ticket to Bengaluru is confirmed. PNR: PNR3689.,0
HDFC Alert: Your NetBanking password expired. Reset password immediately to avoid transaction block: http://hdfc-pass-reset.work,1
Your statement for card ending XX40 is now ready to view on netbanking.,0
Reminder: Doctor appointment scheduled for tomorrow at 10:00 AM.,0
Thank you for dining with us! Here is your e-receipt for Rs 2270.,0
Reminder: Doctor appointment scheduled for tomorrow at 10:00 AM.,0
Thank you for dining with us! Here is your e-receipt for Rs 3900.,0
Your OTP for payment of Rs 510 is 712554. Do not share this OTP with anyone.,0
Your electricity bill of Rs 706 is due on 25th Oct. Pay via official app.,0
"Dear customer, Rs 3154 credited to your account XX67 via NEFT from Employer Ltd.",0
Thank you for dining with us! Here is your e-receipt for Rs 3374.,0
"URGENT: Suspicious transaction of Rs 89942 detected on your account. If not you, cancel immediately at http://secure-bank-cancel-auth.xyz",1
Reminder: Doctor appointment scheduled for tomorrow at 10:00 AM.,0
Income Tax Refund of Rs 24757 approved. Update bank account details now at http://192.168.1.10/refund/login to receive funds.,1
"SBI Notice: Unauthorized login from Lagos. If not you, secure account immediately at http://sbi-secure-portal.monster",1
"Dear customer, loan of Rs 5,00,000 pre-approved with zero interest. Click http://instant-loan-approval.xyz to disburse.",1
"SBI Notice: Unauthorized login from Lagos. If not you, secure account immediately at http://sbi-secure-portal.monster",1
Your electricity bill of Rs 1852 is due on 25th Oct. Pay via official app.,0
Your OTP for payment of Rs 3266 is 152062. Do not share this OTP with anyone.,0
"SBI Notice: Unauthorized login from Lagos. If not you, secure account immediately at http://sbi-secure-portal.monster",1
"SBI Notice: Unauthorized login from Lagos. If not you, secure account immediately at http://sbi-secure-portal.monster",1
Income Tax Refund of Rs 38165 approved. Update bank account details now at http://192.168.1.10/refund/login to receive funds.,1
"Dear customer, your credit card points worth Rs 15996 are expiring today. Redeem for cash voucher now: http://reward-redeem-bank.click",1
"Congratulations! You won Rs 50,00,000 lottery from KBC / RBI. Claim your reward immediately by clicking http://claim-prize-bonus.top",1
"Dear customer, loan of Rs 5,00,000 pre-approved with zero interest. Click http://instant-loan-approval.xyz to disburse.",1
Your OTP for payment of Rs 2158 is 312952. Do not share this OTP with anyone.,0
"Dear Customer, your Kotak Bank account is suspended today due to pending KYC. Click http://bit.ly/bank-kyc-verify to update PAN immediately or account will be blocked.",1
Your electricity connection will be disconnected tonight at 9:30 PM. Call bill officer at 9876543210 or pay at http://elec-bill-pay.link,1
"Dear customer, Rs 4826 credited to your account XX97 via NEFT from Employer Ltd.",0
"SBI Notice: Unauthorized login from Lagos. If not you, secure account immediately at http://sbi-secure-portal.monster",1
Salary for the month has been processed and credited to your account XX26.,0
"Dear customer, loan of Rs 5,00,000 pre-approved with zero interest. Click http://instant-loan-approval.xyz to disburse.",1
"Dear customer, loan of Rs 5,00,000 pre-approved with zero interest. Click http://instant-loan-approval.xyz to disburse.",1
Your subscription to Prime has renewed. Receipt sent to your registered email.,0
Thank you for dining with us! Here is your e-receipt for Rs 111.,0
Your electricity connection will be disconnected tonight at 9:30 PM. Call bill officer at 9876543210 or pay at http://elec-bill-pay.link,1
Salary for the month has been processed and credited to your account XX64.,0
Your electricity connection will be disconnected tonight at 9:30 PM. Call bill officer at 9876543210 or pay at http://elec-bill-pay.link,1
Your electricity bill of Rs 2787 is due on 25th Oct. Pay via official app.,0
"URGENT: Suspicious transaction of Rs 47629 detected on your account. If not you, cancel immediately at http://secure-bank-cancel-auth.xyz",1
"URGENT: Suspicious transaction of Rs 65330 detected on your account. If not you, cancel immediately at http://secure-bank-cancel-auth.xyz",1
Welcome to our service. Your order #19150 has been shipped via BlueDart.,0
"Dear Customer, your HDFC Bank account is suspended today due to pending KYC. Click http://bit.ly/bank-kyc-verify to update PAN immediately or account will be blocked.",1
"Dear user, your SIM card will be deactivated in 24 hours. Update Aadhaar details urgently: http://sim-kyc-verify-portal.club",1
Your flight ticket to Bengaluru is confirmed. PNR: PNR1241.,0
Welcome to our service. Your order #52056 has been shipped via BlueDart.,0
Income Tax Refund of Rs 80881 approved. Update bank account details now at http://192.168.1.10/refund/login to receive funds.,1
Your subscription to Prime has renewed. Receipt sent to your registered email.,0
Salary for the month has been processed and credited to your account XX67.,0
HDFC Alert: Your NetBanking password expired. Reset password immediately to avoid transaction block: http://hdfc-pass-reset.work,1
Welcome to our service. Your order #75410 has been shipped via BlueDart.,0
Your statement for card ending XX41 is now ready to view on netbanking.,0
Income Tax Refund of Rs 70542 approved. Update bank account details now at http://192.168.1.10/refund/login to receive funds.,1
"Congratulations! You won Rs 50,00,000 lottery from KBC / RBI. Claim your reward immediately by clicking http://claim-prize-bonus.top",1
Your subscription to Prime has renewed. Receipt sent to your registered email.,0
"Dear Customer, your HDFC Bank account is suspended today due to pending KYC. Click http://bit.ly/bank-kyc-verify to update PAN immediately or account will be blocked.",1
HDFC Alert: Your NetBanking password expired. Reset password immediately to avoid transaction block: http://hdfc-pass-reset.work,1
Salary for the month has been processed and credited to your account XX98.,0
"URGENT: Suspicious transaction of Rs 60731 detected on your account. If not you, cancel immediately at http://secure-bank-cancel-auth.xyz",1
"Dear customer, Rs 304 credited to your account XX45 via NEFT from Employer Ltd.",0
Your OTP for payment of Rs 2503 is 311383. Do not share this OTP with anyone.,0
Salary for the month has been processed and credited to your account XX57.,0
"Dear customer, your credit card points worth Rs 94874 are expiring today. Redeem for cash voucher now: http://reward-redeem-bank.click",1
"URGENT: Suspicious transaction of Rs 87373 detected on your account. If not you, cancel immediately at http://secure-bank-cancel-auth.xyz",1
Your electricity bill of Rs 2718 is due on 25th Oct. Pay via official app.,0
Your OTP for payment of Rs 618 is 374320. Do not share this OTP with anyone.,0
"SBI Notice: Unauthorized login from Lagos. If not you, secure account immediately at http://sbi-secure-portal.monster",1
"Dear customer, Rs 676 credited to your account XX42 via NEFT from Employer Ltd.",0
"Dear customer, loan of Rs 5,00,000 pre-approved with zero interest. Click http://instant-loan-approval.xyz to disburse.",1
"Dear Customer, your Kotak Bank account is suspended today due to pending KYC. Click http://bit.ly/bank-kyc-verify to update PAN immediately or account will be blocked.",1
Your statement for card ending XX80 is now ready to view on netbanking.,0
Your OTP for payment of Rs 940 is 523037. Do not share this OTP with anyone.,0
Thank you for dining with us! Here is your e-receipt for Rs 2841.,0
"Dear user, your SIM card will be deactivated in 24 hours. Update Aadhaar details urgently: http://sim-kyc-verify-portal.club",1
Your OTP for payment of Rs 2100 is 359642. Do not share this OTP with anyone.,0
"Dear Customer, your ICICI Bank account is suspended today due to pending KYC. Click http://bit.ly/bank-kyc-verify to update PAN immediately or account will be blocked.",1
"URGENT: Suspicious transaction of Rs 20017 detected on your account. If not you, cancel immediately at http://secure-bank-cancel-auth.xyz",1
Your subscription to Prime has renewed. Receipt sent to your registered email.,0
Your statement for card ending XX17 is now ready to view on netbanking.,0
Thank you for dining with us! Here is your e-receipt for Rs 973.,0
"URGENT: Suspicious transaction of Rs 33931 detected on your account. If not you, cancel immediately at http://secure-bank-cancel-auth.xyz",1
Your flight ticket to Bengaluru is confirmed. PNR: PNR4110.,0
"Congratulations! You won Rs 50,00,000 lottery from KBC / RBI. Claim your reward immediately by clicking http://claim-prize-bonus.top",1
"SBI Notice: Unauthorized login from Lagos. If not you, secure account immediately at http://sbi-secure-portal.monster",1
Your subscription to Prime has renewed. Receipt sent to your registered email.,0
HDFC Alert: Your NetBanking password expired. Reset password immediately to avoid transaction block: http://hdfc-pass-reset.work,1
"Dear customer, your credit card points worth Rs 40204 are expiring today. Redeem for cash voucher now: http://reward-redeem-bank.click",1
"Dear user, your SIM card will be deactivated in 24 hours. Update Aadhaar details urgently: http://sim-kyc-verify-portal.club",1
Reminder: Doctor appointment scheduled for tomorrow at 10:00 AM.,0
"Dear Customer, your Axis Bank account is suspended today due to pending KYC. Click http://bit.ly/bank-kyc-verify to update PAN immediately or account will be blocked.",1
"URGENT: Suspicious transaction of Rs 62540 detected on your account. If not you, cancel immediately at http://secure-bank-cancel-auth.xyz",1
HDFC Alert: Your NetBanking password expired. Reset password immediately to avoid transaction block: http://hdfc-pass-reset.work,1
Thank you for dining with us! Here is your e-receipt for Rs 3802.,0
Income Tax Refund of Rs 41958 approved. Update bank account details now at http://192.168.1.10/refund/login to receive funds.,1
"Dear customer, your credit card points worth Rs 87689 are expiring today. Redeem for cash voucher now: http://reward-redeem-bank.click",1
Your electricity bill of Rs 2153 is due on 25th Oct. Pay via official app.,0
"URGENT: Suspicious transaction of Rs 47737 detected on your account. If not you, cancel immediately at http://secure-bank-cancel-auth.xyz",1
Your statement for card ending XX36 is now ready to view on netbanking.,0
"SBI Notice: Unauthorized login from Lagos. If not you, secure account immediately at http://sbi-secure-portal.monster",1
Salary for the month has been processed and credited to your account XX98.,0
"URGENT: Suspicious transaction of Rs 69643 detected on your account. If not you, cancel immediately at http://secure-bank-cancel-auth.xyz",1
"Dear Customer, your ICICI Bank account is suspended today due to pending KYC. Click http://bit.ly/bank-kyc-verify to update PAN immediately or account will be blocked.",1
HDFC Alert: Your NetBanking password expired. Reset password immediately to avoid transaction block: http://hdfc-pass-reset.work,1
"Dear Customer, your Axis Bank account is suspended today due to pending KYC. Click http://bit.ly/bank-kyc-verify to update PAN immediately or account will be blocked.",1
"URGENT: Suspicious transaction of Rs 81112 detected on your account. If not you, cancel immediately at http://secure-bank-cancel-auth.xyz",1
Your flight ticket to Bengaluru is confirmed. PNR: PNR6585.,0
Your OTP for payment of Rs 3604 is 312146. Do not share this OTP with anyone.,0
Income Tax Refund of Rs 37825 approved. Update bank account details now at http://192.168.1.10/refund/login to receive funds.,1
Your statement for card ending XX58 is now ready to view on netbanking.,0
Your flight ticket to Bengaluru is confirmed. PNR: PNR9938.,0
"Dear user, your SIM card will be deactivated in 24 hours. Update Aadhaar details urgently: http://sim-kyc-verify-portal.club",1
"Congratulations! You won Rs 50,00,000 lottery from KBC / RBI. Claim your reward immediately by clicking http://claim-prize-bonus.top",1
Thank you for dining with us! Here is your e-receipt for Rs 3451.,0
Your electricity connection will be disconnected tonight at 9:30 PM. Call bill officer at 9876543210 or pay at http://elec-bill-pay.link,1
"SBI Notice: Unauthorized login from Lagos. If not you, secure account immediately at http://sbi-secure-portal.monster",1
HDFC Alert: Your NetBanking password expired. Reset password immediately to avoid transaction block: http://hdfc-pass-reset.work,1
Thank you for dining with us! Here is your e-receipt for Rs 2726.,0
"Congratulations! You won Rs 50,00,000 lottery from KBC / RBI. Claim your reward immediately by clicking http://claim-prize-bonus.top",1
Your OTP for payment of Rs 1681 is 126596. Do not share this OTP with anyone.,0
"Dear user, your SIM card will be deactivated in 24 hours. Update Aadhaar details urgently: http://sim-kyc-verify-portal.club",1
HDFC Alert: Your NetBanking password expired. Reset password immediately to avoid transaction block: http://hdfc-pass-reset.work,1
Your electricity bill of Rs 3846 is due on 25th Oct. Pay via official app.,0
"Congratulations! You won Rs 50,00,000 lottery from KBC / RBI. Claim your reward immediately by clicking http://claim-prize-bonus.top",1
Salary for the month has been processed and credited to your account XX12.,0
"Dear user, your SIM card will be deactivated in 24 hours. Update Aadhaar details urgently: http://sim-kyc-verify-portal.club",1
HDFC Alert: Your NetBanking password expired. Reset password immediately to avoid transaction block: http://hdfc-pass-reset.work,1
"Dear customer, loan of Rs 5,00,000 pre-approved with zero interest. Click http://instant-loan-approval.xyz to disburse.",1
Your electricity bill of Rs 3667 is due on 25th Oct. Pay via official app.,0
Your flight ticket to Bengaluru is confirmed. PNR: PNR4090.,0
Thank you for dining with us! Here is your e-receipt for Rs 4877.,0
"Dear customer, your credit card points worth Rs 34316 are expiring today. Redeem for cash voucher now: http://reward-redeem-bank.click",1
Your statement for card ending XX96 is now ready to view on netbanking.,0
HDFC Alert: Your NetBanking password expired. Reset password immediately to avoid transaction block: http://hdfc-pass-reset.work,1
Thank you for dining with us! Here is your e-receipt for Rs 1801.,0
Your OTP for payment of Rs 3908 is 786563. Do not share this OTP with anyone.,0
Income Tax Refund of Rs 90804 approved. Update bank account details now at http://192.168.1.10/refund/login to receive funds.,1
Reminder: Doctor appointment scheduled for tomorrow at 10:00 AM.,0
Your electricity bill of Rs 802 is due on 25th Oct. Pay via official app.,0
"SBI Notice: Unauthorized login from Lagos. If not you, secure account immediately at http://sbi-secure-portal.monster",1
Your flight ticket to Bengaluru is confirmed. PNR: PNR2946.,0
"URGENT: Suspicious transaction of Rs 60453 detected on your account. If not you, cancel immediately at http://secure-bank-cancel-auth.xyz",1
Your flight ticket to Bengaluru is confirmed. PNR: PNR3395.,0
Your flight ticket to Bengaluru is confirmed. PNR: PNR8147.,0
"Dear customer, Rs 4818 credited to your account XX27 via NEFT from Employer Ltd.",0
HDFC Alert: Your NetBanking password expired. Reset password immediately to avoid transaction block: http://hdfc-pass-reset.work,1
Thank you for dining with us! Here is your e-receipt for Rs 2575.,0
"SBI Notice: Unauthorized login from Lagos. If not you, secure account immediately at http://sbi-secure-portal.monster",1
"Dear customer, loan of Rs 5,00,000 pre-approved with zero interest. Click http://instant-loan-approval.xyz to disburse.",1
Thank you for dining with us! Here is your e-receipt for Rs 4116.,0
"Congratulations! You won Rs 50,00,000 lottery from KBC / RBI. Claim your reward immediately by clicking http://claim-prize-bonus.top",1
HDFC Alert: Your NetBanking password expired. Reset password immediately to avoid transaction block: http://hdfc-pass-reset.work,1
Your statement for card ending XX21 is now ready to view on netbanking.,0
"Dear user, your SIM card will be deactivated in 24 hours. Update Aadhaar details urgently: http://sim-kyc-verify-portal.club",1
"Congratulations! You won Rs 50,00,000 lottery from KBC / RBI. Claim your reward immediately by clicking http://claim-prize-bonus.top",1
"URGENT: Suspicious transaction of Rs 88303 detected on your account. If not you, cancel immediately at http://secure-bank-cancel-auth.xyz",1
Your subscription to Prime has renewed. Receipt sent to your registered email.,0
"Dear user, your SIM card will be deactivated in 24 hours. Update Aadhaar details urgently: http://sim-kyc-verify-portal.club",1
Salary for the month has been processed and credited to your account XX26.,0
Your subscription to Prime has renewed. Receipt sent to your registered email.,0
Salary for the month has been processed and credited to your account XX64.,0
Your flight ticket to Bengaluru is confirmed. PNR: PNR2011.,0
"Dear user, your SIM card will be deactivated in 24 hours. Update Aadhaar details urgently: http://sim-kyc-verify-portal.club",1
"Congratulations! You won Rs 50,00,000 lottery from KBC / RBI. Claim your reward immediately by clicking http://claim-prize-bonus.top",1
Salary for the month has been processed and credited to your account XX78.,0
"Dear customer, your credit card points worth Rs 27091 are expiring today. Redeem for cash voucher now: http://reward-redeem-bank.click",1
Your flight ticket to Bengaluru is confirmed. PNR: PNR5760.,0
"SBI Notice: Unauthorized login from Lagos. If not you, secure account immediately at http://sbi-secure-portal.monster",1
"Dear customer, Rs 4481 credited to your account XX66 via NEFT from Employer Ltd.",0
Your electricity bill of Rs 4577 is due on 25th Oct. Pay via official app.,0
Reminder: Doctor appointment scheduled for tomorrow at 10:00 AM.,0
"SBI Notice: Unauthorized login from Lagos. If not you, secure account immediately at http://sbi-secure-portal.monster",1
Salary for the month has been processed and credited to your account XX88.,0
Thank you for dining with us! Here is your e-receipt for Rs 3719.,0
Your electricity bill of Rs 834 is due on 25th Oct. Pay via official app.,0
"Congratulations! You won Rs 50,00,000 lottery from KBC / RBI. Claim your reward immediately by clicking http://claim-prize-bonus.top",1
HDFC Alert: Your NetBanking password expired. Reset password immediately to avoid transaction block: http://hdfc-pass-reset.work,1
Salary for the month has been processed and credited to your account XX10.,0
Reminder: Doctor appointment scheduled for tomorrow at 10:00 AM.,0
Your flight ticket to Bengaluru is confirmed. PNR: PNR3502.,0
"Dear customer, Rs 4929 credited to your account XX59 via NEFT from Employer Ltd.",0
"Congratulations! You won Rs 50,00,000 lottery from KBC / RBI. Claim your reward immediately by clicking http://claim-prize-bonus.top",1
HDFC Alert: Your NetBanking password expired. Reset password immediately to avoid transaction block: http://hdfc-pass-reset.work,1
"Dear customer, Rs 4044 credited to your account XX71 via NEFT from Employer Ltd.",0
"Dear user, your SIM card will be deactivated in 24 hours. Update Aadhaar details urgently: http://sim-kyc-verify-portal.club",1
Your statement for card ending XX12 is now ready to view on netbanking.,0
"Dear customer, your credit card points worth Rs 72273 are expiring today. Redeem for cash voucher now: http://reward-redeem-bank.click",1
"URGENT: Suspicious transaction of Rs 50815 detected on your account. If not you, cancel immediately at http://secure-bank-cancel-auth.xyz",1
Thank you for dining with us! Here is your e-receipt for Rs 940.,0
Thank you for dining with us! Here is your e-receipt for Rs 3139.,0
Reminder: Doctor appointment scheduled for tomorrow at 10:00 AM.,0
Your subscription to Prime has renewed. Receipt sent to your registered email.,0
Salary for the month has been processed and credited to your account XX60.,0
Your electricity connection will be disconnected tonight at 9:30 PM. Call bill officer at 9876543210 or pay at http://elec-bill-pay.link,1
Reminder: Doctor appointment scheduled for tomorrow at 10:00 AM.,0
Your OTP for payment of Rs 3057 is 516869. Do not share this OTP with anyone.,0
Your statement for card ending XX74 is now ready to view on netbanking.,0
Salary for the month has been processed and credited to your account XX25.,0
"Dear customer, your credit card points worth Rs 41151 are expiring today. Redeem for cash voucher now: http://reward-redeem-bank.click",1
"SBI Notice: Unauthorized login from Lagos. If not you, secure account immediately at http://sbi-secure-portal.monster",1
"Dear Customer, your ICICI Bank account is suspended today due to pending KYC. Click http://bit.ly/bank-kyc-verify to update PAN immediately or account will be blocked.",1
"Dear user, your SIM card will be deactivated in 24 hours. Update Aadhaar details urgently: http://sim-kyc-verify-portal.club",1
"SBI Notice: Unauthorized login from Lagos. If not you, secure account immediately at http://sbi-secure-portal.monster",1
HDFC Alert: Your NetBanking password expired. Reset password immediately to avoid transaction block: http://hdfc-pass-reset.work,1
"URGENT: Suspicious transaction of Rs 31351 detected on your account. If not you, cancel immediately at http://secure-bank-cancel-auth.xyz",1
"URGENT: Suspicious transaction of Rs 54738 detected on your account. If not you, cancel immediately at http://secure-bank-cancel-auth.xyz",1
Your electricity bill of Rs 3758 is due on 25th Oct. Pay via official app.,0
Your OTP for payment of Rs 3857 is 621800. Do not share this OTP with anyone.,0
Reminder: Doctor appointment scheduled for tomorrow at 10:00 AM.,0
"Dear user, your SIM card will be deactivated in 24 hours. Update Aadhaar details urgently: http://sim-kyc-verify-portal.club",1
"Dear Customer, your ICICI Bank account is suspended today due to pending KYC. Click http://bit.ly/bank-kyc-verify to update PAN immediately or account will be blocked.",1
Your electricity connection will be disconnected tonight at 9:30 PM. Call bill officer at 9876543210 or pay at http://elec-bill-pay.link,1
Income Tax Refund of Rs 77093 approved. Update bank account details now at http://192.168.1.10/refund/login to receive funds.,1
Welcome to our service. Your order #66603 has been shipped via BlueDart.,0
"Congratulations! You won Rs 50,00,000 lottery from KBC / RBI. Claim your reward immediately by clicking http://claim-prize-bonus.top",1
Welcome to our service. Your order #45370 has been shipped via BlueDart.,0
Your electricity connection will be disconnected tonight at 9:30 PM. Call bill officer at 9876543210 or pay at http://elec-bill-pay.link,1
Thank you for dining with us! Here is your e-receipt for Rs 1470.,0
Your flight ticket to Bengaluru is confirmed. PNR: PNR9779.,0
Your flight ticket to Bengaluru is confirmed. PNR: PNR4070.,0
"Dear customer, loan of Rs 5,00,000 pre-approved with zero interest. Click http://instant-loan-approval.xyz to disburse.",1
Your electricity bill of Rs 683 is due on 25th Oct. Pay via official app.,0
Your electricity bill of Rs 4415 is due on 25th Oct. Pay via official app.,0
"Dear customer, Rs 3950 credited to your account XX62 via NEFT from Employer Ltd.",0
"Dear Customer, your SBI account is suspended today due to pending KYC. Click http://bit.ly/bank-kyc-verify to update PAN immediately or account will be blocked.",1
"Dear customer, Rs 2139 credited to your account XX66 via NEFT from Employer Ltd.",0
Welcome to our service. Your order #72324 has been shipped via BlueDart.,0
Your flight ticket to Bengaluru is confirmed. PNR: PNR3717.,0
"Dear customer, Rs 1466 credited to your account XX33 via NEFT from Employer Ltd.",0
"Dear customer, loan of Rs 5,00,000 pre-approved with zero interest. Click http://instant-loan-approval.xyz to disburse.",1
Welcome to our service. Your order #73699 has been shipped via BlueDart.,0
"SBI Notice: Unauthorized login from Lagos. If not you, secure account immediately at http://sbi-secure-portal.monster",1
Your electricity bill of Rs 1209 is due on 25th Oct. Pay via official app.,0
Your statement for card ending XX28 is now ready to view on netbanking.,0
"Dear user, your SIM card will be deactivated in 24 hours. Update Aadhaar details urgently: http://sim-kyc-verify-portal.club",1
"Dear customer, your credit card points worth Rs 17838 are expiring today. Redeem for cash voucher now: http://reward-redeem-bank.click",1
"Dear customer, Rs 1767 credited to your account XX62 via NEFT from Employer Ltd.",0
"Dear user, your SIM card will be deactivated in 24 hours. Update Aadhaar details urgently: http://sim-kyc-verify-portal.club",1
"Dear Customer, your HDFC Bank account is suspended today due to pending KYC. Click http://bit.ly/bank-kyc-verify to update PAN immediately or account will be blocked.",1
"Congratulations! You won Rs 50,00,000 lottery from KBC / RBI. Claim your reward immediately by clicking http://claim-prize-bonus.top",1
Salary for the month has been processed and credited to your account XX11.,0
Income Tax Refund of Rs 68026 approved. Update bank account details now at http://192.168.1.10/refund/login to receive funds.,1
"Congratulations! You won Rs 50,00,000 lottery from KBC / RBI. Claim your reward immediately by clicking http://claim-prize-bonus.top",1
Thank you for dining with us! Here is your e-receipt for Rs 2207.,0
Welcome to our service. Your order #47914 has been shipped via BlueDart.,0
Salary for the month has been processed and credited to your account XX65.,0
Salary for the month has been processed and credited to your account XX99.,0
"Dear Customer, your HDFC Bank account is suspended today due to pending KYC. Click http://bit.ly/bank-kyc-verify to update PAN immediately or account will be blocked.",1
"Dear Customer, your Kotak Bank account is suspended today due to pending KYC. Click http://bit.ly/bank-kyc-verify to update PAN immediately or account will be blocked.",1
Your subscription to Prime has renewed. Receipt sent to your registered email.,0
"Dear customer, Rs 880 credited to your account XX17 via NEFT from Employer Ltd.",0
Income Tax Refund of Rs 89133 approved. Update bank account details now at http://192.168.1.10/refund/login to receive funds.,1
"URGENT: Suspicious transaction of Rs 70796 detected on your account. If not you, cancel immediately at http://secure-bank-cancel-auth.xyz",1
Thank you for dining with us! Here is your e-receipt for Rs 446.,0
Your statement for card ending XX43 is now ready to view on netbanking.,0
Your electricity bill of Rs 2559 is due on 25th Oct. Pay via official app.,0
Your statement for card ending XX63 is now ready to view on netbanking.,0
"URGENT: Suspicious transaction of Rs 91881 detected on your account. If not you, cancel immediately at http://secure-bank-cancel-auth.xyz",1
"URGENT: Suspicious transaction of Rs 59342 detected on your account. If not you, cancel immediately at http://secure-bank-cancel-auth.xyz",1
"Congratulations! You won Rs 50,00,000 lottery from KBC / RBI. Claim your reward immediately by clicking http://claim-prize-bonus.top",1
Your electricity bill of Rs 2751 is due on 25th Oct. Pay via official app.,0
"Congratulations! You won Rs 50,00,000 lottery from KBC / RBI. Claim your reward immediately by clicking http://claim-prize-bonus.top",1
"Dear customer, your credit card points worth Rs 85464 are expiring today. Redeem for cash voucher now: http://reward-redeem-bank.click",1
"Dear user, your SIM card will be deactivated in 24 hours. Update Aadhaar details urgently: http://sim-kyc-verify-portal.club",1
Welcome to our service. Your order #31926 has been shipped via BlueDart.,0
"Dear customer, Rs 4709 credited to your account XX22 via NEFT from Employer Ltd.",0
Income Tax Refund of Rs 26510 approved. Update bank account details now at http://192.168.1.10/refund/login to receive funds.,1
"URGENT: Suspicious transaction of Rs 64415 detected on your account. If not you, cancel immediately at http://secure-bank-cancel-auth.xyz",1
HDFC Alert: Your NetBanking password expired. Reset password immediately to avoid transaction block: http://hdfc-pass-reset.work,1
"Congratulations! You won Rs 50,00,000 lottery from KBC / RBI. Claim your reward immediately by clicking http://claim-prize-bonus.top",1
Salary for the month has been processed and credited to your account XX23.,0
"URGENT: Suspicious transaction of Rs 68317 detected on your account. If not you, cancel immediately at http://secure-bank-cancel-auth.xyz",1
"SBI Notice: Unauthorized login from Lagos. If not you, secure account immediately at http://sbi-secure-portal.monster",1
"Congratulations! You won Rs 50,00,000 lottery from KBC / RBI. Claim your reward immediately by clicking http://claim-prize-bonus.top",1
"Dear customer, Rs 4183 credited to your account XX50 via NEFT from Employer Ltd.",0
"Dear customer, Rs 3914 credited to your account XX26 via NEFT from Employer Ltd.",0
Income Tax Refund of Rs 46265 approved. Update bank account details now at http://192.168.1.10/refund/login to receive funds.,1
Reminder: Doctor appointment scheduled for tomorrow at 10:00 AM.,0
Thank you for dining with us! Here is your e-receipt for Rs 4498.,0
Your electricity connection will be disconnected tonight at 9:30 PM. Call bill officer at 9876543210 or pay at http://elec-bill-pay.link,1
"Congratulations! You won Rs 50,00,000 lottery from KBC / RBI. Claim your reward immediately by clicking http://claim-prize-bonus.top",1
Your flight ticket to Bengaluru is confirmed. PNR: PNR5809.,0
Your electricity connection will be disconnected tonight at 9:30 PM. Call bill officer at 9876543210 or pay at http://elec-bill-pay.link,1
Your flight ticket to Bengaluru is confirmed. PNR: PNR9941.,0
"SBI Notice: Unauthorized login from Lagos. If not you, secure account immediately at http://sbi-secure-portal.monster",1
Your flight ticket to Bengaluru is confirmed. PNR: PNR9238.,0
"Dear customer, Rs 1323 credited to your account XX13 via NEFT from Employer Ltd.",0
"Congratulations! You won Rs 50,00,000 lottery from KBC / RBI. Claim your reward immediately by clicking http://claim-prize-bonus.top",1
"Dear customer, Rs 3146 credited to your account XX93 via NEFT from Employer Ltd.",0
"Dear customer, Rs 3891 credited to your account XX33 via NEFT from Employer Ltd.",0
"SBI Notice: Unauthorized login from Lagos. If not you, secure account immediately at http://sbi-secure-portal.monster",1
Reminder: Doctor appointment scheduled for tomorrow at 10:00 AM.,0
HDFC Alert: Your NetBanking password expired. Reset password immediately to avoid transaction block: http://hdfc-pass-reset.work,1
Your electricity bill of Rs 4017 is due on 25th Oct. Pay via official app.,0
Your flight ticket to Bengaluru is confirmed. PNR: PNR4014.,0
"URGENT: Suspicious transaction of Rs 26749 detected on your account. If not you, cancel immediately at http://secure-bank-cancel-auth.xyz",1
Reminder: Doctor appointment scheduled for tomorrow at 10:00 AM.,0
Income Tax Refund of Rs 77429 approved. Update bank account details now at http://192.168.1.10/refund/login to receive funds.,1
"SBI Notice: Unauthorized login from Lagos. If not you, secure account immediately at http://sbi-secure-portal.monster",1
Reminder: Doctor appointment scheduled for tomorrow at 10:00 AM.,0
"Dear Customer, your ICICI Bank account is suspended today due to pending KYC. Click http://bit.ly/bank-kyc-verify to update PAN immediately or account will be blocked.",1
Your subscription to Prime has renewed. Receipt sent to your registered email.,0
Your electricity connection will be disconnected tonight at 9:30 PM. Call bill officer at 9876543210 or pay at http://elec-bill-pay.link,1
"Dear customer, Rs 1274 credited to your account XX61 via NEFT from Employer Ltd.",0
"Dear Customer, your HDFC Bank account is suspended today due to pending KYC. Click http://bit.ly/bank-kyc-verify to update PAN immediately or account will be blocked.",1
Income Tax Refund of Rs 39077 approved. Update bank account details now at http://192.168.1.10/refund/login to receive funds.,1
"Dear customer, your credit card points worth Rs 73194 are expiring today. Redeem for cash voucher now: http://reward-redeem-bank.click",1
Reminder: Doctor appointment scheduled for tomorrow at 10:00 AM.,0
Reminder: Doctor appointment scheduled for tomorrow at 10:00 AM.,0
Welcome to our service. Your order #47567 has been shipped via BlueDart.,0
HDFC Alert: Your NetBanking password expired. Reset password immediately to avoid transaction block: http://hdfc-pass-reset.work,1
Reminder: Doctor appointment scheduled for tomorrow at 10:00 AM.,0
"Dear Customer, your ICICI Bank account is suspended today due to pending KYC. Click http://bit.ly/bank-kyc-verify to update PAN immediately or account will be blocked.",1
"URGENT: Suspicious transaction of Rs 77111 detected on your account. If not you, cancel immediately at http://secure-bank-cancel-auth.xyz",1
Welcome to our service. Your order #40715 has been shipped via BlueDart.,0
Your statement for card ending XX96 is now ready to view on netbanking.,0
"Dear Customer, your Kotak Bank account is suspended today due to pending KYC. Click http://bit.ly/bank-kyc-verify to update PAN immediately or account will be blocked.",1
Your electricity connection will be disconnected tonight at 9:30 PM. Call bill officer at 9876543210 or pay at http://elec-bill-pay.link,1
Welcome to our service. Your order #56357 has been shipped via BlueDart.,0
"SBI Notice: Unauthorized login from Lagos. If not you, secure account immediately at http://sbi-secure-portal.monster",1
Your statement for card ending XX26 is now ready to view on netbanking.,0
"Congratulations! You won Rs 50,00,000 lottery from KBC / RBI. Claim your reward immediately by clicking http://claim-prize-bonus.top",1
Welcome to our service. Your order #61876 has been shipped via BlueDart.,0
HDFC Alert: Your NetBanking password expired. Reset password immediately to avoid transaction block: http://hdfc-pass-reset.work,1
Thank you for dining with us! Here is your e-receipt for Rs 3202.,0
"Dear Customer, your ICICI Bank account is suspended today due to pending KYC. Click http://bit.ly/bank-kyc-verify to update PAN immediately or account will be blocked.",1
Reminder: Doctor appointment scheduled for tomorrow at 10:00 AM.,0
Your flight ticket to Bengaluru is confirmed. PNR: PNR8870.,0
Your statement for card ending XX91 is now ready to view on netbanking.,0
HDFC Alert: Your NetBanking password expired. Reset password immediately to avoid transaction block: http://hdfc-pass-reset.work,1
HDFC Alert: Your NetBanking password expired. Reset password immediately to avoid transaction block: http://hdfc-pass-reset.work,1
Welcome to our service. Your order #91080 has been shipped via BlueDart.,0
Your OTP for payment of Rs 3182 is 990247. Do not share this OTP with anyone.,0
Your subscription to Prime has renewed. Receipt sent to your registered email.,0
"URGENT: Suspicious transaction of Rs 33249 detected on your account. If not you, cancel immediately at http://secure-bank-cancel-auth.xyz",1
"Dear customer, your credit card points worth Rs 67469 are expiring today. Redeem for cash voucher now: http://reward-redeem-bank.click",1
Your OTP for payment of Rs 410 is 695748. Do not share this OTP with anyone.,0
"SBI Notice: Unauthorized login from Lagos. If not you, secure account immediately at http://sbi-secure-portal.monster",1
"Dear Customer, your HDFC Bank account is suspended today due to pending KYC. Click http://bit.ly/bank-kyc-verify to update PAN immediately or account will be blocked.",1
"Congratulations! You won Rs 50,00,000 lottery from KBC / RBI. Claim your reward immediately by clicking http://claim-prize-bonus.top",1
Welcome to our service. Your order #17152 has been shipped via BlueDart.,0
Your OTP for payment of Rs 1117 is 999312. Do not share this OTP with anyone.,0
Your subscription to Prime has renewed. Receipt sent to your registered email.,0
"Dear customer, loan of Rs 5,00,000 pre-approved with zero interest. Click http://instant-loan-approval.xyz to disburse.",1
Salary for the month has been processed and credited to your account XX42.,0
"Congratulations! You won Rs 50,00,000 lottery from KBC / RBI. Claim your reward immediately by clicking http://claim-prize-bonus.top",1
HDFC Alert: Your NetBanking password expired. Reset password immediately to avoid transaction block: http://hdfc-pass-reset.work,1
Income Tax Refund of Rs 29146 approved. Update bank account details now at http://192.168.1.10/refund/login to receive funds.,1
Income Tax Refund of Rs 39831 approved. Update bank account details now at http://192.168.1.10/refund/login to receive funds.,1
"Dear user, your SIM card will be deactivated in 24 hours. Update Aadhaar details urgently: http://sim-kyc-verify-portal.club",1
"Dear customer, Rs 2570 credited to your account XX97 via NEFT from Employer Ltd.",0
"Dear user, your SIM card will be deactivated in 24 hours. Update Aadhaar details urgently: http://sim-kyc-verify-portal.club",1
Your flight ticket to Bengaluru is confirmed. PNR: PNR8975.,0
"URGENT: Suspicious transaction of Rs 72587 detected on your account. If not you, cancel immediately at http://secure-bank-cancel-auth.xyz",1
"URGENT: Suspicious transaction of Rs 37040 detected on your account. If not you, cancel immediately at http://secure-bank-cancel-auth.xyz",1
Thank you for dining with us! Here is your e-receipt for Rs 1593.,0
"Dear customer, loan of Rs 5,00,000 pre-approved with zero interest. Click http://instant-loan-approval.xyz to disburse.",1
Your statement for card ending XX62 is now ready to view on netbanking.,0
Reminder: Doctor appointment scheduled for tomorrow at 10:00 AM.,0
"Dear customer, Rs 1292 credited to your account XX45 via NEFT from Employer Ltd.",0
Your subscription to Prime has renewed. Receipt sent to your registered email.,0
Salary for the month has been processed and credited to your account XX37.,0
"URGENT: Suspicious transaction of Rs 74694 detected on your account. If not you, cancel immediately at http://secure-bank-cancel-auth.xyz",1
"Dear customer, Rs 2516 credited to your account XX88 via NEFT from Employer Ltd.",0
"Dear customer, Rs 3825 credited to your account XX94 via NEFT from Employer Ltd.",0
"Dear customer, your credit card points worth Rs 67436 are expiring today. Redeem for cash voucher now: http://reward-redeem-bank.click",1
Your electricity bill of Rs 3227 is due on 25th Oct. Pay via official app.,0
Thank you for dining with us! Here is your e-receipt for Rs 3459.,0
Your electricity bill of Rs 4673 is due on 25th Oct. Pay via official app.,0
Your electricity bill of Rs 4287 is due on 25th Oct. Pay via official app.,0
Welcome to our service. Your order #52065 has been shipped via BlueDart.,0
Salary for the month has been processed and credited to your account XX78.,0
Your flight ticket to Bengaluru is confirmed. PNR: PNR5543.,0
Your statement for card ending XX21 is now ready to view on netbanking.,0
"URGENT: Suspicious transaction of Rs 86399 detected on your account. If not you, cancel immediately at http://secure-bank-cancel-auth.xyz",1
Reminder: Doctor appointment scheduled for tomorrow at 10:00 AM.,0
"Dear user, your SIM card will be deactivated in 24 hours. Update Aadhaar details urgently: http://sim-kyc-verify-portal.club",1
Your statement for card ending XX33 is now ready to view on netbanking.,0
Salary for the month has been processed and credited to your account XX62.,0
Thank you for dining with us! Here is your e-receipt for Rs 795.,0
Welcome to our service. Your order #61207 has been shipped via BlueDart.,0
Your electricity connection will be disconnected tonight at 9:30 PM. Call bill officer at 9876543210 or pay at http://elec-bill-pay.link,1
"Dear Customer, your SBI account is suspended today due to pending KYC. Click http://bit.ly/bank-kyc-verify to update PAN immediately or account will be blocked.",1
Salary for the month has been processed and credited to your account XX96.,0
Reminder: Doctor appointment scheduled for tomorrow at 10:00 AM.,0
Income Tax Refund of Rs 45721 approved. Update bank account details now at http://192.168.1.10/refund/login to receive funds.,1
"SBI Notice: Unauthorized login from Lagos. If not you, secure account immediately at http://sbi-secure-portal.monster",1
Your subscription to Prime has renewed. Receipt sent to your registered email.,0
"Congratulations! You won Rs 50,00,000 lottery from KBC / RBI. Claim your reward immediately by clicking http://claim-prize-bonus.top",1
Your statement for card ending XX81 is now ready to view on netbanking.,0
Your electricity connection will be disconnected tonight at 9:30 PM. Call bill officer at 9876543210 or pay at http://elec-bill-pay.link,1
Your electricity connection will be disconnected tonight at 9:30 PM. Call bill officer at 9876543210 or pay at http://elec-bill-pay.link,1
"Dear customer, Rs 3073 credited to your account XX49 via NEFT from Employer Ltd.",0
"Dear Customer, your Axis Bank account is suspended today due to pending KYC. Click http://bit.ly/bank-kyc-verify to update PAN immediately or account will be blocked.",1
"SBI Notice: Unauthorized login from Lagos. If not you, secure account immediately at http://sbi-secure-portal.monster",1
Welcome to our service. Your order #78656 has been shipped via BlueDart.,0
Income Tax Refund of Rs 20046 approved. Update bank account details now at http://192.168.1.10/refund/login to receive funds.,1
Your flight ticket to Bengaluru is confirmed. PNR: PNR7722.,0
Welcome to our service. Your order #16674 has been shipped via BlueDart.,0
Your electricity bill of Rs 3458 is due on 25th Oct. Pay via official app.,0
Reminder: Doctor appointment scheduled for tomorrow at 10:00 AM.,0
Thank you for dining with us! Here is your e-receipt for Rs 1462.,0
Your OTP for payment of Rs 3343 is 366817. Do not share this OTP with anyone.,0
Salary for the month has been processed and credited to your account XX80.,0
Thank you for dining with us! Here is your e-receipt for Rs 3560.,0
Your electricity bill of Rs 174 is due on 25th Oct. Pay via official app.,0
Welcome to our service. Your order #28373 has been shipped via BlueDart.,0
Salary for the month has been processed and credited to your account XX65.,0
Your electricity bill of Rs 205 is due on 25th Oct. Pay via official app.,0
Your electricity connection will be disconnected tonight at 9:30 PM. Call bill officer at 9876543210 or pay at http://elec-bill-pay.link,1
Welcome to our service. Your order #17441 has been shipped via BlueDart.,0
Welcome to our service. Your order #98302 has been shipped via BlueDart.,0
Your flight ticket to Bengaluru is confirmed. PNR: PNR9624.,0
"Dear customer, your credit card points worth Rs 36771 are expiring today. Redeem for cash voucher now: http://reward-redeem-bank.click",1
Your electricity bill of Rs 3987 is due on 25th Oct. Pay via official app.,0
"SBI Notice: Unauthorized login from Lagos. If not you, secure account immediately at http://sbi-secure-portal.monster",1
"Dear Customer, your ICICI Bank account is suspended today due to pending KYC. Click http://bit.ly/bank-kyc-verify to update PAN immediately or account will be blocked.",1
Your OTP for payment of Rs 3866 is 181644. Do not share this OTP with anyone.,0
Your electricity connection will be disconnected tonight at 9:30 PM. Call bill officer at 9876543210 or pay at http://elec-bill-pay.link,1
Your electricity connection will be disconnected tonight at 9:30 PM. Call bill officer at 9876543210 or pay at http://elec-bill-pay.link,1
Income Tax Refund of Rs 39127 approved. Update bank account details now at http://192.168.1.10/refund/login to receive funds.,1
"URGENT: Suspicious transaction of Rs 38567 detected on your account. If not you, cancel immediately at http://secure-bank-cancel-auth.xyz",1
Your subscription to Prime has renewed. Receipt sent to your registered email.,0
Welcome to our service. Your order #92023 has been shipped via BlueDart.,0
HDFC Alert: Your NetBanking password expired. Reset password immediately to avoid transaction block: http://hdfc-pass-reset.work,1
Welcome to our service. Your order #20641 has been shipped via BlueDart.,0
Your electricity connection will be disconnected tonight at 9:30 PM. Call bill officer at 9876543210 or pay at http://elec-bill-pay.link,1
"Congratulations! You won Rs 50,00,000 lottery from KBC / RBI. Claim your reward immediately by clicking http://claim-prize-bonus.top",1
"URGENT: Suspicious transaction of Rs 45352 detected on your account. If not you, cancel immediately at http://secure-bank-cancel-auth.xyz",1
HDFC Alert: Your NetBanking password expired. Reset password immediately to avoid transaction block: http://hdfc-pass-reset.work,1
"Dear customer, loan of Rs 5,00,000 pre-approved with zero interest. Click http://instant-loan-approval.xyz to disburse.",1
"Dear Customer, your Kotak Bank account is suspended today due to pending KYC. Click http://bit.ly/bank-kyc-verify to update PAN immediately or account will be blocked.",1
Thank you for dining with us! Here is your e-receipt for Rs 4634.,0
"Dear customer, your credit card points worth Rs 81194 are expiring today. Redeem for cash voucher now: http://reward-redeem-bank.click",1
"Dear customer, Rs 2435 credited to your account XX18 via NEFT from Employer Ltd.",0
Income Tax Refund of Rs 47771 approved. Update bank account details now at http://192.168.1.10/refund/login to receive funds.,1
Your electricity connection will be disconnected tonight at 9:30 PM. Call bill officer at 9876543210 or pay at http://elec-bill-pay.link,1
HDFC Alert: Your NetBanking password expired. Reset password immediately to avoid transaction block: http://hdfc-pass-reset.work,1
"Dear Customer, your Axis Bank account is suspended today due to pending KYC. Click http://bit.ly/bank-kyc-verify to update PAN immediately or account will be blocked.",1
Your subscription to Prime has renewed. Receipt sent to your registered email.,0
Your electricity bill of Rs 4086 is due on 25th Oct. Pay via official app.,0
"Dear customer, your credit card points worth Rs 54883 are expiring today. Redeem for cash voucher now: http://reward-redeem-bank.click",1
Your statement for card ending XX36 is now ready to view on netbanking.,0
"Dear user, your SIM card will be deactivated in 24 hours. Update Aadhaar details urgently: http://sim-kyc-verify-portal.club",1
Income Tax Refund of Rs 58452 approved. Update bank account details now at http://192.168.1.10/refund/login to receive funds.,1
"Dear customer, Rs 1446 credited to your account XX69 via NEFT from Employer Ltd.",0
Your electricity bill of Rs 2917 is due on 25th Oct. Pay via official app.,0
"SBI Notice: Unauthorized login from Lagos. If not you, secure account immediately at http://sbi-secure-portal.monster",1
Reminder: Doctor appointment scheduled for tomorrow at 10:00 AM.,0
"Dear Customer, your HDFC Bank account is suspended today due to pending KYC. Click http://bit.ly/bank-kyc-verify to update PAN immediately or account will be blocked.",1
HDFC Alert: Your NetBanking password expired. Reset password immediately to avoid transaction block: http://hdfc-pass-reset.work,1
Welcome to our service. Your order #51347 has been shipped via BlueDart.,0
"Congratulations! You won Rs 50,00,000 lottery from KBC / RBI. Claim your reward immediately by clicking http://claim-prize-bonus.top",1
Your electricity bill of Rs 1472 is due on 25th Oct. Pay via official app.,0
Your electricity connection will be disconnected tonight at 9:30 PM. Call bill officer at 9876543210 or pay at http://elec-bill-pay.link,1
Thank you for dining with us! Here is your e-receipt for Rs 2096.,0
Your flight ticket to Bengaluru is confirmed. PNR: PNR3688.,0
"SBI Notice: Unauthorized login from Lagos. If not you, secure account immediately at http://sbi-secure-portal.monster",1
"Dear customer, Rs 1826 credited to your account XX90 via NEFT from Employer Ltd.",0
"Dear Customer, your SBI account is suspended today due to pending KYC. Click http://bit.ly/bank-kyc-verify to update PAN immediately or account will be blocked.",1
Welcome to our service. Your order #16505 has been shipped via BlueDart.,0
Your statement for card ending XX83 is now ready to view on netbanking.,0
Your statement for card ending XX21 is now ready to view on netbanking.,0
HDFC Alert: Your NetBanking password expired. Reset password immediately to avoid transaction block: http://hdfc-pass-reset.work,1
Thank you for dining with us! Here is your e-receipt for Rs 4854.,0
Your OTP for payment of Rs 1865 is 953350. Do not share this OTP with anyone.,0
"Dear customer, loan of Rs 5,00,000 pre-approved with zero interest. Click http://instant-loan-approval.xyz to disburse.",1
"Dear customer, Rs 2265 credited to your account XX39 via NEFT from Employer Ltd.",0
Welcome to our service. Your order #61740 has been shipped via BlueDart.,0
"Dear user, your SIM card will be deactivated in 24 hours. Update Aadhaar details urgently: http://sim-kyc-verify-portal.club",1
HDFC Alert: Your NetBanking password expired. Reset password immediately to avoid transaction block: http://hdfc-pass-reset.work,1
"Congratulations! You won Rs 50,00,000 lottery from KBC / RBI. Claim your reward immediately by clicking http://claim-prize-bonus.top",1
Income Tax Refund of Rs 31260 approved. Update bank account details now at http://192.168.1.10/refund/login to receive funds.,1
HDFC Alert: Your NetBanking password expired. Reset password immediately to avoid transaction block: http://hdfc-pass-reset.work,1
Income Tax Refund of Rs 48959 approved. Update bank account details now at http://192.168.1.10/refund/login to receive funds.,1
Your electricity bill of Rs 1689 is due on 25th Oct. Pay via official app.,0
Your subscription to Prime has renewed. Receipt sent to your registered email.,0
"Dear user, your SIM card will be deactivated in 24 hours. Update Aadhaar details urgently: http://sim-kyc-verify-portal.club",1
Salary for the month has been processed and credited to your account XX46.,0
Income Tax Refund of Rs 16438 approved. Update bank account details now at http://192.168.1.10/refund/login to receive funds.,1
Your statement for card ending XX15 is now ready to view on netbanking.,0
Income Tax Refund of Rs 28922 approved. Update bank account details now at http://192.168.1.10/refund/login to receive funds.,1
Salary for the month has been processed and credited to your account XX80.,0
Your electricity bill of Rs 830 is due on 25th Oct. Pay via official app.,0
"Dear customer, loan of Rs 5,00,000 pre-approved with zero interest. Click http://instant-loan-approval.xyz to disburse.",1
"Dear customer, loan of Rs 5,00,000 pre-approved with zero interest. Click http://instant-loan-approval.xyz to disburse.",1
Your flight ticket to Bengaluru is confirmed. PNR: PNR8378.,0
"Dear user, your SIM card will be deactivated in 24 hours. Update Aadhaar details urgently: http://sim-kyc-verify-portal.club",1
Welcome to our service. Your order #65023 has been shipped via BlueDart.,0
Your statement for card ending XX30 is now ready to view on netbanking.,0
Your subscription to Prime has renewed. Receipt sent to your registered email.,0
"SBI Notice: Unauthorized login from Lagos. If not you, secure account immediately at http://sbi-secure-portal.monster",1
"Dear customer, loan of Rs 5,00,000 pre-approved with zero interest. Click http://instant-loan-approval.xyz to disburse.",1
Your flight ticket to Bengaluru is confirmed. PNR: PNR9906.,0
"Dear customer, loan of Rs 5,00,000 pre-approved with zero interest. Click http://instant-loan-approval.xyz to disburse.",1
"Dear Customer, your ICICI Bank account is suspended today due to pending KYC. Click http://bit.ly/bank-kyc-verify to update PAN immediately or account will be blocked.",1
Reminder: Doctor appointment scheduled for tomorrow at 10:00 AM.,0
Income Tax Refund of Rs 91812 approved. Update bank account details now at http://192.168.1.10/refund/login to receive funds.,1
Your subscription to Prime has renewed. Receipt sent to your registered email.,0
"Congratulations! You won Rs 50,00,000 lottery from KBC / RBI. Claim your reward immediately by clicking http://claim-prize-bonus.top",1
Your flight ticket to Bengaluru is confirmed. PNR: PNR6488.,0
Welcome to our service. Your order #78347 has been shipped via BlueDart.,0
Salary for the month has been processed and credited to your account XX61.,0
Your flight ticket to Bengaluru is confirmed. PNR: PNR2083.,0
HDFC Alert: Your NetBanking password expired. Reset password immediately to avoid transaction block: http://hdfc-pass-reset.work,1
"URGENT: Suspicious transaction of Rs 79493 detected on your account. If not you, cancel immediately at http://secure-bank-cancel-auth.xyz",1
"URGENT: Suspicious transaction of Rs 86925 detected on your account. If not you, cancel immediately at http://secure-bank-cancel-auth.xyz",1
Your OTP for payment of Rs 1147 is 701344. Do not share this OTP with anyone.,0
Salary for the month has been processed and credited to your account XX83.,0
"Dear user, your SIM card will be deactivated in 24 hours. Update Aadhaar details urgently: http://sim-kyc-verify-portal.club",1
"Dear customer, loan of Rs 5,00,000 pre-approved with zero interest. Click http://instant-loan-approval.xyz to disburse.",1
Your electricity bill of Rs 1314 is due on 25th Oct. Pay via official app.,0
Your OTP for payment of Rs 4316 is 807424. Do not share this OTP with anyone.,0
Your electricity connection will be disconnected tonight at 9:30 PM. Call bill officer at 9876543210 or pay at http://elec-bill-pay.link,1
Welcome to our service. Your order #76207 has been shipped via BlueDart.,0
Reminder: Doctor appointment scheduled for tomorrow at 10:00 AM.,0
"Congratulations! You won Rs 50,00,000 lottery from KBC / RBI. Claim your reward immediately by clicking http://claim-prize-bonus.top",1
Your statement for card ending XX38 is now ready to view on netbanking.,0
Income Tax Refund of Rs 42529 approved. Update bank account details now at http://192.168.1.10/refund/login to receive funds.,1
Your flight ticket to Bengaluru is confirmed. PNR: PNR3455.,0
Your flight ticket to Bengaluru is confirmed. PNR: PNR5896.,0
Your OTP for payment of Rs 2528 is 783176. Do not share this OTP with anyone.,0
Your flight ticket to Bengaluru is confirmed. PNR: PNR1953.,0
Salary for the month has been processed and credited to your account XX55.,0
"Dear customer, Rs 3568 credited to your account XX56 via NEFT from Employer Ltd.",0
Reminder: Doctor appointment scheduled for tomorrow at 10:00 AM.,0
"URGENT: Suspicious transaction of Rs 41777 detected on your account. If not you, cancel immediately at http://secure-bank-cancel-auth.xyz",1
Income Tax Refund of Rs 59688 approved. Update bank account details now at http://192.168.1.10/refund/login to receive funds.,1
Thank you for dining with us! Here is your e-receipt for Rs 4451.,0
"Congratulations! You won Rs 50,00,000 lottery from KBC / RBI. Claim your reward immediately by clicking http://claim-prize-bonus.top",1
Your electricity connection will be disconnected tonight at 9:30 PM. Call bill officer at 9876543210 or pay at http://elec-bill-pay.link,1
"Dear Customer, your Kotak Bank account is suspended today due to pending KYC. Click http://bit.ly/bank-kyc-verify to update PAN immediately or account will be blocked.",1
Your flight ticket to Bengaluru is confirmed. PNR: PNR8506.,0
"SBI Notice: Unauthorized login from Lagos. If not you, secure account immediately at http://sbi-secure-portal.monster",1
"URGENT: Suspicious transaction of Rs 19356 detected on your account. If not you, cancel immediately at http://secure-bank-cancel-auth.xyz",1
"Dear Customer, your SBI account is suspended today due to pending KYC. Click http://bit.ly/bank-kyc-verify to update PAN immediately or account will be blocked.",1
Your electricity connection will be disconnected tonight at 9:30 PM. Call bill officer at 9876543210 or pay at http://elec-bill-pay.link,1
Thank you for dining with us! Here is your e-receipt for Rs 263.,0
Your subscription to Prime has renewed. Receipt sent to your registered email.,0
Your statement for card ending XX12 is now ready to view on netbanking.,0
"SBI Notice: Unauthorized login from Lagos. If not you, secure account immediately at http://sbi-secure-portal.monster",1
Thank you for dining with us! Here is your e-receipt for Rs 3116.,0
"Congratulations! You won Rs 50,00,000 lottery from KBC / RBI. Claim your reward immediately by clicking http://claim-prize-bonus.top",1
Thank you for dining with us! Here is your e-receipt for Rs 3475.,0
Thank you for dining with us! Here is your e-receipt for Rs 2699.,0
Your statement for card ending XX42 is now ready to view on netbanking.,0
Reminder: Doctor appointment scheduled for tomorrow at 10:00 AM.,0
"URGENT: Suspicious transaction of Rs 77910 detected on your account. If not you, cancel immediately at http://secure-bank-cancel-auth.xyz",1
"Dear customer, Rs 2759 credited to your account XX71 via NEFT from Employer Ltd.",0
"SBI Notice: Unauthorized login from Lagos. If not you, secure account immediately at http://sbi-secure-portal.monster",1
Your OTP for payment of Rs 4923 is 229204. Do not share this OTP with anyone.,0
Your electricity connection will be disconnected tonight at 9:30 PM. Call bill officer at 9876543210 or pay at http://elec-bill-pay.link,1
"URGENT: Suspicious transaction of Rs 16317 detected on your account. If not you, cancel immediately at http://secure-bank-cancel-auth.xyz",1
Your electricity connection will be disconnected tonight at 9:30 PM. Call bill officer at 9876543210 or pay at http://elec-bill-pay.link,1
"Dear customer, loan of Rs 5,00,000 pre-approved with zero interest. Click http://instant-loan-approval.xyz to disburse.",1
Your electricity bill of Rs 976 is due on 25th Oct. Pay via official app.,0
"Dear Customer, your Axis Bank account is suspended today due to pending KYC. Click http://bit.ly/bank-kyc-verify to update PAN immediately or account will be blocked.",1
Your flight ticket to Bengaluru is confirmed. PNR: PNR4812.,0
Your flight ticket to Bengaluru is confirmed. PNR: PNR9730.,0
Your electricity connection will be disconnected tonight at 9:30 PM. Call bill officer at 9876543210 or pay at http://elec-bill-pay.link,1
"SBI Notice: Unauthorized login from Lagos. If not you, secure account immediately at http://sbi-secure-portal.monster",1
Reminder: Doctor appointment scheduled for tomorrow at 10:00 AM.,0
Your OTP for payment of Rs 404 is 419149. Do not share this OTP with anyone.,0
Reminder: Doctor appointment scheduled for tomorrow at 10:00 AM.,0
Income Tax Refund of Rs 89863 approved. Update bank account details now at http://192.168.1.10/refund/login to receive funds.,1
Your OTP for payment of Rs 665 is 595002. Do not share this OTP with anyone.,0
HDFC Alert: Your NetBanking password expired. Reset password immediately to avoid transaction block: http://hdfc-pass-reset.work,1
"Dear Customer, your HDFC Bank account is suspended today due to pending KYC. Click http://bit.ly/bank-kyc-verify to update PAN immediately or account will be blocked.",1
Income Tax Refund of Rs 41683 approved. Update bank account details now at http://192.168.1.10/refund/login to receive funds.,1
"URGENT: Suspicious transaction of Rs 80437 detected on your account. If not you, cancel immediately at http://secure-bank-cancel-auth.xyz",1
Your flight ticket to Bengaluru is confirmed. PNR: PNR4300.,0
Welcome to our service. Your order #78107 has been shipped via BlueDart.,0
Your electricity connection will be disconnected tonight at 9:30 PM. Call bill officer at 9876543210 or pay at http://elec-bill-pay.link,1
Thank you for dining with us! Here is your e-receipt for Rs 3164.,0
Salary for the month has been processed and credited to your account XX80.,0
"Dear customer, loan of Rs 5,00,000 pre-approved with zero interest. Click http://instant-loan-approval.xyz to disburse.",1
"Dear user, your SIM card will be deactivated in 24 hours. Update Aadhaar details urgently: http://sim-kyc-verify-portal.club",1
"Dear customer, your credit card points worth Rs 42769 are expiring today. Redeem for cash voucher now: http://reward-redeem-bank.click",1
"Dear user, your SIM card will be deactivated in 24 hours. Update Aadhaar details urgently: http://sim-kyc-verify-portal.club",1
Your statement for card ending XX88 is now ready to view on netbanking.,0
HDFC Alert: Your NetBanking password expired. Reset password immediately to avoid transaction block: http://hdfc-pass-reset.work,1
Thank you for dining with us! Here is your e-receipt for Rs 3261.,0
Income Tax Refund of Rs 54438 approved. Update bank account details now at http://192.168.1.10/refund/login to receive funds.,1
Your OTP for payment of Rs 1748 is 823535. Do not share this OTP with anyone.,0
HDFC Alert: Your NetBanking password expired. Reset password immediately to avoid transaction block: http://hdfc-pass-reset.work,1
Your OTP for payment of Rs 3952 is 372864. Do not share this OTP with anyone.,0
"Congratulations! You won Rs 50,00,000 lottery from KBC / RBI. Claim your reward immediately by clicking http://claim-prize-bonus.top",1
"SBI Notice: Unauthorized login from Lagos. If not you, secure account immediately at http://sbi-secure-portal.monster",1
Thank you for dining with us! Here is your e-receipt for Rs 1587.,0
Your electricity bill of Rs 2853 is due on 25th Oct. Pay via official app.,0
Income Tax Refund of Rs 91373 approved. Update bank account details now at http://192.168.1.10/refund/login to receive funds.,1
"Dear customer, Rs 514 credited to your account XX59 via NEFT from Employer Ltd.",0
Salary for the month has been processed and credited to your account XX22.,0
"SBI Notice: Unauthorized login from Lagos. If not you, secure account immediately at http://sbi-secure-portal.monster",1
"Dear Customer, your SBI account is suspended today due to pending KYC. Click http://bit.ly/bank-kyc-verify to update PAN immediately or account will be blocked.",1
"Dear customer, Rs 3418 credited to your account XX51 via NEFT from Employer Ltd.",0
"URGENT: Suspicious transaction of Rs 24552 detected on your account. If not you, cancel immediately at http://secure-bank-cancel-auth.xyz",1
"Congratulations! You won Rs 50,00,000 lottery from KBC / RBI. Claim your reward immediately by clicking http://claim-prize-bonus.top",1
"Dear customer, loan of Rs 5,00,000 pre-approved with zero interest. Click http://instant-loan-approval.xyz to disburse.",1
"Dear Customer, your ICICI Bank account is suspended today due to pending KYC. Click http://bit.ly/bank-kyc-verify to update PAN immediately or account will be blocked.",1
Thank you for dining with us! Here is your e-receipt for Rs 3959.,0
"Congratulations! You won Rs 50,00,000 lottery from KBC / RBI. Claim your reward immediately by clicking http://claim-prize-bonus.top",1
Salary for the month has been processed and credited to your account XX16.,0
"Congratulations! You won Rs 50,00,000 lottery from KBC / RBI. Claim your reward immediately by clicking http://claim-prize-bonus.top",1
"Dear customer, Rs 3030 credited to your account XX23 via NEFT from Employer Ltd.",0
"Dear Customer, your Axis Bank account is suspended today due to pending KYC. Click http://bit.ly/bank-kyc-verify to update PAN immediately or account will be blocked.",1
"Dear user, your SIM card will be deactivated in 24 hours. Update Aadhaar details urgently: http://sim-kyc-verify-portal.club",1
Thank you for dining with us! Here is your e-receipt for Rs 4118.,0
Your flight ticket to Bengaluru is confirmed. PNR: PNR9673.,0
"Dear Customer, your HDFC Bank account is suspended today due to pending KYC. Click http://bit.ly/bank-kyc-verify to update PAN immediately or account will be blocked.",1
"Congratulations! You won Rs 50,00,000 lottery from KBC / RBI. Claim your reward immediately by clicking http://claim-prize-bonus.top",1
Welcome to our service. Your order #71814 has been shipped via BlueDart.,0
"SBI Notice: Unauthorized login from Lagos. If not you, secure account immediately at http://sbi-secure-portal.monster",1
"Dear customer, your credit card points worth Rs 41986 are expiring today. Redeem for cash voucher now: http://reward-redeem-bank.click",1
Your electricity connection will be disconnected tonight at 9:30 PM. Call bill officer at 9876543210 or pay at http://elec-bill-pay.link,1
"SBI Notice: Unauthorized login from Lagos. If not you, secure account immediately at http://sbi-secure-portal.monster",1
Reminder: Doctor appointment scheduled for tomorrow at 10:00 AM.,0
"Dear user, your SIM card will be deactivated in 24 hours. Update Aadhaar details urgently: http://sim-kyc-verify-portal.club",1
Your flight ticket to Bengaluru is confirmed. PNR: PNR6542.,0
HDFC Alert: Your NetBanking password expired. Reset password immediately to avoid transaction block: http://hdfc-pass-reset.work,1
Reminder: Doctor appointment scheduled for tomorrow at 10:00 AM.,0
Your flight ticket to Bengaluru is confirmed. PNR: PNR8901.,0
HDFC Alert: Your NetBanking password expired. Reset password immediately to avoid transaction block: http://hdfc-pass-reset.work,1
Your subscription to Prime has renewed. Receipt sent to your registered email.,0
HDFC Alert: Your NetBanking password expired. Reset password immediately to avoid transaction block: http://hdfc-pass-reset.work,1
"URGENT: Suspicious transaction of Rs 24443 detected on your account. If not you, cancel immediately at http://secure-bank-cancel-auth.xyz",1
"Dear user, your SIM card will be deactivated in 24 hours. Update Aadhaar details urgently: http://sim-kyc-verify-portal.club",1
Your subscription to Prime has renewed. Receipt sent to your registered email.,0
Your subscription to Prime has renewed. Receipt sent to your registered email.,0
HDFC Alert: Your NetBanking password expired. Reset password immediately to avoid transaction block: http://hdfc-pass-reset.work,1
Your flight ticket to Bengaluru is confirmed. PNR: PNR8852.,0
Income Tax Refund of Rs 91981 approved. Update bank account details now at http://192.168.1.10/refund/login to receive funds.,1
Your electricity connection will be disconnected tonight at 9:30 PM. Call bill officer at 9876543210 or pay at http://elec-bill-pay.link,1
Your flight ticket to Bengaluru is confirmed. PNR: PNR9182.,0
"Dear customer, your credit card points worth Rs 44235 are expiring today. Redeem for cash voucher now: http://reward-redeem-bank.click",1
Income Tax Refund of Rs 18873 approved. Update bank account details now at http://192.168.1.10/refund/login to receive funds.,1
Welcome to our service. Your order #24790 has been shipped via BlueDart.,0
"SBI Notice: Unauthorized login from Lagos. If not you, secure account immediately at http://sbi-secure-portal.monster",1
"URGENT: Suspicious transaction of Rs 81445 detected on your account. If not you, cancel immediately at http://secure-bank-cancel-auth.xyz",1
"Dear Customer, your Axis Bank account is suspended today due to pending KYC. Click http://bit.ly/bank-kyc-verify to update PAN immediately or account will be blocked.",1
"Dear customer, your credit card points worth Rs 87105 are expiring today. Redeem for cash voucher now: http://reward-redeem-bank.click",1
"Dear customer, your credit card points worth Rs 89728 are expiring today. Redeem for cash voucher now: http://reward-redeem-bank.click",1
"SBI Notice: Unauthorized login from Lagos. If not you, secure account immediately at http://sbi-secure-portal.monster",1
Reminder: Doctor appointment scheduled for tomorrow at 10:00 AM.,0
Welcome to our service. Your order #78321 has been shipped via BlueDart.,0
Your electricity connection will be disconnected tonight at 9:30 PM. Call bill officer at 9876543210 or pay at http://elec-bill-pay.link,1
Your electricity bill of Rs 4657 is due on 25th Oct. Pay via official app.,0
"URGENT: Suspicious transaction of Rs 24669 detected on your account. If not you, cancel immediately at http://secure-bank-cancel-auth.xyz",1
Your subscription to Prime has renewed. Receipt sent to your registered email.,0
"Dear customer, loan of Rs 5,00,000 pre-approved with zero interest. Click http://instant-loan-approval.xyz to disburse.",1
"Dear customer, Rs 1417 credited to your account XX62 via NEFT from Employer Ltd.",0
Your electricity bill of Rs 1456 is due on 25th Oct. Pay via official app.,0
Your flight ticket to Bengaluru is confirmed. PNR: PNR1897.,0
"Dear Customer, your HDFC Bank account is suspended today due to pending KYC. Click http://bit.ly/bank-kyc-verify to update PAN immediately or account will be blocked.",1
"Congratulations! You won Rs 50,00,000 lottery from KBC / RBI. Claim your reward immediately by clicking http://claim-prize-bonus.top",1
Reminder: Doctor appointment scheduled for tomorrow at 10:00 AM.,0
Salary for the month has been processed and credited to your account XX47.,0
Salary for the month has been processed and credited to your account XX90.,0
"Congratulations! You won Rs 50,00,000 lottery from KBC / RBI. Claim your reward immediately by clicking http://claim-prize-bonus.top",1
Your flight ticket to Bengaluru is confirmed. PNR: PNR4938.,0
"SBI Notice: Unauthorized login from Lagos. If not you, secure account immediately at http://sbi-secure-portal.monster",1
Your OTP for payment of Rs 3101 is 331444. Do not share this OTP with anyone.,0
"Dear customer, Rs 252 credited to your account XX74 via NEFT from Employer Ltd.",0
Your statement for card ending XX47 is now ready to view on netbanking.,0
Welcome to our service. Your order #62692 has been shipped via BlueDart.,0
Income Tax Refund of Rs 42936 approved. Update bank account details now at http://192.168.1.10/refund/login to receive funds.,1
"URGENT: Suspicious transaction of Rs 89304 detected on your account. If not you, cancel immediately at http://secure-bank-cancel-auth.xyz",1
Your OTP for payment of Rs 4058 is 791309. Do not share this OTP with anyone.,0
Welcome to our service. Your order #30188 has been shipped via BlueDart.,0
"Dear customer, Rs 184 credited to your account XX27 via NEFT from Employer Ltd.",0
Salary for the month has been processed and credited to your account XX74.,0
"SBI Notice: Unauthorized login from Lagos. If not you, secure account immediately at http://sbi-secure-portal.monster",1
"Dear Customer, your Axis Bank account is suspended today due to pending KYC. Click http://bit.ly/bank-kyc-verify to update PAN immediately or account will be blocked.",1
Your OTP for payment of Rs 4913 is 647945. Do not share this OTP with anyone.,0
Income Tax Refund of Rs 74475 approved. Update bank account details now at http://192.168.1.10/refund/login to receive funds.,1
HDFC Alert: Your NetBanking password expired. Reset password immediately to avoid transaction block: http://hdfc-pass-reset.work,1
"Dear customer, Rs 3465 credited to your account XX95 via NEFT from Employer Ltd.",0
"Dear user, your SIM card will be deactivated in 24 hours. Update Aadhaar details urgently: http://sim-kyc-verify-portal.club",1
Thank you for dining with us! Here is your e-receipt for Rs 2452.,0
Income Tax Refund of Rs 53774 approved. Update bank account details now at http://192.168.1.10/refund/login to receive funds.,1
"Dear customer, Rs 2440 credited to your account XX44 via NEFT from Employer Ltd.",0
Reminder: Doctor appointment scheduled for tomorrow at 10:00 AM.,0
Your subscription to Prime has renewed. Receipt sent to your registered email.,0
"Dear user, your SIM card will be deactivated in 24 hours. Update Aadhaar details urgently: http://sim-kyc-verify-portal.club",1
Your flight ticket to Bengaluru is confirmed. PNR: PNR8474.,0
"Dear customer, Rs 3916 credited to your account XX76 via NEFT from Employer Ltd.",0
Your subscription to Prime has renewed. Receipt sent to your registered email.,0
"Dear customer, Rs 1768 credited to your account XX33 via NEFT from Employer Ltd.",0
"Dear customer, loan of Rs 5,00,000 pre-approved with zero interest. Click http://instant-loan-approval.xyz to disburse.",1
Your statement for card ending XX48 is now ready to view on netbanking.,0
HDFC Alert: Your NetBanking password expired. Reset password immediately to avoid transaction block: http://hdfc-pass-reset.work,1
"SBI Notice: Unauthorized login from Lagos. If not you, secure account immediately at http://sbi-secure-portal.monster",1
Income Tax Refund of Rs 23965 approved. Update bank account details now at http://192.168.1.10/refund/login to receive funds.,1
Welcome to our service. Your order #63841 has been shipped via BlueDart.,0
"SBI Notice: Unauthorized login from Lagos. If not you, secure account immediately at http://sbi-secure-portal.monster",1
Salary for the month has been processed and credited to your account XX71.,0
"Dear customer, Rs 2830 credited to your account XX60 via NEFT from Employer Ltd.",0
"Dear customer, loan of Rs 5,00,000 pre-approved with zero interest. Click http://instant-loan-approval.xyz to disburse.",1
Reminder: Doctor appointment scheduled for tomorrow at 10:00 AM.,0
"URGENT: Suspicious transaction of Rs 34844 detected on your account. If not you, cancel immediately at http://secure-bank-cancel-auth.xyz",1
Welcome to our service. Your order #32391 has been shipped via BlueDart.,0
Your subscription to Prime has renewed. Receipt sent to your registered email.,0
"Dear customer, your credit card points worth Rs 92635 are expiring today. Redeem for cash voucher now: http://reward-redeem-bank.click",1
Your flight ticket to Bengaluru is confirmed. PNR: PNR8028.,0
Your flight ticket to Bengaluru is confirmed. PNR: PNR5033.,0
"Dear customer, loan of Rs 5,00,000 pre-approved with zero interest. Click http://instant-loan-approval.xyz to disburse.",1
Thank you for dining with us! Here is your e-receipt for Rs 2781.,0
"URGENT: Suspicious transaction of Rs 85866 detected on your account. If not you, cancel immediately at http://secure-bank-cancel-auth.xyz",1
"Dear customer, your credit card points worth Rs 75461 are expiring today. Redeem for cash voucher now: http://reward-redeem-bank.click",1
Your OTP for payment of Rs 204 is 804258. Do not share this OTP with anyone.,0
Your electricity connection will be disconnected tonight at 9:30 PM. Call bill officer at 9876543210 or pay at http://elec-bill-pay.link,1
"Dear customer, your credit card points worth Rs 28278 are expiring today. Redeem for cash voucher now: http://reward-redeem-bank.click",1
HDFC Alert: Your NetBanking password expired. Reset password immediately to avoid transaction block: http://hdfc-pass-reset.work,1
"Dear Customer, your SBI account is suspended today due to pending KYC. Click http://bit.ly/bank-kyc-verify to update PAN immediately or account will be blocked.",1
"Dear customer, loan of Rs 5,00,000 pre-approved with zero interest. Click http://instant-loan-approval.xyz to disburse.",1
Your electricity bill of Rs 608 is due on 25th Oct. Pay via official app.,0
"Dear customer, your credit card points worth Rs 56465 are expiring today. Redeem for cash voucher now: http://reward-redeem-bank.click",1
Your electricity bill of Rs 4652 is due on 25th Oct. Pay via official app.,0
Your electricity bill of Rs 3131 is due on 25th Oct. Pay via official app.,0
"Dear customer, Rs 2153 credited to your account XX35 via NEFT from Employer Ltd.",0
Thank you for dining with us! Here is your e-receipt for Rs 515.,0
"Dear user, your SIM card will be deactivated in 24 hours. Update Aadhaar details urgently: http://sim-kyc-verify-portal.club",1
Your flight ticket to Bengaluru is confirmed. PNR: PNR7266.,0
Your electricity bill of Rs 2580 is due on 25th Oct. Pay via official app.,0
"Dear customer, Rs 2800 credited to your account XX81 via NEFT from Employer Ltd.",0
"Congratulations! You won Rs 50,00,000 lottery from KBC / RBI. Claim your reward immediately by clicking http://claim-prize-bonus.top",1
Your electricity connection will be disconnected tonight at 9:30 PM. Call bill officer at 9876543210 or pay at http://elec-bill-pay.link,1
Your statement for card ending XX19 is now ready to view on netbanking.,0
Thank you for dining with us! Here is your e-receipt for Rs 4474.,0
Salary for the month has been processed and credited to your account XX35.,0
Your electricity connection will be disconnected tonight at 9:30 PM. Call bill officer at 9876543210 or pay at http://elec-bill-pay.link,1
"Dear Customer, your ICICI Bank account is suspended today due to pending KYC. Click http://bit.ly/bank-kyc-verify to update PAN immediately or account will be blocked.",1
"Congratulations! You won Rs 50,00,000 lottery from KBC / RBI. Claim your reward immediately by clicking http://claim-prize-bonus.top",1
"Dear customer, loan of Rs 5,00,000 pre-approved with zero interest. Click http://instant-loan-approval.xyz to disburse.",1
"Dear customer, your credit card points worth Rs 36002 are expiring today. Redeem for cash voucher now: http://reward-redeem-bank.click",1
Thank you for dining with us! Here is your e-receipt for Rs 2006.,0
"Dear customer, Rs 1641 credited to your account XX85 via NEFT from Employer Ltd.",0
Your OTP for payment of Rs 1920 is 237064. Do not share this OTP with anyone.,0
Reminder: Doctor appointment scheduled for tomorrow at 10:00 AM.,0
"Dear customer, loan of Rs 5,00,000 pre-approved with zero interest. Click http://instant-loan-approval.xyz to disburse.",1
"Dear Customer, your Axis Bank account is suspended today due to pending KYC. Click http://bit.ly/bank-kyc-verify to update PAN immediately or account will be blocked.",1
Your OTP for payment of Rs 3670 is 251981. Do not share this OTP with anyone.,0
"Dear user, your SIM card will be deactivated in 24 hours. Update Aadhaar details urgently: http://sim-kyc-verify-portal.club",1
"Dear customer, your credit card points worth Rs 61890 are expiring today. Redeem for cash voucher now: http://reward-redeem-bank.click",1
Your statement for card ending XX19 is now ready to view on netbanking.,0
"Dear customer, loan of Rs 5,00,000 pre-approved with zero interest. Click http://instant-loan-approval.xyz to disburse.",1
"Congratulations! You won Rs 50,00,000 lottery from KBC / RBI. Claim your reward immediately by clicking http://claim-prize-bonus.top",1
"Dear customer, Rs 4446 credited to your account XX34 via NEFT from Employer Ltd.",0
Your OTP for payment of Rs 1754 is 267099. Do not share this OTP with anyone.,0
HDFC Alert: Your NetBanking password expired. Reset password immediately to avoid transaction block: http://hdfc-pass-reset.work,1
"Dear customer, loan of Rs 5,00,000 pre-approved with zero interest. Click http://instant-loan-approval.xyz to disburse.",1
Thank you for dining with us! Here is your e-receipt for Rs 697.,0
Your subscription to Prime has renewed. Receipt sent to your registered email.,0
Thank you for dining with us! Here is your e-receipt for Rs 3119.,0
Salary for the month has been processed and credited to your account XX51.,0
"URGENT: Suspicious transaction of Rs 91640 detected on your account. If not you, cancel immediately at http://secure-bank-cancel-auth.xyz",1
"Dear user, your SIM card will be deactivated in 24 hours. Update Aadhaar details urgently: http://sim-kyc-verify-portal.club",1
Reminder: Doctor appointment scheduled for tomorrow at 10:00 AM.,0
"Dear customer, Rs 2769 credited to your account XX93 via NEFT from Employer Ltd.",0
Income Tax Refund of Rs 22678 approved. Update bank account details now at http://192.168.1.10/refund/login to receive funds.,1
Your electricity connection will be disconnected tonight at 9:30 PM. Call bill officer at 9876543210 or pay at http://elec-bill-pay.link,1
Salary for the month has been processed and credited to your account XX19.,0
Your electricity connection will be disconnected tonight at 9:30 PM. Call bill officer at 9876543210 or pay at http://elec-bill-pay.link,1
"Dear customer, Rs 886 credited to your account XX78 via NEFT from Employer Ltd.",0
HDFC Alert: Your NetBanking password expired. Reset password immediately to avoid transaction block: http://hdfc-pass-reset.work,1
Your OTP for payment of Rs 166 is 829386. Do not share this OTP with anyone.,0
"Dear customer, loan of Rs 5,00,000 pre-approved with zero interest. Click http://instant-loan-approval.xyz to disburse.",1
"Dear customer, Rs 4116 credited to your account XX66 via NEFT from Employer Ltd.",0
"Dear Customer, your ICICI Bank account is suspended today due to pending KYC. Click http://bit.ly/bank-kyc-verify to update PAN immediately or account will be blocked.",1
"Congratulations! You won Rs 50,00,000 lottery from KBC / RBI. Claim your reward immediately by clicking http://claim-prize-bonus.top",1
Income Tax Refund of Rs 84349 approved. Update bank account details now at http://192.168.1.10/refund/login to receive funds.,1
Thank you for dining with us! Here is your e-receipt for Rs 4138.,0
Your flight ticket to Bengaluru is confirmed. PNR: PNR4409.,0
Salary for the month has been processed and credited to your account XX93.,0
"URGENT: Suspicious transaction of Rs 80392 detected on your account. If not you, cancel immediately at http://secure-bank-cancel-auth.xyz",1
Your subscription to Prime has renewed. Receipt sent to your registered email.,0
Salary for the month has been processed and credited to your account XX86.,0
Your subscription to Prime has renewed. Receipt sent to your registered email.,0
Salary for the month has been processed and credited to your account XX61.,0
Reminder: Doctor appointment scheduled for tomorrow at 10:00 AM.,0
Your electricity bill of Rs 442 is due on 25th Oct. Pay via official app.,0
"Dear Customer, your Kotak Bank account is suspended today due to pending KYC. Click http://bit.ly/bank-kyc-verify to update PAN immediately or account will be blocked.",1
"SBI Notice: Unauthorized login from Lagos. If not you, secure account immediately at http://sbi-secure-portal.monster",1
"SBI Notice: Unauthorized login from Lagos. If not you, secure account immediately at http://sbi-secure-portal.monster",1
"Dear user, your SIM card will be deactivated in 24 hours. Update Aadhaar details urgently: http://sim-kyc-verify-portal.club",1
"Dear user, your SIM card will be deactivated in 24 hours. Update Aadhaar details urgently: http://sim-kyc-verify-portal.club",1
"Dear user, your SIM card will be deactivated in 24 hours. Update Aadhaar details urgently: http://sim-kyc-verify-portal.club",1
"URGENT: Suspicious transaction of Rs 93525 detected on your account. If not you, cancel immediately at http://secure-bank-cancel-auth.xyz",1
"Dear customer, Rs 2250 credited to your account XX29 via NEFT from Employer Ltd.",0
Reminder: Doctor appointment scheduled for tomorrow at 10:00 AM.,0
"Dear customer, your credit card points worth Rs 56102 are expiring today. Redeem for cash voucher now: http://reward-redeem-bank.click",1
Reminder: Doctor appointment scheduled for tomorrow at 10:00 AM.,0
"URGENT: Suspicious transaction of Rs 64355 detected on your account. If not you, cancel immediately at http://secure-bank-cancel-auth.xyz",1
Your statement for card ending XX77 is now ready to view on netbanking.,0
Your electricity connection will be disconnected tonight at 9:30 PM. Call bill officer at 9876543210 or pay at http://elec-bill-pay.link,1
"Congratulations! You won Rs 50,00,000 lottery from KBC / RBI. Claim your reward immediately by clicking http://claim-prize-bonus.top",1
"URGENT: Suspicious transaction of Rs 84006 detected on your account. If not you, cancel immediately at http://secure-bank-cancel-auth.xyz",1
"Congratulations! You won Rs 50,00,000 lottery from KBC / RBI. Claim your reward immediately by clicking http://claim-prize-bonus.top",1
Welcome to our service. Your order #13631 has been shipped via BlueDart.,0
Salary for the month has been processed and credited to your account XX94.,0
Thank you for dining with us! Here is your e-receipt for Rs 3749.,0
Income Tax Refund of Rs 21166 approved. Update bank account details now at http://192.168.1.10/refund/login to receive funds.,1
HDFC Alert: Your NetBanking password expired. Reset password immediately to avoid transaction block: http://hdfc-pass-reset.work,1
HDFC Alert: Your NetBanking password expired. Reset password immediately to avoid transaction block: http://hdfc-pass-reset.work,1
Income Tax Refund of Rs 33894 approved. Update bank account details now at http://192.168.1.10/refund/login to receive funds.,1
Reminder: Doctor appointment scheduled for tomorrow at 10:00 AM.,0
Your statement for card ending XX50 is now ready to view on netbanking.,0
Reminder: Doctor appointment scheduled for tomorrow at 10:00 AM.,0
Your flight ticket to Bengaluru is confirmed. PNR: PNR5625.,0
Your electricity connection will be disconnected tonight at 9:30 PM. Call bill officer at 9876543210 or pay at http://elec-bill-pay.link,1
Your flight ticket to Bengaluru is confirmed. PNR: PNR9276.,0
"Dear customer, your credit card points worth Rs 60242 are expiring today. Redeem for cash voucher now: http://reward-redeem-bank.click",1
"Dear Customer, your SBI account is suspended today due to pending KYC. Click http://bit.ly/bank-kyc-verify to update PAN immediately or account will be blocked.",1
Your electricity connection will be disconnected tonight at 9:30 PM. Call bill officer at 9876543210 or pay at http://elec-bill-pay.link,1
Welcome to our service. Your order #70689 has been shipped via BlueDart.,0
Welcome to our service. Your order #83137 has been shipped via BlueDart.,0
Your statement for card ending XX18 is now ready to view on netbanking.,0
"URGENT: Suspicious transaction of Rs 75810 detected on your account. If not you, cancel immediately at http://secure-bank-cancel-auth.xyz",1
"Dear customer, Rs 2971 credited to your account XX23 via NEFT from Employer Ltd.",0
Thank you for dining with us! Here is your e-receipt for Rs 4423.,0
Thank you for dining with us! Here is your e-receipt for Rs 3962.,0
HDFC Alert: Your NetBanking password expired. Reset password immediately to avoid transaction block: http://hdfc-pass-reset.work,1
"Dear customer, Rs 4153 credited to your account XX92 via NEFT from Employer Ltd.",0
Reminder: Doctor appointment scheduled for tomorrow at 10:00 AM.,0
"Dear Customer, your SBI account is suspended today due to pending KYC. Click http://bit.ly/bank-kyc-verify to update PAN immediately or account will be blocked.",1
"Dear customer, your credit card points worth Rs 87562 are expiring today. Redeem for cash voucher now: http://reward-redeem-bank.click",1
Your subscription to Prime has renewed. Receipt sent to your registered email.,0
"URGENT: Suspicious transaction of Rs 87938 detected on your account. If not you, cancel immediately at http://secure-bank-cancel-auth.xyz",1
Your flight ticket to Bengaluru is confirmed. PNR: PNR3615.,0
Income Tax Refund of Rs 71815 approved. Update bank account details now at http://192.168.1.10/refund/login to receive funds.,1
Your electricity connection will be disconnected tonight at 9:30 PM. Call bill officer at 9876543210 or pay at http://elec-bill-pay.link,1
"Dear user, your SIM card will be deactivated in 24 hours. Update Aadhaar details urgently: http://sim-kyc-verify-portal.club",1
Your statement for card ending XX23 is now ready to view on netbanking.,0
HDFC Alert: Your NetBanking password expired. Reset password immediately to avoid transaction block: http://hdfc-pass-reset.work,1
Your electricity bill of Rs 904 is due on 25th Oct. Pay via official app.,0
"Dear customer, loan of Rs 5,00,000 pre-approved with zero interest. Click http://instant-loan-approval.xyz to disburse.",1
Salary for the month has been processed and credited to your account XX25.,0
Your flight ticket to Bengaluru is confirmed. PNR: PNR3444.,0
"SBI Notice: Unauthorized login from Lagos. If not you, secure account immediately at http://sbi-secure-portal.monster",1
"Dear Customer, your SBI account is suspended today due to pending KYC. Click http://bit.ly/bank-kyc-verify to update PAN immediately or account will be blocked.",1
Reminder: Doctor appointment scheduled for tomorrow at 10:00 AM.,0
"Congratulations! You won Rs 50,00,000 lottery from KBC / RBI. Claim your reward immediately by clicking http://claim-prize-bonus.top",1
Your flight ticket to Bengaluru is confirmed. PNR: PNR9494.,0
Your flight ticket to Bengaluru is confirmed. PNR: PNR5002.,0
"Dear customer, Rs 4490 credited to your account XX36 via NEFT from Employer Ltd.",0
Reminder: Doctor appointment scheduled for tomorrow at 10:00 AM.,0
"SBI Notice: Unauthorized login from Lagos. If not you, secure account immediately at http://sbi-secure-portal.monster",1
Your flight ticket to Bengaluru is confirmed. PNR: PNR4566.,0
"Dear Customer, your Kotak Bank account is suspended today due to pending KYC. Click http://bit.ly/bank-kyc-verify to update PAN immediately or account will be blocked.",1
Your subscription to Prime has renewed. Receipt sent to your registered email.,0
Your subscription to Prime has renewed. Receipt sent to your registered email.,0
"Dear customer, Rs 1919 credited to your account XX47 via NEFT from Employer Ltd.",0
Your statement for card ending XX68 is now ready to view on netbanking.,0
Your electricity bill of Rs 2667 is due on 25th Oct. Pay via official app.,0
"Dear customer, loan of Rs 5,00,000 pre-approved with zero interest. Click http://instant-loan-approval.xyz to disburse.",1
HDFC Alert: Your NetBanking password expired. Reset password immediately to avoid transaction block: http://hdfc-pass-reset.work,1
"Dear customer, your credit card points worth Rs 81043 are expiring today. Redeem for cash voucher now: http://reward-redeem-bank.click",1
Welcome to our service. Your order #10973 has been shipped via BlueDart.,0
Your OTP for payment of Rs 1897 is 703656. Do not share this OTP with anyone.,0
Your flight ticket to Bengaluru is confirmed. PNR: PNR1229.,0
"Congratulations! You won Rs 50,00,000 lottery from KBC / RBI. Claim your reward immediately by clicking http://claim-prize-bonus.top",1
"URGENT: Suspicious transaction of Rs 79828 detected on your account. If not you, cancel immediately at http://secure-bank-cancel-auth.xyz",1
Welcome to our service. Your order #88275 has been shipped via BlueDart.,0
Thank you for dining with us! Here is your e-receipt for Rs 126.,0
"Dear user, your SIM card will be deactivated in 24 hours. Update Aadhaar details urgently: http://sim-kyc-verify-portal.club",1
Your OTP for payment of Rs 2832 is 355400. Do not share this OTP with anyone.,0
"Dear customer, your credit card points worth Rs 87416 are expiring today. Redeem for cash voucher now: http://reward-redeem-bank.click",1
Your flight ticket to Bengaluru is confirmed. PNR: PNR7347.,0
"Dear customer, loan of Rs 5,00,000 pre-approved with zero interest. Click http://instant-loan-approval.xyz to disburse.",1
Thank you for dining with us! Here is your e-receipt for Rs 3869.,0
Salary for the month has been processed and credited to your account XX24.,0
"Dear customer, loan of Rs 5,00,000 pre-approved with zero interest. Click http://instant-loan-approval.xyz to disburse.",1
Your flight ticket to Bengaluru is confirmed. PNR: PNR8258.,0
"SBI Notice: Unauthorized login from Lagos. If not you, secure account immediately at http://sbi-secure-portal.monster",1
Salary for the month has been processed and credited to your account XX21.,0
Salary for the month has been processed and credited to your account XX10.,0
"Dear Customer, your SBI account is suspended today due to pending KYC. Click http://bit.ly/bank-kyc-verify to update PAN immediately or account will be blocked.",1
Income Tax Refund of Rs 79724 approved. Update bank account details now at http://192.168.1.10/refund/login to receive funds.,1
"Dear customer, your credit card points worth Rs 91148 are expiring today. Redeem for cash voucher now: http://reward-redeem-bank.click",1
"Dear user, your SIM card will be deactivated in 24 hours. Update Aadhaar details urgently: http://sim-kyc-verify-portal.club",1
Your electricity connection will be disconnected tonight at 9:30 PM. Call bill officer at 9876543210 or pay at http://elec-bill-pay.link,1
Welcome to our service. Your order #78464 has been shipped via BlueDart.,0
HDFC Alert: Your NetBanking password expired. Reset password immediately to avoid transaction block: http://hdfc-pass-reset.work,1
Your electricity bill of Rs 533 is due on 25th Oct. Pay via official app.,0
"Dear user, your SIM card will be deactivated in 24 hours. Update Aadhaar details urgently: http://sim-kyc-verify-portal.club",1
Your flight ticket to Bengaluru is confirmed. PNR: PNR7142.,0
Your subscription to Prime has renewed. Receipt sent to your registered email.,0
Welcome to our service. Your order #20494 has been shipped via BlueDart.,0
Welcome to our service. Your order #39392 has been shipped via BlueDart.,0
Salary for the month has been processed and credited to your account XX33.,0
Salary for the month has been processed and credited to your account XX40.,0
Income Tax Refund of Rs 81951 approved. Update bank account details now at http://192.168.1.10/refund/login to receive funds.,1
"Dear customer, your credit card points worth Rs 63908 are expiring today. Redeem for cash voucher now: http://reward-redeem-bank.click",1
Your OTP for payment of Rs 890 is 920375. Do not share this OTP with anyone.,0
HDFC Alert: Your NetBanking password expired. Reset password immediately to avoid transaction block: http://hdfc-pass-reset.work,1
Your electricity connection will be disconnected tonight at 9:30 PM. Call bill officer at 9876543210 or pay at http://elec-bill-pay.link,1
Your subscription to Prime has renewed. Receipt sent to your registered email.,0
"Dear customer, your credit card points worth Rs 18666 are expiring today. Redeem for cash voucher now: http://reward-redeem-bank.click",1
"Dear customer, Rs 4172 credited to your account XX88 via NEFT from Employer Ltd.",0
Your subscription to Prime has renewed. Receipt sent to your registered email.,0
Income Tax Refund of Rs 35582 approved. Update bank account details now at http://192.168.1.10/refund/login to receive funds.,1
"Congratulations! You won Rs 50,00,000 lottery from KBC / RBI. Claim your reward immediately by clicking http://claim-prize-bonus.top",1
Welcome to our service. Your order #59595 has been shipped via BlueDart.,0
"URGENT: Suspicious transaction of Rs 25011 detected on your account. If not you, cancel immediately at http://secure-bank-cancel-auth.xyz",1
Your flight ticket to Bengaluru is confirmed. PNR: PNR3900.,0
Your statement for card ending XX92 is now ready to view on netbanking.,0
Your electricity bill of Rs 3656 is due on 25th Oct. Pay via official app.,0
"Dear user, your SIM card will be deactivated in 24 hours. Update Aadhaar details urgently: http://sim-kyc-verify-portal.club",1
"Dear customer, loan of Rs 5,00,000 pre-approved with zero interest. Click http://instant-loan-approval.xyz to disburse.",1
Thank you for dining with us! Here is your e-receipt for Rs 1544.,0
Your electricity connection will be disconnected tonight at 9:30 PM. Call bill officer at 9876543210 or pay at http://elec-bill-pay.link,1
Welcome to our service. Your order #93386 has been shipped via BlueDart.,0
"Dear customer, Rs 3242 credited to your account XX21 via NEFT from Employer Ltd.",0
"Dear customer, Rs 3165 credited to your account XX14 via NEFT from Employer Ltd.",0
Your electricity connection will be disconnected tonight at 9:30 PM. Call bill officer at 9876543210 or pay at http://elec-bill-pay.link,1
"Congratulations! You won Rs 50,00,000 lottery from KBC / RBI. Claim your reward immediately by clicking http://claim-prize-bonus.top",1
Your statement for card ending XX93 is now ready to view on netbanking.,0
Your statement for card ending XX82 is now ready to view on netbanking.,0
"Dear customer, your credit card points worth Rs 83327 are expiring today. Redeem for cash voucher now: http://reward-redeem-bank.click",1
"SBI Notice: Unauthorized login from Lagos. If not you, secure account immediately at http://sbi-secure-portal.monster",1
"Dear customer, loan of Rs 5,00,000 pre-approved with zero interest. Click http://instant-loan-approval.xyz to disburse.",1
"Dear Customer, your ICICI Bank account is suspended today due to pending KYC. Click http://bit.ly/bank-kyc-verify to update PAN immediately or account will be blocked.",1
"Congratulations! You won Rs 50,00,000 lottery from KBC / RBI. Claim your reward immediately by clicking http://claim-prize-bonus.top",1
Thank you for dining with us! Here is your e-receipt for Rs 4791.,0
Your subscription to Prime has renewed. Receipt sent to your registered email.,0
Income Tax Refund of Rs 70386 approved. Update bank account details now at http://192.168.1.10/refund/login to receive funds.,1
Your electricity connection will be disconnected tonight at 9:30 PM. Call bill officer at 9876543210 or pay at http://elec-bill-pay.link,1
Your OTP for payment of Rs 3220 is 252386. Do not share this OTP with anyone.,0
HDFC Alert: Your NetBanking password expired. Reset password immediately to avoid transaction block: http://hdfc-pass-reset.work,1
HDFC Alert: Your NetBanking password expired. Reset password immediately to avoid transaction block: http://hdfc-pass-reset.work,1
Your electricity connection will be disconnected tonight at 9:30 PM. Call bill officer at 9876543210 or pay at http://elec-bill-pay.link,1
"Dear customer, Rs 3954 credited to your account XX91 via NEFT from Employer Ltd.",0
Your electricity bill of Rs 3507 is due on 25th Oct. Pay via official app.,0
"SBI Notice: Unauthorized login from Lagos. If not you, secure account immediately at http://sbi-secure-portal.monster",1
"SBI Notice: Unauthorized login from Lagos. If not you, secure account immediately at http://sbi-secure-portal.monster",1
Thank you for dining with us! Here is your e-receipt for Rs 964.,0
Income Tax Refund of Rs 45634 approved. Update bank account details now at http://192.168.1.10/refund/login to receive funds.,1
"Dear customer, your credit card points worth Rs 39621 are expiring today. Redeem for cash voucher now: http://reward-redeem-bank.click",1
"SBI Notice: Unauthorized login from Lagos. If not you, secure account immediately at http://sbi-secure-portal.monster",1
"Dear customer, Rs 4870 credited to your account XX43 via NEFT from Employer Ltd.",0
Salary for the month has been processed and credited to your account XX67.,0
Thank you for dining with us! Here is your e-receipt for Rs 3587.,0
Your flight ticket to Bengaluru is confirmed. PNR: PNR3216.,0
"Dear customer, Rs 2979 credited to your account XX69 via NEFT from Employer Ltd.",0
"Dear Customer, your SBI account is suspended today due to pending KYC. Click http://bit.ly/bank-kyc-verify to update PAN immediately or account will be blocked.",1
Your subscription to Prime has renewed. Receipt sent to your registered email.,0
Reminder: Doctor appointment scheduled for tomorrow at 10:00 AM.,0
Salary for the month has been processed and credited to your account XX95.,0
Thank you for dining with us! Here is your e-receipt for Rs 3916.,0
"Dear user, your SIM card will be deactivated in 24 hours. Update Aadhaar details urgently: http://sim-kyc-verify-portal.club",1
"SBI Notice: Unauthorized login from Lagos. If not you, secure account immediately at http://sbi-secure-portal.monster",1
Your statement for card ending XX99 is now ready to view on netbanking.,0
"SBI Notice: Unauthorized login from Lagos. If not you, secure account immediately at http://sbi-secure-portal.monster",1
Your electricity bill of Rs 1227 is due on 25th Oct. Pay via official app.,0
Welcome to our service. Your order #37292 has been shipped via BlueDart.,0
"Dear customer, loan of Rs 5,00,000 pre-approved with zero interest. Click http://instant-loan-approval.xyz to disburse.",1
"Dear customer, Rs 491 credited to your account XX63 via NEFT from Employer Ltd.",0
Reminder: Doctor appointment scheduled for tomorrow at 10:00 AM.,0
"Dear user, your SIM card will be deactivated in 24 hours. Update Aadhaar details urgently: http://sim-kyc-verify-portal.club",1
Your electricity connection will be disconnected tonight at 9:30 PM. Call bill officer at 9876543210 or pay at http://elec-bill-pay.link,1
Thank you for dining with us! Here is your e-receipt for Rs 4106.,0
"Dear user, your SIM card will be deactivated in 24 hours. Update Aadhaar details urgently: http://sim-kyc-verify-portal.club",1
"Dear customer, Rs 4640 credited to your account XX85 via NEFT from Employer Ltd.",0
Your electricity connection will be disconnected tonight at 9:30 PM. Call bill officer at 9876543210 or pay at http://elec-bill-pay.link,1
Your OTP for payment of Rs 3468 is 202444. Do not share this OTP with anyone.,0
Your statement for card ending XX23 is now ready to view on netbanking.,0
Thank you for dining with us! Here is your e-receipt for Rs 4471.,0
"Dear customer, loan of Rs 5,00,000 pre-approved with zero interest. Click http://instant-loan-approval.xyz to disburse.",1
"URGENT: Suspicious transaction of Rs 46531 detected on your account. If not you, cancel immediately at http://secure-bank-cancel-auth.xyz",1
Salary for the month has been processed and credited to your account XX61.,0
Salary for the month has been processed and credited to your account XX46.,0
Thank you for dining with us! Here is your e-receipt for Rs 1879.,0
Your flight ticket to Bengaluru is confirmed. PNR: PNR3435.,0
"Dear customer, Rs 1054 credited to your account XX26 via NEFT from Employer Ltd.",0
Income Tax Refund of Rs 46501 approved. Update bank account details now at http://192.168.1.10/refund/login to receive funds.,1
"URGENT: Suspicious transaction of Rs 74582 detected on your account. If not you, cancel immediately at http://secure-bank-cancel-auth.xyz",1
"Dear customer, Rs 3607 credited to your account XX55 via NEFT from Employer Ltd.",0
Welcome to our service. Your order #71474 has been shipped via BlueDart.,0
Income Tax Refund of Rs 19951 approved. Update bank account details now at http://192.168.1.10/refund/login to receive funds.,1
"URGENT: Suspicious transaction of Rs 63887 detected on your account. If not you, cancel immediately at http://secure-bank-cancel-auth.xyz",1
Salary for the month has been processed and credited to your account XX39.,0
"URGENT: Suspicious transaction of Rs 26492 detected on your account. If not you, cancel immediately at http://secure-bank-cancel-auth.xyz",1
Reminder: Doctor appointment scheduled for tomorrow at 10:00 AM.,0
"URGENT: Suspicious transaction of Rs 30097 detected on your account. If not you, cancel immediately at http://secure-bank-cancel-auth.xyz",1
Your electricity connection will be disconnected tonight at 9:30 PM. Call bill officer at 9876543210 or pay at http://elec-bill-pay.link,1
"URGENT: Suspicious transaction of Rs 81341 detected on your account. If not you, cancel immediately at http://secure-bank-cancel-auth.xyz",1
"Dear Customer, your Axis Bank account is suspended today due to pending KYC. Click http://bit.ly/bank-kyc-verify to update PAN immediately or account will be blocked.",1
Your OTP for payment of Rs 3982 is 263917. Do not share this OTP with anyone.,0
"Congratulations! You won Rs 50,00,000 lottery from KBC / RBI. Claim your reward immediately by clicking http://claim-prize-bonus.top",1
Reminder: Doctor appointment scheduled for tomorrow at 10:00 AM.,0
"Dear customer, loan of Rs 5,00,000 pre-approved with zero interest. Click http://instant-loan-approval.xyz to disburse.",1
Your electricity bill of Rs 2120 is due on 25th Oct. Pay via official app.,0
HDFC Alert: Your NetBanking password expired. Reset password immediately to avoid transaction block: http://hdfc-pass-reset.work,1
Salary for the month has been processed and credited to your account XX80.,0
"Dear customer, loan of Rs 5,00,000 pre-approved with zero interest. Click http://instant-loan-approval.xyz to disburse.",1
Income Tax Refund of Rs 52401 approved. Update bank account details now at http://192.168.1.10/refund/login to receive funds.,1
Income Tax Refund of Rs 28459 approved. Update bank account details now at http://192.168.1.10/refund/login to receive funds.,1
Your statement for card ending XX43 is now ready to view on netbanking.,0
"Congratulations! You won Rs 50,00,000 lottery from KBC / RBI. Claim your reward immediately by clicking http://claim-prize-bonus.top",1
"Congratulations! You won Rs 50,00,000 lottery from KBC / RBI. Claim your reward immediately by clicking http://claim-prize-bonus.top",1
Salary for the month has been processed and credited to your account XX39.,0
Your electricity connection will be disconnected tonight at 9:30 PM. Call bill officer at 9876543210 or pay at http://elec-bill-pay.link,1
Welcome to our service. Your order #71186 has been shipped via BlueDart.,0
"Dear customer, loan of Rs 5,00,000 pre-approved with zero interest. Click http://instant-loan-approval.xyz to disburse.",1
"Dear customer, your credit card points worth Rs 71840 are expiring today. Redeem for cash voucher now: http://reward-redeem-bank.click",1
Your electricity connection will be disconnected tonight at 9:30 PM. Call bill officer at 9876543210 or pay at http://elec-bill-pay.link,1
Your OTP for payment of Rs 1117 is 643269. Do not share this OTP with anyone.,0
Reminder: Doctor appointment scheduled for tomorrow at 10:00 AM.,0
Thank you for dining with us! Here is your e-receipt for Rs 1235.,0
Income Tax Refund of Rs 16390 approved. Update bank account details now at http://192.168.1.10/refund/login to receive funds.,1
"Dear customer, loan of Rs 5,00,000 pre-approved with zero interest. Click http://instant-loan-approval.xyz to disburse.",1
"Congratulations! You won Rs 50,00,000 lottery from KBC / RBI. Claim your reward immediately by clicking http://claim-prize-bonus.top",1
"Congratulations! You won Rs 50,00,000 lottery from KBC / RBI. Claim your reward immediately by clicking http://claim-prize-bonus.top",1
"Congratulations! You won Rs 50,00,000 lottery from KBC / RBI. Claim your reward immediately by clicking http://claim-prize-bonus.top",1
Welcome to our service. Your order #98777 has been shipped via BlueDart.,0
"Dear customer, loan of Rs 5,00,000 pre-approved with zero interest. Click http://instant-loan-approval.xyz to disburse.",1
"Dear customer, Rs 2916 credited to your account XX79 via NEFT from Employer Ltd.",0
Your statement for card ending XX77 is now ready to view on netbanking.,0
Reminder: Doctor appointment scheduled for tomorrow at 10:00 AM.,0
"Dear user, your SIM card will be deactivated in 24 hours. Update Aadhaar details urgently: http://sim-kyc-verify-portal.club",1
Your subscription to Prime has renewed. Receipt sent to your registered email.,0
Your OTP for payment of Rs 1389 is 191061. Do not share this OTP with anyone.,0
"Dear customer, your credit card points worth Rs 72343 are expiring today. Redeem for cash voucher now: http://reward-redeem-bank.click",1
Your electricity bill of Rs 801 is due on 25th Oct. Pay via official app.,0
Your flight ticket to Bengaluru is confirmed. PNR: PNR9734.,0
Income Tax Refund of Rs 83733 approved. Update bank account details now at http://192.168.1.10/refund/login to receive funds.,1
Salary for the month has been processed and credited to your account XX35.,0
Your flight ticket to Bengaluru is confirmed. PNR: PNR1056.,0
Thank you for dining with us! Here is your e-receipt for Rs 2842.,0
Income Tax Refund of Rs 74547 approved. Update bank account details now at http://192.168.1.10/refund/login to receive funds.,1
"URGENT: Suspicious transaction of Rs 82796 detected on your account. If not you, cancel immediately at http://secure-bank-cancel-auth.xyz",1
HDFC Alert: Your NetBanking password expired. Reset password immediately to avoid transaction block: http://hdfc-pass-reset.work,1
Your flight ticket to Bengaluru is confirmed. PNR: PNR8581.,0
Reminder: Doctor appointment scheduled for tomorrow at 10:00 AM.,0
Your OTP for payment of Rs 2129 is 841995. Do not share this OTP with anyone.,0
Your electricity bill of Rs 2302 is due on 25th Oct. Pay via official app.,0
"Dear Customer, your SBI account is suspended today due to pending KYC. Click http://bit.ly/bank-kyc-verify to update PAN immediately or account will be blocked.",1
Your OTP for payment of Rs 2143 is 134677. Do not share this OTP with anyone.,0
"Dear customer, your credit card points worth Rs 58665 are expiring today. Redeem for cash voucher now: http://reward-redeem-bank.click",1
"URGENT: Suspicious transaction of Rs 86641 detected on your account. If not you, cancel immediately at http://secure-bank-cancel-auth.xyz",1
"Dear customer, Rs 2771 credited to your account XX22 via NEFT from Employer Ltd.",0
"Dear user, your SIM card will be deactivated in 24 hours. Update Aadhaar details urgently: http://sim-kyc-verify-portal.club",1
"URGENT: Suspicious transaction of Rs 30997 detected on your account. If not you, cancel immediately at http://secure-bank-cancel-auth.xyz",1
Welcome to our service. Your order #18668 has been shipped via BlueDart.,0
Your electricity bill of Rs 2648 is due on 25th Oct. Pay via official app.,0
"URGENT: Suspicious transaction of Rs 83463 detected on your account. If not you, cancel immediately at http://secure-bank-cancel-auth.xyz",1
"Dear user, your SIM card will be deactivated in 24 hours. Update Aadhaar details urgently: http://sim-kyc-verify-portal.club",1
Salary for the month has been processed and credited to your account XX86.,0
Income Tax Refund of Rs 24556 approved. Update bank account details now at http://192.168.1.10/refund/login to receive funds.,1
"Dear customer, your credit card points worth Rs 90743 are expiring today. Redeem for cash voucher now: http://reward-redeem-bank.click",1
"Congratulations! You won Rs 50,00,000 lottery from KBC / RBI. Claim your reward immediately by clicking http://claim-prize-bonus.top",1
"Dear customer, your credit card points worth Rs 72106 are expiring today. Redeem for cash voucher now: http://reward-redeem-bank.click",1
Your OTP for payment of Rs 1472 is 586554. Do not share this OTP with anyone.,0
"Congratulations! You won Rs 50,00,000 lottery from KBC / RBI. Claim your reward immediately by clicking http://claim-prize-bonus.top",1
"Dear customer, your credit card points worth Rs 85242 are expiring today. Redeem for cash voucher now: http://reward-redeem-bank.click",1
"Dear customer, Rs 1008 credited to your account XX73 via NEFT from Employer Ltd.",0
"SBI Notice: Unauthorized login from Lagos. If not you, secure account immediately at http://sbi-secure-portal.monster",1
Your flight ticket to Bengaluru is confirmed. PNR: PNR3001.,0
Income Tax Refund of Rs 42720 approved. Update bank account details now at http://192.168.1.10/refund/login to receive funds.,1
Your subscription to Prime has renewed. Receipt sent to your registered email.,0
"URGENT: Suspicious transaction of Rs 46757 detected on your account. If not you, cancel immediately at http://secure-bank-cancel-auth.xyz",1
"SBI Notice: Unauthorized login from Lagos. If not you, secure account immediately at http://sbi-secure-portal.monster",1
"SBI Notice: Unauthorized login from Lagos. If not you, secure account immediately at http://sbi-secure-portal.monster",1
Your flight ticket to Bengaluru is confirmed. PNR: PNR9973.,0
"Dear user, your SIM card will be deactivated in 24 hours. Update Aadhaar details urgently: http://sim-kyc-verify-portal.club",1
Thank you for dining with us! Here is your e-receipt for Rs 4205.,0
"Dear user, your SIM card will be deactivated in 24 hours. Update Aadhaar details urgently: http://sim-kyc-verify-portal.club",1
Your subscription to Prime has renewed. Receipt sent to your registered email.,0
Your subscription to Prime has renewed. Receipt sent to your registered email.,0
Your electricity bill of Rs 592 is due on 25th Oct. Pay via official app.,0
Your flight ticket to Bengaluru is confirmed. PNR: PNR6517.,0
"URGENT: Suspicious transaction of Rs 67596 detected on your account. If not you, cancel immediately at http://secure-bank-cancel-auth.xyz",1
Thank you for dining with us! Here is your e-receipt for Rs 3774.,0
"Dear user, your SIM card will be deactivated in 24 hours. Update Aadhaar details urgently: http://sim-kyc-verify-portal.club",1
"URGENT: Suspicious transaction of Rs 39621 detected on your account. If not you, cancel immediately at http://secure-bank-cancel-auth.xyz",1
Your statement for card ending XX10 is now ready to view on netbanking.,0
Your electricity connection will be disconnected tonight at 9:30 PM. Call bill officer at 9876543210 or pay at http://elec-bill-pay.link,1
Welcome to our service. Your order #57151 has been shipped via BlueDart.,0
Income Tax Refund of Rs 53559 approved. Update bank account details now at http://192.168.1.10/refund/login to receive funds.,1
"Dear Customer, your Kotak Bank account is suspended today due to pending KYC. Click http://bit.ly/bank-kyc-verify to update PAN immediately or account will be blocked.",1
Reminder: Doctor appointment scheduled for tomorrow at 10:00 AM.,0
Reminder: Doctor appointment scheduled for tomorrow at 10:00 AM.,0
Your subscription to Prime has renewed. Receipt sent to your registered email.,0
"Dear customer, loan of Rs 5,00,000 pre-approved with zero interest. Click http://instant-loan-approval.xyz to disburse.",1
Your statement for card ending XX94 is now ready to view on netbanking.,0
Salary for the month has been processed and credited to your account XX46.,0
"URGENT: Suspicious transaction of Rs 57294 detected on your account. If not you, cancel immediately at http://secure-bank-cancel-auth.xyz",1
Your subscription to Prime has renewed. Receipt sent to your registered email.,0
Thank you for dining with us! Here is your e-receipt for Rs 3891.,0
"Dear customer, your credit card points worth Rs 54998 are expiring today. Redeem for cash voucher now: http://reward-redeem-bank.click",1
Your subscription to Prime has renewed. Receipt sent to your registered email.,0
Your electricity bill of Rs 630 is due on 25th Oct. Pay via official app.,0
"SBI Notice: Unauthorized login from Lagos. If not you, secure account immediately at http://sbi-secure-portal.monster",1
"SBI Notice: Unauthorized login from Lagos. If not you, secure account immediately at http://sbi-secure-portal.monster",1
"Dear user, your SIM card will be deactivated in 24 hours. Update Aadhaar details urgently: http://sim-kyc-verify-portal.club",1
"SBI Notice: Unauthorized login from Lagos. If not you, secure account immediately at http://sbi-secure-portal.monster",1
"Dear customer, Rs 1185 credited to your account XX17 via NEFT from Employer Ltd.",0
Your flight ticket to Bengaluru is confirmed. PNR: PNR8206.,0
"Dear customer, loan of Rs 5,00,000 pre-approved with zero interest. Click http://instant-loan-approval.xyz to disburse.",1
Welcome to our service. Your order #24230 has been shipped via BlueDart.,0
Reminder: Doctor appointment scheduled for tomorrow at 10:00 AM.,0
"Dear Customer, your ICICI Bank account is suspended today due to pending KYC. Click http://bit.ly/bank-kyc-verify to update PAN immediately or account will be blocked.",1
Your flight ticket to Bengaluru is confirmed. PNR: PNR4065.,0
"Dear customer, Rs 560 credited to your account XX87 via NEFT from Employer Ltd.",0
Reminder: Doctor appointment scheduled for tomorrow at 10:00 AM.,0
Reminder: Doctor appointment scheduled for tomorrow at 10:00 AM.,0
"Dear customer, your credit card points worth Rs 54612 are expiring today. Redeem for cash voucher now: http://reward-redeem-bank.click",1
Thank you for dining with us! Here is your e-receipt for Rs 742.,0
Your electricity bill of Rs 2553 is due on 25th Oct. Pay via official app.,0
"Dear customer, loan of Rs 5,00,000 pre-approved with zero interest. Click http://instant-loan-approval.xyz to disburse.",1
Your electricity connection will be disconnected tonight at 9:30 PM. Call bill officer at 9876543210 or pay at http://elec-bill-pay.link,1
HDFC Alert: Your NetBanking password expired. Reset password immediately to avoid transaction block: http://hdfc-pass-reset.work,1
"Dear customer, your credit card points worth Rs 63599 are expiring today. Redeem for cash voucher now: http://reward-redeem-bank.click",1
Your statement for card ending XX47 is now ready to view on netbanking.,0
"URGENT: Suspicious transaction of Rs 41744 detected on your account. If not you, cancel immediately at http://secure-bank-cancel-auth.xyz",1
Your statement for card ending XX86 is now ready to view on netbanking.,0
Your OTP for payment of Rs 1315 is 470274. Do not share this OTP with anyone.,0
"Dear Customer, your Kotak Bank account is suspended today due to pending KYC. Click http://bit.ly/bank-kyc-verify to update PAN immediately or account will be blocked.",1
Your electricity bill of Rs 1108 is due on 25th Oct. Pay via official app.,0
Reminder: Doctor appointment scheduled for tomorrow at 10:00 AM.,0
Your electricity connection will be disconnected tonight at 9:30 PM. Call bill officer at 9876543210 or pay at http://elec-bill-pay.link,1
"SBI Notice: Unauthorized login from Lagos. If not you, secure account immediately at http://sbi-secure-portal.monster",1
Your flight ticket to Bengaluru is confirmed. PNR: PNR9797.,0
"Dear customer, your credit card points worth Rs 21849 are expiring today. Redeem for cash voucher now: http://reward-redeem-bank.click",1
Thank you for dining with us! Here is your e-receipt for Rs 758.,0
Salary for the month has been processed and credited to your account XX61.,0
Your statement for card ending XX78 is now ready to view on netbanking.,0
"Congratulations! You won Rs 50,00,000 lottery from KBC / RBI. Claim your reward immediately by clicking http://claim-prize-bonus.top",1
"Congratulations! You won Rs 50,00,000 lottery from KBC / RBI. Claim your reward immediately by clicking http://claim-prize-bonus.top",1
Salary for the month has been processed and credited to your account XX87.,0
"SBI Notice: Unauthorized login from Lagos. If not you, secure account immediately at http://sbi-secure-portal.monster",1
Your electricity bill of Rs 4057 is due on 25th Oct. Pay via official app.,0
Your electricity bill of Rs 3553 is due on 25th Oct. Pay via official app.,0
"SBI Notice: Unauthorized login from Lagos. If not you, secure account immediately at http://sbi-secure-portal.monster",1
"SBI Notice: Unauthorized login from Lagos. If not you, secure account immediately at http://sbi-secure-portal.monster",1
"Dear customer, Rs 4866 credited to your account XX52 via NEFT from Employer Ltd.",0
Your statement for card ending XX45 is now ready to view on netbanking.,0
"SBI Notice: Unauthorized login from Lagos. If not you, secure account immediately at http://sbi-secure-portal.monster",1
Your OTP for payment of Rs 764 is 582589. Do not share this OTP with anyone.,0
Your statement for card ending XX55 is now ready to view on netbanking.,0
Your subscription to Prime has renewed. Receipt sent to your registered email.,0
Your electricity bill of Rs 2218 is due on 25th Oct. Pay via official app.,0
Your flight ticket to Bengaluru is confirmed. PNR: PNR1333.,0
Your electricity connection will be disconnected tonight at 9:30 PM. Call bill officer at 9876543210 or pay at http://elec-bill-pay.link,1
Reminder: Doctor appointment scheduled for tomorrow at 10:00 AM.,0
HDFC Alert: Your NetBanking password expired. Reset password immediately to avoid transaction block: http://hdfc-pass-reset.work,1
Your electricity bill of Rs 1394 is due on 25th Oct. Pay via official app.,0
Your electricity bill of Rs 973 is due on 25th Oct. Pay via official app.,0
"SBI Notice: Unauthorized login from Lagos. If not you, secure account immediately at http://sbi-secure-portal.monster",1
"Dear customer, loan of Rs 5,00,000 pre-approved with zero interest. Click http://instant-loan-approval.xyz to disburse.",1
Thank you for dining with us! Here is your e-receipt for Rs 3445.,0
"Dear customer, your credit card points worth Rs 67837 are expiring today. Redeem for cash voucher now: http://reward-redeem-bank.click",1
"Dear customer, Rs 2033 credited to your account XX65 via NEFT from Employer Ltd.",0
Your subscription to Prime has renewed. Receipt sent to your registered email.,0
Your statement for card ending XX71 is now ready to view on netbanking.,0
"Dear customer, Rs 3261 credited to your account XX79 via NEFT from Employer Ltd.",0
Your electricity connection will be disconnected tonight at 9:30 PM. Call bill officer at 9876543210 or pay at http://elec-bill-pay.link,1
"Dear customer, Rs 2559 credited to your account XX24 via NEFT from Employer Ltd.",0
"Dear customer, loan of Rs 5,00,000 pre-approved with zero interest. Click http://instant-loan-approval.xyz to disburse.",1
Salary for the month has been processed and credited to your account XX97.,0
Income Tax Refund of Rs 32002 approved. Update bank account details now at http://192.168.1.10/refund/login to receive funds.,1
"Dear user, your SIM card will be deactivated in 24 hours. Update Aadhaar details urgently: http://sim-kyc-verify-portal.club",1
"Dear customer, loan of Rs 5,00,000 pre-approved with zero interest. Click http://instant-loan-approval.xyz to disburse.",1
Your flight ticket to Bengaluru is confirmed. PNR: PNR1666.,0
"Dear user, your SIM card will be deactivated in 24 hours. Update Aadhaar details urgently: http://sim-kyc-verify-portal.club",1
Income Tax Refund of Rs 90963 approved. Update bank account details now at http://192.168.1.10/refund/login to receive funds.,1
Your electricity bill of Rs 4349 is due on 25th Oct. Pay via official app.,0
"SBI Notice: Unauthorized login from Lagos. If not you, secure account immediately at http://sbi-secure-portal.monster",1
"Congratulations! You won Rs 50,00,000 lottery from KBC / RBI. Claim your reward immediately by clicking http://claim-prize-bonus.top",1
"Dear user, your SIM card will be deactivated in 24 hours. Update Aadhaar details urgently: http://sim-kyc-verify-portal.club",1
"Congratulations! You won Rs 50,00,000 lottery from KBC / RBI. Claim your reward immediately by clicking http://claim-prize-bonus.top",1
Reminder: Doctor appointment scheduled for tomorrow at 10:00 AM.,0
Your electricity bill of Rs 1164 is due on 25th Oct. Pay via official app.,0
Your OTP for payment of Rs 2834 is 466634. Do not share this OTP with anyone.,0
"SBI Notice: Unauthorized login from Lagos. If not you, secure account immediately at http://sbi-secure-portal.monster",1
"Dear customer, Rs 3200 credited to your account XX80 via NEFT from Employer Ltd.",0
"Dear customer, Rs 3509 credited to your account XX48 via NEFT from Employer Ltd.",0
Salary for the month has been processed and credited to your account XX92.,0
Your OTP for payment of Rs 2544 is 585494. Do not share this OTP with anyone.,0
"Congratulations! You won Rs 50,00,000 lottery from KBC / RBI. Claim your reward immediately by clicking http://claim-prize-bonus.top",1
Thank you for dining with us! Here is your e-receipt for Rs 148.,0
"Dear customer, loan of Rs 5,00,000 pre-approved with zero interest. Click http://instant-loan-approval.xyz to disburse.",1
Thank you for dining with us! Here is your e-receipt for Rs 3708.,0
Your subscription to Prime has renewed. Receipt sent to your registered email.,0
Income Tax Refund of Rs 29208 approved. Update bank account details now at http://192.168.1.10/refund/login to receive funds.,1
HDFC Alert: Your NetBanking password expired. Reset password immediately to avoid transaction block: http://hdfc-pass-reset.work,1
Reminder: Doctor appointment scheduled for tomorrow at 10:00 AM.,0
"URGENT: Suspicious transaction of Rs 52328 detected on your account. If not you, cancel immediately at http://secure-bank-cancel-auth.xyz",1
"Dear user, your SIM card will be deactivated in 24 hours. Update Aadhaar details urgently: http://sim-kyc-verify-portal.club",1
"Dear customer, loan of Rs 5,00,000 pre-approved with zero interest. Click http://instant-loan-approval.xyz to disburse.",1
Welcome to our service. Your order #91439 has been shipped via BlueDart.,0
Welcome to our service. Your order #38063 has been shipped via BlueDart.,0
"Dear Customer, your Kotak Bank account is suspended today due to pending KYC. Click http://bit.ly/bank-kyc-verify to update PAN immediately or account will be blocked.",1
"Dear customer, loan of Rs 5,00,000 pre-approved with zero interest. Click http://instant-loan-approval.xyz to disburse.",1
"URGENT: Suspicious transaction of Rs 52757 detected on your account. If not you, cancel immediately at http://secure-bank-cancel-auth.xyz",1
"URGENT: Suspicious transaction of Rs 16020 detected on your account. If not you, cancel immediately at http://secure-bank-cancel-auth.xyz",1
"Congratulations! You won Rs 50,00,000 lottery from KBC / RBI. Claim your reward immediately by clicking http://claim-prize-bonus.top",1
"Dear customer, loan of Rs 5,00,000 pre-approved with zero interest. Click http://instant-loan-approval.xyz to disburse.",1
Your subscription to Prime has renewed. Receipt sent to your registered email.,0
Your statement for card ending XX36 is now ready to view on netbanking.,0
HDFC Alert: Your NetBanking password expired. Reset password immediately to avoid transaction block: http://hdfc-pass-reset.work,1
Your flight ticket to Bengaluru is confirmed. PNR: PNR1753.,0
"Dear customer, Rs 4375 credited to your account XX84 via NEFT from Employer Ltd.",0
Thank you for dining with us! Here is your e-receipt for Rs 3696.,0
Your electricity connection will be disconnected tonight at 9:30 PM. Call bill officer at 9876543210 or pay at http://elec-bill-pay.link,1
Your electricity bill of Rs 4126 is due on 25th Oct. Pay via official app.,0
"Congratulations! You won Rs 50,00,000 lottery from KBC / RBI. Claim your reward immediately by clicking http://claim-prize-bonus.top",1
Welcome to our service. Your order #69459 has been shipped via BlueDart.,0
Your electricity connection will be disconnected tonight at 9:30 PM. Call bill officer at 9876543210 or pay at http://elec-bill-pay.link,1
"URGENT: Suspicious transaction of Rs 68282 detected on your account. If not you, cancel immediately at http://secure-bank-cancel-auth.xyz",1
Reminder: Doctor appointment scheduled for tomorrow at 10:00 AM.,0
"URGENT: Suspicious transaction of Rs 76548 detected on your account. If not you, cancel immediately at http://secure-bank-cancel-auth.xyz",1
"Congratulations! You won Rs 50,00,000 lottery from KBC / RBI. Claim your reward immediately by clicking http://claim-prize-bonus.top",1
Income Tax Refund of Rs 79293 approved. Update bank account details now at http://192.168.1.10/refund/login to receive funds.,1
HDFC Alert: Your NetBanking password expired. Reset password immediately to avoid transaction block: http://hdfc-pass-reset.work,1
"Dear customer, loan of Rs 5,00,000 pre-approved with zero interest. Click http://instant-loan-approval.xyz to disburse.",1
Reminder: Doctor appointment scheduled for tomorrow at 10:00 AM.,0
Your subscription to Prime has renewed. Receipt sent to your registered email.,0
"Dear customer, your credit card points worth Rs 76282 are expiring today. Redeem for cash voucher now: http://reward-redeem-bank.click",1
Reminder: Doctor appointment scheduled for tomorrow at 10:00 AM.,0
Thank you for dining with us! Here is your e-receipt for Rs 923.,0
"Dear customer, Rs 3659 credited to your account XX68 via NEFT from Employer Ltd.",0
HDFC Alert: Your NetBanking password expired. Reset password immediately to avoid transaction block: http://hdfc-pass-reset.work,1
"Dear user, your SIM card will be deactivated in 24 hours. Update Aadhaar details urgently: http://sim-kyc-verify-portal.club",1
Salary for the month has been processed and credited to your account XX62.,0
"URGENT: Suspicious transaction of Rs 53517 detected on your account. If not you, cancel immediately at http://secure-bank-cancel-auth.xyz",1
"Congratulations! You won Rs 50,00,000 lottery from KBC / RBI. Claim your reward immediately by clicking http://claim-prize-bonus.top",1
Income Tax Refund of Rs 57875 approved. Update bank account details now at http://192.168.1.10/refund/login to receive funds.,1
Income Tax Refund of Rs 77975 approved. Update bank account details now at http://192.168.1.10/refund/login to receive funds.,1
"Dear customer, loan of Rs 5,00,000 pre-approved with zero interest. Click http://instant-loan-approval.xyz to disburse.",1
Thank you for dining with us! Here is your e-receipt for Rs 4772.,0
Income Tax Refund of Rs 44232 approved. Update bank account details now at http://192.168.1.10/refund/login to receive funds.,1
Salary for the month has been processed and credited to your account XX24.,0
"Dear customer, Rs 261 credited to your account XX98 via NEFT from Employer Ltd.",0
"Dear customer, loan of Rs 5,00,000 pre-approved with zero interest. Click http://instant-loan-approval.xyz to disburse.",1
Your electricity bill of Rs 3158 is due on 25th Oct. Pay via official app.,0
Your subscription to Prime has renewed. Receipt sent to your registered email.,0
Your subscription to Prime has renewed. Receipt sent to your registered email.,0
Your subscription to Prime has renewed. Receipt sent to your registered email.,0
"Dear customer, loan of Rs 5,00,000 pre-approved with zero interest. Click http://instant-loan-approval.xyz to disburse.",1
"URGENT: Suspicious transaction of Rs 17043 detected on your account. If not you, cancel immediately at http://secure-bank-cancel-auth.xyz",1
"Dear customer, loan of Rs 5,00,000 pre-approved with zero interest. Click http://instant-loan-approval.xyz to disburse.",1
Welcome to our service. Your order #37168 has been shipped via BlueDart.,0
Salary for the month has been processed and credited to your account XX97.,0
Your electricity bill of Rs 341 is due on 25th Oct. Pay via official app.,0
Salary for the month has been processed and credited to your account XX96.,0
Your subscription to Prime has renewed. Receipt sent to your registered email.,0
HDFC Alert: Your NetBanking password expired. Reset password immediately to avoid transaction block: http://hdfc-pass-reset.work,1
Reminder: Doctor appointment scheduled for tomorrow at 10:00 AM.,0
Your OTP for payment of Rs 1290 is 995304. Do not share this OTP with anyone.,0
"Dear customer, Rs 3332 credited to your account XX43 via NEFT from Employer Ltd.",0
Thank you for dining with us! Here is your e-receipt for Rs 730.,0
"Congratulations! You won Rs 50,00,000 lottery from KBC / RBI. Claim your reward immediately by clicking http://claim-prize-bonus.top",1
"SBI Notice: Unauthorized login from Lagos. If not you, secure account immediately at http://sbi-secure-portal.monster",1
Your flight ticket to Bengaluru is confirmed. PNR: PNR1769.,0
HDFC Alert: Your NetBanking password expired. Reset password immediately to avoid transaction block: http://hdfc-pass-reset.work,1
Your subscription to Prime has renewed. Receipt sent to your registered email.,0
Salary for the month has been processed and credited to your account XX69.,0
"URGENT: Suspicious transaction of Rs 15905 detected on your account. If not you, cancel immediately at http://secure-bank-cancel-auth.xyz",1
Your flight ticket to Bengaluru is confirmed. PNR: PNR9260.,0
"SBI Notice: Unauthorized login from Lagos. If not you, secure account immediately at http://sbi-secure-portal.monster",1
Your subscription to Prime has renewed. Receipt sent to your registered email.,0
"Dear customer, your credit card points worth Rs 36603 are expiring today. Redeem for cash voucher now: http://reward-redeem-bank.click",1
"Dear customer, loan of Rs 5,00,000 pre-approved with zero interest. Click http://instant-loan-approval.xyz to disburse.",1
Your electricity bill of Rs 4274 is due on 25th Oct. Pay via official app.,0
Your OTP for payment of Rs 3947 is 716551. Do not share this OTP with anyone.,0
"Dear Customer, your Axis Bank account is suspended today due to pending KYC. Click http://bit.ly/bank-kyc-verify to update PAN immediately or account will be blocked.",1
"Dear user, your SIM card will be deactivated in 24 hours. Update Aadhaar details urgently: http://sim-kyc-verify-portal.club",1
HDFC Alert: Your NetBanking password expired. Reset password immediately to avoid transaction block: http://hdfc-pass-reset.work,1
"Dear customer, loan of Rs 5,00,000 pre-approved with zero interest. Click http://instant-loan-approval.xyz to disburse.",1
Reminder: Doctor appointment scheduled for tomorrow at 10:00 AM.,0
"URGENT: Suspicious transaction of Rs 71034 detected on your account. If not you, cancel immediately at http://secure-bank-cancel-auth.xyz",1
Welcome to our service. Your order #82165 has been shipped via BlueDart.,0
Salary for the month has been processed and credited to your account XX80.,0
Your subscription to Prime has renewed. Receipt sent to your registered email.,0
Income Tax Refund of Rs 43919 approved. Update bank account details now at http://192.168.1.10/refund/login to receive funds.,1
Reminder: Doctor appointment scheduled for tomorrow at 10:00 AM.,0
"Dear user, your SIM card will be deactivated in 24 hours. Update Aadhaar details urgently: http://sim-kyc-verify-portal.club",1
"SBI Notice: Unauthorized login from Lagos. If not you, secure account immediately at http://sbi-secure-portal.monster",1
"Dear customer, your credit card points worth Rs 44213 are expiring today. Redeem for cash voucher now: http://reward-redeem-bank.click",1
HDFC Alert: Your NetBanking password expired. Reset password immediately to avoid transaction block: http://hdfc-pass-reset.work,1
Income Tax Refund of Rs 60685 approved. Update bank account details now at http://192.168.1.10/refund/login to receive funds.,1
Income Tax Refund of Rs 50310 approved. Update bank account details now at http://192.168.1.10/refund/login to receive funds.,1
Your flight ticket to Bengaluru is confirmed. PNR: PNR9366.,0
"Congratulations! You won Rs 50,00,000 lottery from KBC / RBI. Claim your reward immediately by clicking http://claim-prize-bonus.top",1
Your flight ticket to Bengaluru is confirmed. PNR: PNR1794.,0
"Dear customer, loan of Rs 5,00,000 pre-approved with zero interest. Click http://instant-loan-approval.xyz to disburse.",1
"Dear customer, Rs 2239 credited to your account XX84 via NEFT from Employer Ltd.",0
"Dear customer, loan of Rs 5,00,000 pre-approved with zero interest. Click http://instant-loan-approval.xyz to disburse.",1
Your statement for card ending XX27 is now ready to view on netbanking.,0
Thank you for dining with us! Here is your e-receipt for Rs 1735.,0
"SBI Notice: Unauthorized login from Lagos. If not you, secure account immediately at http://sbi-secure-portal.monster",1
"Dear customer, your credit card points worth Rs 41145 are expiring today. Redeem for cash voucher now: http://reward-redeem-bank.click",1
"Dear user, your SIM card will be deactivated in 24 hours. Update Aadhaar details urgently: http://sim-kyc-verify-portal.club",1
Your OTP for payment of Rs 3712 is 428930. Do not share this OTP with anyone.,0
Welcome to our service. Your order #57943 has been shipped via BlueDart.,0
"Dear customer, your credit card points worth Rs 68884 are expiring today. Redeem for cash voucher now: http://reward-redeem-bank.click",1
Your electricity connection will be disconnected tonight at 9:30 PM. Call bill officer at 9876543210 or pay at http://elec-bill-pay.link,1
Thank you for dining with us! Here is your e-receipt for Rs 1693.,0
"Dear user, your SIM card will be deactivated in 24 hours. Update Aadhaar details urgently: http://sim-kyc-verify-portal.club",1
Your statement for card ending XX66 is now ready to view on netbanking.,0
"SBI Notice: Unauthorized login from Lagos. If not you, secure account immediately at http://sbi-secure-portal.monster",1
"Dear customer, Rs 4023 credited to your account XX27 via NEFT from Employer Ltd.",0
Your OTP for payment of Rs 4321 is 702980. Do not share this OTP with anyone.,0
Reminder: Doctor appointment scheduled for tomorrow at 10:00 AM.,0
HDFC Alert: Your NetBanking password expired. Reset password immediately to avoid transaction block: http://hdfc-pass-reset.work,1
"Dear user, your SIM card will be deactivated in 24 hours. Update Aadhaar details urgently: http://sim-kyc-verify-portal.club",1
"URGENT: Suspicious transaction of Rs 73249 detected on your account. If not you, cancel immediately at http://secure-bank-cancel-auth.xyz",1
"Dear Customer, your Kotak Bank account is suspended today due to pending KYC. Click http://bit.ly/bank-kyc-verify to update PAN immediately or account will be blocked.",1
Thank you for dining with us! Here is your e-receipt for Rs 3666.,0
Income Tax Refund of Rs 68907 approved. Update bank account details now at http://192.168.1.10/refund/login to receive funds.,1
Salary for the month has been processed and credited to your account XX70.,0
Income Tax Refund of Rs 17102 approved. Update bank account details now at http://192.168.1.10/refund/login to receive funds.,1
"Congratulations! You won Rs 50,00,000 lottery from KBC / RBI. Claim your reward immediately by clicking http://claim-prize-bonus.top",1
Your electricity bill of Rs 1534 is due on 25th Oct. Pay via official app.,0
"Dear Customer, your SBI account is suspended today due to pending KYC. Click http://bit.ly/bank-kyc-verify to update PAN immediately or account will be blocked.",1
"Dear user, your SIM card will be deactivated in 24 hours. Update Aadhaar details urgently: http://sim-kyc-verify-portal.club",1
Your statement for card ending XX89 is now ready to view on netbanking.,0
Salary for the month has been processed and credited to your account XX44.,0
Your OTP for payment of Rs 196 is 806848. Do not share this OTP with anyone.,0
Income Tax Refund of Rs 49578 approved. Update bank account details now at http://192.168.1.10/refund/login to receive funds.,1
Your statement for card ending XX86 is now ready to view on netbanking.,0
Welcome to our service. Your order #22943 has been shipped via BlueDart.,0
"Dear customer, your credit card points worth Rs 29312 are expiring today. Redeem for cash voucher now: http://reward-redeem-bank.click",1
"Dear customer, your credit card points worth Rs 30834 are expiring today. Redeem for cash voucher now: http://reward-redeem-bank.click",1
"Congratulations! You won Rs 50,00,000 lottery from KBC / RBI. Claim your reward immediately by clicking http://claim-prize-bonus.top",1
Your OTP for payment of Rs 2571 is 315425. Do not share this OTP with anyone.,0
Your subscription to Prime has renewed. Receipt sent to your registered email.,0
"Dear Customer, your HDFC Bank account is suspended today due to pending KYC. Click http://bit.ly/bank-kyc-verify to update PAN immediately or account will be blocked.",1
"Dear user, your SIM card will be deactivated in 24 hours. Update Aadhaar details urgently: http://sim-kyc-verify-portal.club",1
Your electricity bill of Rs 4166 is due on 25th Oct. Pay via official app.,0
HDFC Alert: Your NetBanking password expired. Reset password immediately to avoid transaction block: http://hdfc-pass-reset.work,1
"SBI Notice: Unauthorized login from Lagos. If not you, secure account immediately at http://sbi-secure-portal.monster",1
Your electricity bill of Rs 204 is due on 25th Oct. Pay via official app.,0
Your electricity connection will be disconnected tonight at 9:30 PM. Call bill officer at 9876543210 or pay at http://elec-bill-pay.link,1
Your statement for card ending XX90 is now ready to view on netbanking.,0
"URGENT: Suspicious transaction of Rs 58165 detected on your account. If not you, cancel immediately at http://secure-bank-cancel-auth.xyz",1
Your flight ticket to Bengaluru is confirmed. PNR: PNR3578.,0
Welcome to our service. Your order #41797 has been shipped via BlueDart.,0
Thank you for dining with us! Here is your e-receipt for Rs 1214.,0
"URGENT: Suspicious transaction of Rs 16790 detected on your account. If not you, cancel immediately at http://secure-bank-cancel-auth.xyz",1
"SBI Notice: Unauthorized login from Lagos. If not you, secure account immediately at http://sbi-secure-portal.monster",1
HDFC Alert: Your NetBanking password expired. Reset password immediately to avoid transaction block: http://hdfc-pass-reset.work,1
"Dear customer, your credit card points worth Rs 33057 are expiring today. Redeem for cash voucher now: http://reward-redeem-bank.click",1
"SBI Notice: Unauthorized login from Lagos. If not you, secure account immediately at http://sbi-secure-portal.monster",1
Your electricity connection will be disconnected tonight at 9:30 PM. Call bill officer at 9876543210 or pay at http://elec-bill-pay.link,1
Your electricity connection will be disconnected tonight at 9:30 PM. Call bill officer at 9876543210 or pay at http://elec-bill-pay.link,1
Your subscription to Prime has renewed. Receipt sent to your registered email.,0
Your flight ticket to Bengaluru is confirmed. PNR: PNR5469.,0
Your subscription to Prime has renewed. Receipt sent to your registered email.,0
Thank you for dining with us! Here is your e-receipt for Rs 3851.,0
Reminder: Doctor appointment scheduled for tomorrow at 10:00 AM.,0
"Dear Customer, your HDFC Bank account is suspended today due to pending KYC. Click http://bit.ly/bank-kyc-verify to update PAN immediately or account will be blocked.",1
"Dear customer, Rs 3888 credited to your account XX43 via NEFT from Employer Ltd.",0
"Congratulations! You won Rs 50,00,000 lottery from KBC / RBI. Claim your reward immediately by clicking http://claim-prize-bonus.top",1
Your flight ticket to Bengaluru is confirmed. PNR: PNR3924.,0
Salary for the month has been processed and credited to your account XX38.,0
Welcome to our service. Your order #72469 has been shipped via BlueDart.,0
"SBI Notice: Unauthorized login from Lagos. If not you, secure account immediately at http://sbi-secure-portal.monster",1
"Dear customer, loan of Rs 5,00,000 pre-approved with zero interest. Click http://instant-loan-approval.xyz to disburse.",1
Your OTP for payment of Rs 288 is 685661. Do not share this OTP with anyone.,0
Thank you for dining with us! Here is your e-receipt for Rs 4120.,0
"Dear customer, your credit card points worth Rs 29515 are expiring today. Redeem for cash voucher now: http://reward-redeem-bank.click",1
"SBI Notice: Unauthorized login from Lagos. If not you, secure account immediately at http://sbi-secure-portal.monster",1
Your OTP for payment of Rs 3570 is 461264. Do not share this OTP with anyone.,0
"SBI Notice: Unauthorized login from Lagos. If not you, secure account immediately at http://sbi-secure-portal.monster",1
Income Tax Refund of Rs 93732 approved. Update bank account details now at http://192.168.1.10/refund/login to receive funds.,1
"Congratulations! You won Rs 50,00,000 lottery from KBC / RBI. Claim your reward immediately by clicking http://claim-prize-bonus.top",1
Your subscription to Prime has renewed. Receipt sent to your registered email.,0
Your electricity bill of Rs 2344 is due on 25th Oct. Pay via official app.,0
"SBI Notice: Unauthorized login from Lagos. If not you, secure account immediately at http://sbi-secure-portal.monster",1
Your statement for card ending XX31 is now ready to view on netbanking.,0
"Congratulations! You won Rs 50,00,000 lottery from KBC / RBI. Claim your reward immediately by clicking http://claim-prize-bonus.top",1
Welcome to our service. Your order #89638 has been shipped via BlueDart.,0
Salary for the month has been processed and credited to your account XX97.,0
Welcome to our service. Your order #16057 has been shipped via BlueDart.,0
"Dear user, your SIM card will be deactivated in 24 hours. Update Aadhaar details urgently: http://sim-kyc-verify-portal.club",1
"Dear user, your SIM card will be deactivated in 24 hours. Update Aadhaar details urgently: http://sim-kyc-verify-portal.club",1
Salary for the month has been processed and credited to your account XX72.,0
"Dear user, your SIM card will be deactivated in 24 hours. Update Aadhaar details urgently: http://sim-kyc-verify-portal.club",1
Your electricity bill of Rs 1357 is due on 25th Oct. Pay via official app.,0
"SBI Notice: Unauthorized login from Lagos. If not you, secure account immediately at http://sbi-secure-portal.monster",1
Thank you for dining with us! Here is your e-receipt for Rs 1936.,0
"Congratulations! You won Rs 50,00,000 lottery from KBC / RBI. Claim your reward immediately by clicking http://claim-prize-bonus.top",1
Thank you for dining with us! Here is your e-receipt for Rs 2271.,0
Your flight ticket to Bengaluru is confirmed. PNR: PNR8767.,0
"Congratulations! You won Rs 50,00,000 lottery from KBC / RBI. Claim your reward immediately by clicking http://claim-prize-bonus.top",1
Your electricity bill of Rs 4948 is due on 25th Oct. Pay via official app.,0
"Congratulations! You won Rs 50,00,000 lottery from KBC / RBI. Claim your reward immediately by clicking http://claim-prize-bonus.top",1
"Dear customer, your credit card points worth Rs 22088 are expiring today. Redeem for cash voucher now: http://reward-redeem-bank.click",1
"Dear Customer, your Kotak Bank account is suspended today due to pending KYC. Click http://bit.ly/bank-kyc-verify to update PAN immediately or account will be blocked.",1
"Dear user, your SIM card will be deactivated in 24 hours. Update Aadhaar details urgently: http://sim-kyc-verify-portal.club",1
Your subscription to Prime has renewed. Receipt sent to your registered email.,0
Income Tax Refund of Rs 30543 approved. Update bank account details now at http://192.168.1.10/refund/login to receive funds.,1
Your electricity connection will be disconnected tonight at 9:30 PM. Call bill officer at 9876543210 or pay at http://elec-bill-pay.link,1
"Dear user, your SIM card will be deactivated in 24 hours. Update Aadhaar details urgently: http://sim-kyc-verify-portal.club",1
"Dear customer, your credit card points worth Rs 71324 are expiring today. Redeem for cash voucher now: http://reward-redeem-bank.click",1
Your flight ticket to Bengaluru is confirmed. PNR: PNR3814.,0
"Dear customer, loan of Rs 5,00,000 pre-approved with zero interest. Click http://instant-loan-approval.xyz to disburse.",1
Your flight ticket to Bengaluru is confirmed. PNR: PNR3497.,0
Your OTP for payment of Rs 4216 is 464158. Do not share this OTP with anyone.,0
Your subscription to Prime has renewed. Receipt sent to your registered email.,0
Salary for the month has been processed and credited to your account XX31.,0
"Dear customer, your credit card points worth Rs 67342 are expiring today. Redeem for cash voucher now: http://reward-redeem-bank.click",1
Welcome to our service. Your order #19287 has been shipped via BlueDart.,0
Your subscription to Prime has renewed. Receipt sent to your registered email.,0
"URGENT: Suspicious transaction of Rs 47831 detected on your account. If not you, cancel immediately at http://secure-bank-cancel-auth.xyz",1
Your statement for card ending XX89 is now ready to view on netbanking.,0
"Dear customer, your credit card points worth Rs 16558 are expiring today. Redeem for cash voucher now: http://reward-redeem-bank.click",1
"Dear Customer, your Axis Bank account is suspended today due to pending KYC. Click http://bit.ly/bank-kyc-verify to update PAN immediately or account will be blocked.",1
Reminder: Doctor appointment scheduled for tomorrow at 10:00 AM.,0
Your subscription to Prime has renewed. Receipt sent to your registered email.,0
Your electricity bill of Rs 4777 is due on 25th Oct. Pay via official app.,0
"Dear customer, loan of Rs 5,00,000 pre-approved with zero interest. Click http://instant-loan-approval.xyz to disburse.",1
"Dear customer, Rs 336 credited to your account XX87 via NEFT from Employer Ltd.",0
Reminder: Doctor appointment scheduled for tomorrow at 10:00 AM.,0
Salary for the month has been processed and credited to your account XX23.,0
HDFC Alert: Your NetBanking password expired. Reset password immediately to avoid transaction block: http://hdfc-pass-reset.work,1
Income Tax Refund of Rs 32785 approved. Update bank account details now at http://192.168.1.10/refund/login to receive funds.,1
"Dear Customer, your Axis Bank account is suspended today due to pending KYC. Click http://bit.ly/bank-kyc-verify to update PAN immediately or account will be blocked.",1
Reminder: Doctor appointment scheduled for tomorrow at 10:00 AM.,0
"Dear customer, your credit card points worth Rs 17729 are expiring today. Redeem for cash voucher now: http://reward-redeem-bank.click",1
"Dear Customer, your HDFC Bank account is suspended today due to pending KYC. Click http://bit.ly/bank-kyc-verify to update PAN immediately or account will be blocked.",1
Your electricity bill of Rs 3852 is due on 25th Oct. Pay via official app.,0
"Dear customer, Rs 1786 credited to your account XX73 via NEFT from Employer Ltd.",0
"Dear customer, Rs 4495 credited to your account XX88 via NEFT from Employer Ltd.",0
Reminder: Doctor appointment scheduled for tomorrow at 10:00 AM.,0
"SBI Notice: Unauthorized login from Lagos. If not you, secure account immediately at http://sbi-secure-portal.monster",1
Your statement for card ending XX35 is now ready to view on netbanking.,0
HDFC Alert: Your NetBanking password expired. Reset password immediately to avoid transaction block: http://hdfc-pass-reset.work,1
Your flight ticket to Bengaluru is confirmed. PNR: PNR5482.,0
Your subscription to Prime has renewed. Receipt sent to your registered email.,0
"Dear user, your SIM card will be deactivated in 24 hours. Update Aadhaar details urgently: http://sim-kyc-verify-portal.club",1
"Dear customer, your credit card points worth Rs 55824 are expiring today. Redeem for cash voucher now: http://reward-redeem-bank.click",1
"URGENT: Suspicious transaction of Rs 25363 detected on your account. If not you, cancel immediately at http://secure-bank-cancel-auth.xyz",1
Your subscription to Prime has renewed. Receipt sent to your registered email.,0
Your OTP for payment of Rs 2754 is 208239. Do not share this OTP with anyone.,0
Income Tax Refund of Rs 28762 approved. Update bank account details now at http://192.168.1.10/refund/login to receive funds.,1
Your electricity connection will be disconnected tonight at 9:30 PM. Call bill officer at 9876543210 or pay at http://elec-bill-pay.link,1
Reminder: Doctor appointment scheduled for tomorrow at 10:00 AM.,0
"Dear customer, your credit card points worth Rs 28051 are expiring today. Redeem for cash voucher now: http://reward-redeem-bank.click",1
"Dear user, your SIM card will be deactivated in 24 hours. Update Aadhaar details urgently: http://sim-kyc-verify-portal.club",1
"Dear customer, your credit card points worth Rs 18396 are expiring today. Redeem for cash voucher now: http://reward-redeem-bank.click",1
Thank you for dining with us! Here is your e-receipt for Rs 4935.,0
Your subscription to Prime has renewed. Receipt sent to your registered email.,0
Your subscription to Prime has renewed. Receipt sent to your registered email.,0
"Dear customer, Rs 2133 credited to your account XX95 via NEFT from Employer Ltd.",0
Your statement for card ending XX82 is now ready to view on netbanking.,0
"Dear Customer, your SBI account is suspended today due to pending KYC. Click http://bit.ly/bank-kyc-verify to update PAN immediately or account will be blocked.",1
"Congratulations! You won Rs 50,00,000 lottery from KBC / RBI. Claim your reward immediately by clicking http://claim-prize-bonus.top",1
"Congratulations! You won Rs 50,00,000 lottery from KBC / RBI. Claim your reward immediately by clicking http://claim-prize-bonus.top",1
"URGENT: Suspicious transaction of Rs 30474 detected on your account. If not you, cancel immediately at http://secure-bank-cancel-auth.xyz",1
HDFC Alert: Your NetBanking password expired. Reset password immediately to avoid transaction block: http://hdfc-pass-reset.work,1
"Dear user, your SIM card will be deactivated in 24 hours. Update Aadhaar details urgently: http://sim-kyc-verify-portal.club",1
Your electricity bill of Rs 4825 is due on 25th Oct. Pay via official app.,0
Reminder: Doctor appointment scheduled for tomorrow at 10:00 AM.,0
"SBI Notice: Unauthorized login from Lagos. If not you, secure account immediately at http://sbi-secure-portal.monster",1
"Dear Customer, your ICICI Bank account is suspended today due to pending KYC. Click http://bit.ly/bank-kyc-verify to update PAN immediately or account will be blocked.",1
Your OTP for payment of Rs 2896 is 472390. Do not share this OTP with anyone.,0
HDFC Alert: Your NetBanking password expired. Reset password immediately to avoid transaction block: http://hdfc-pass-reset.work,1
"Dear customer, your credit card points worth Rs 44743 are expiring today. Redeem for cash voucher now: http://reward-redeem-bank.click",1
"Dear Customer, your Axis Bank account is suspended today due to pending KYC. Click http://bit.ly/bank-kyc-verify to update PAN immediately or account will be blocked.",1
Your electricity bill of Rs 2429 is due on 25th Oct. Pay via official app.,0
"Dear customer, loan of Rs 5,00,000 pre-approved with zero interest. Click http://instant-loan-approval.xyz to disburse.",1
"Congratulations! You won Rs 50,00,000 lottery from KBC / RBI. Claim your reward immediately by clicking http://claim-prize-bonus.top",1
Your flight ticket to Bengaluru is confirmed. PNR: PNR8544.,0
"SBI Notice: Unauthorized login from Lagos. If not you, secure account immediately at http://sbi-secure-portal.monster",1
"Dear customer, your credit card points worth Rs 42470 are expiring today. Redeem for cash voucher now: http://reward-redeem-bank.click",1
HDFC Alert: Your NetBanking password expired. Reset password immediately to avoid transaction block: http://hdfc-pass-reset.work,1
"Dear customer, loan of Rs 5,00,000 pre-approved with zero interest. Click http://instant-loan-approval.xyz to disburse.",1
Your electricity connection will be disconnected tonight at 9:30 PM. Call bill officer at 9876543210 or pay at http://elec-bill-pay.link,1
"Dear customer, loan of Rs 5,00,000 pre-approved with zero interest. Click http://instant-loan-approval.xyz to disburse.",1
"Dear customer, loan of Rs 5,00,000 pre-approved with zero interest. Click http://instant-loan-approval.xyz to disburse.",1
"Congratulations! You won Rs 50,00,000 lottery from KBC / RBI. Claim your reward immediately by clicking http://claim-prize-bonus.top",1
Salary for the month has been processed and credited to your account XX20.,0
Your electricity bill of Rs 559 is due on 25th Oct. Pay via official app.,0
HDFC Alert: Your NetBanking password expired. Reset password immediately to avoid transaction block: http://hdfc-pass-reset.work,1
"URGENT: Suspicious transaction of Rs 85601 detected on your account. If not you, cancel immediately at http://secure-bank-cancel-auth.xyz",1
Your statement for card ending XX47 is now ready to view on netbanking.,0
Salary for the month has been processed and credited to your account XX11.,0
Salary for the month has been processed and credited to your account XX11.,0
Reminder: Doctor appointment scheduled for tomorrow at 10:00 AM.,0
Your subscription to Prime has renewed. Receipt sent to your registered email.,0
Your flight ticket to Bengaluru is confirmed. PNR: PNR3267.,0
Your electricity bill of Rs 4710 is due on 25th Oct. Pay via official app.,0
Your subscription to Prime has renewed. Receipt sent to your registered email.,0
Income Tax Refund of Rs 54283 approved. Update bank account details now at http://192.168.1.10/refund/login to receive funds.,1
Your flight ticket to Bengaluru is confirmed. PNR: PNR6628.,0
Salary for the month has been processed and credited to your account XX84.,0
Your OTP for payment of Rs 344 is 198246. Do not share this OTP with anyone.,0
Thank you for dining with us! Here is your e-receipt for Rs 697.,0
HDFC Alert: Your NetBanking password expired. Reset password immediately to avoid transaction block: http://hdfc-pass-reset.work,1
Thank you for dining with us! Here is your e-receipt for Rs 4619.,0
"Dear customer, your credit card points worth Rs 91499 are expiring today. Redeem for cash voucher now: http://reward-redeem-bank.click",1
HDFC Alert: Your NetBanking password expired. Reset password immediately to avoid transaction block: http://hdfc-pass-reset.work,1
Your flight ticket to Bengaluru is confirmed. PNR: PNR3676.,0
Your electricity bill of Rs 1352 is due on 25th Oct. Pay via official app.,0
"Dear customer, Rs 3512 credited to your account XX49 via NEFT from Employer Ltd.",0
"Congratulations! You won Rs 50,00,000 lottery from KBC / RBI. Claim your reward immediately by clicking http://claim-prize-bonus.top",1
"Dear customer, Rs 2545 credited to your account XX65 via NEFT from Employer Ltd.",0
"Dear customer, Rs 839 credited to your account XX86 via NEFT from Employer Ltd.",0
Welcome to our service. Your order #45269 has been shipped via BlueDart.,0
"Dear customer, your credit card points worth Rs 83274 are expiring today. Redeem for cash voucher now: http://reward-redeem-bank.click",1
Reminder: Doctor appointment scheduled for tomorrow at 10:00 AM.,0
"Dear Customer, your Axis Bank account is suspended today due to pending KYC. Click http://bit.ly/bank-kyc-verify to update PAN immediately or account will be blocked.",1
Your electricity bill of Rs 742 is due on 25th Oct. Pay via official app.,0
"SBI Notice: Unauthorized login from Lagos. If not you, secure account immediately at http://sbi-secure-portal.monster",1
"Dear customer, loan of Rs 5,00,000 pre-approved with zero interest. Click http://instant-loan-approval.xyz to disburse.",1
HDFC Alert: Your NetBanking password expired. Reset password immediately to avoid transaction block: http://hdfc-pass-reset.work,1
"Dear customer, loan of Rs 5,00,000 pre-approved with zero interest. Click http://instant-loan-approval.xyz to disburse.",1
"Dear customer, your credit card points worth Rs 86641 are expiring today. Redeem for cash voucher now: http://reward-redeem-bank.click",1
Income Tax Refund of Rs 79656 approved. Update bank account details now at http://192.168.1.10/refund/login to receive funds.,1
"URGENT: Suspicious transaction of Rs 20027 detected on your account. If not you, cancel immediately at http://secure-bank-cancel-auth.xyz",1
Income Tax Refund of Rs 94848 approved. Update bank account details now at http://192.168.1.10/refund/login to receive funds.,1
Your statement for card ending XX75 is now ready to view on netbanking.,0
Welcome to our service. Your order #78879 has been shipped via BlueDart.,0
Your electricity bill of Rs 1187 is due on 25th Oct. Pay via official app.,0
Salary for the month has been processed and credited to your account XX94.,0
Salary for the month has been processed and credited to your account XX23.,0
Salary for the month has been processed and credited to your account XX18.,0
"Dear customer, your credit card points worth Rs 69636 are expiring today. Redeem for cash voucher now: http://reward-redeem-bank.click",1
"Dear customer, Rs 838 credited to your account XX46 via NEFT from Employer Ltd.",0
Reminder: Doctor appointment scheduled for tomorrow at 10:00 AM.,0
"Dear customer, Rs 4154 credited to your account XX66 via NEFT from Employer Ltd.",0
"SBI Notice: Unauthorized login from Lagos. If not you, secure account immediately at http://sbi-secure-portal.monster",1
Reminder: Doctor appointment scheduled for tomorrow at 10:00 AM.,0
Your electricity connection will be disconnected tonight at 9:30 PM. Call bill officer at 9876543210 or pay at http://elec-bill-pay.link,1
Thank you for dining with us! Here is your e-receipt for Rs 821.,0
Reminder: Doctor appointment scheduled for tomorrow at 10:00 AM.,0
"Dear Customer, your SBI account is suspended today due to pending KYC. Click http://bit.ly/bank-kyc-verify to update PAN immediately or account will be blocked.",1
"Dear customer, Rs 4451 credited to your account XX67 via NEFT from Employer Ltd.",0
"Dear Customer, your Kotak Bank account is suspended today due to pending KYC. Click http://bit.ly/bank-kyc-verify to update PAN immediately or account will be blocked.",1
"Dear user, your SIM card will be deactivated in 24 hours. Update Aadhaar details urgently: http://sim-kyc-verify-portal.club",1
Your electricity connection will be disconnected tonight at 9:30 PM. Call bill officer at 9876543210 or pay at http://elec-bill-pay.link,1
"SBI Notice: Unauthorized login from Lagos. If not you, secure account immediately at http://sbi-secure-portal.monster",1
"Dear customer, your credit card points worth Rs 27255 are expiring today. Redeem for cash voucher now: http://reward-redeem-bank.click",1
Your OTP for payment of Rs 2404 is 618934. Do not share this OTP with anyone.,0
Income Tax Refund of Rs 28819 approved. Update bank account details now at http://192.168.1.10/refund/login to receive funds.,1
"Dear customer, Rs 3706 credited to your account XX77 via NEFT from Employer Ltd.",0
Your flight ticket to Bengaluru is confirmed. PNR: PNR5638.,0
"Dear user, your SIM card will be deactivated in 24 hours. Update Aadhaar details urgently: http://sim-kyc-verify-portal.club",1
Salary for the month has been processed and credited to your account XX95.,0
"Dear Customer, your ICICI Bank account is suspended today due to pending KYC. Click http://bit.ly/bank-kyc-verify to update PAN immediately or account will be blocked.",1
"URGENT: Suspicious transaction of Rs 89593 detected on your account. If not you, cancel immediately at http://secure-bank-cancel-auth.xyz",1
"Dear customer, Rs 1792 credited to your account XX54 via NEFT from Employer Ltd.",0
Welcome to our service. Your order #93066 has been shipped via BlueDart.,0
"Dear customer, Rs 1719 credited to your account XX66 via NEFT from Employer Ltd.",0
"Dear customer, loan of Rs 5,00,000 pre-approved with zero interest. Click http://instant-loan-approval.xyz to disburse.",1
Your electricity bill of Rs 4420 is due on 25th Oct. Pay via official app.,0
Salary for the month has been processed and credited to your account XX96.,0
"Dear customer, your credit card points worth Rs 40543 are expiring today. Redeem for cash voucher now: http://reward-redeem-bank.click",1
"Dear customer, your credit card points worth Rs 67814 are expiring today. Redeem for cash voucher now: http://reward-redeem-bank.click",1
Welcome to our service. Your order #16416 has been shipped via BlueDart.,0
"URGENT: Suspicious transaction of Rs 72386 detected on your account. If not you, cancel immediately at http://secure-bank-cancel-auth.xyz",1
"Dear customer, Rs 3561 credited to your account XX57 via NEFT from Employer Ltd.",0
Thank you for dining with us! Here is your e-receipt for Rs 2335.,0
"Dear customer, Rs 1868 credited to your account XX22 via NEFT from Employer Ltd.",0
Reminder: Doctor appointment scheduled for tomorrow at 10:00 AM.,0
Your OTP for payment of Rs 471 is 140804. Do not share this OTP with anyone.,0
"Dear Customer, your HDFC Bank account is suspended today due to pending KYC. Click http://bit.ly/bank-kyc-verify to update PAN immediately or account will be blocked.",1
Income Tax Refund of Rs 44710 approved. Update bank account details now at http://192.168.1.10/refund/login to receive funds.,1
Your flight ticket to Bengaluru is confirmed. PNR: PNR7819.,0
"Dear customer, your credit card points worth Rs 45464 are expiring today. Redeem for cash voucher now: http://reward-redeem-bank.click",1
Your flight ticket to Bengaluru is confirmed. PNR: PNR1749.,0
Your statement for card ending XX30 is now ready to view on netbanking.,0
"Dear Customer, your HDFC Bank account is suspended today due to pending KYC. Click http://bit.ly/bank-kyc-verify to update PAN immediately or account will be blocked.",1
Thank you for dining with us! Here is your e-receipt for Rs 4331.,0
"Dear Customer, your Axis Bank account is suspended today due to pending KYC. Click http://bit.ly/bank-kyc-verify to update PAN immediately or account will be blocked.",1
"Dear customer, Rs 1677 credited to your account XX25 via NEFT from Employer Ltd.",0
"Dear customer, loan of Rs 5,00,000 pre-approved with zero interest. Click http://instant-loan-approval.xyz to disburse.",1
Reminder: Doctor appointment scheduled for tomorrow at 10:00 AM.,0
Your electricity bill of Rs 706 is due on 25th Oct. Pay via official app.,0
Reminder: Doctor appointment scheduled for tomorrow at 10:00 AM.,0
"Dear customer, your credit card points worth Rs 79463 are expiring today. Redeem for cash voucher now: http://reward-redeem-bank.click",1
Thank you for dining with us! Here is your e-receipt for Rs 2579.,0
HDFC Alert: Your NetBanking password expired. Reset password immediately to avoid transaction block: http://hdfc-pass-reset.work,1
Your electricity connection will be disconnected tonight at 9:30 PM. Call bill officer at 9876543210 or pay at http://elec-bill-pay.link,1
Your electricity bill of Rs 4673 is due on 25th Oct. Pay via official app.,0
Your flight ticket to Bengaluru is confirmed. PNR: PNR3572.,0
"Dear customer, loan of Rs 5,00,000 pre-approved with zero interest. Click http://instant-loan-approval.xyz to disburse.",1
"Dear Customer, your SBI account is suspended today due to pending KYC. Click http://bit.ly/bank-kyc-verify to update PAN immediately or account will be blocked.",1
"Dear customer, your credit card points worth Rs 31039 are expiring today. Redeem for cash voucher now: http://reward-redeem-bank.click",1
Your electricity connection will be disconnected tonight at 9:30 PM. Call bill officer at 9876543210 or pay at http://elec-bill-pay.link,1
HDFC Alert: Your NetBanking password expired. Reset password immediately to avoid transaction block: http://hdfc-pass-reset.work,1
HDFC Alert: Your NetBanking password expired. Reset password immediately to avoid transaction block: http://hdfc-pass-reset.work,1
Your electricity connection will be disconnected tonight at 9:30 PM. Call bill officer at 9876543210 or pay at http://elec-bill-pay.link,1
Welcome to our service. Your order #50679 has been shipped via BlueDart.,0
Welcome to our service. Your order #45038 has been shipped via BlueDart.,0
"SBI Notice: Unauthorized login from Lagos. If not you, secure account immediately at http://sbi-secure-portal.monster",1
Your OTP for payment of Rs 4958 is 281873. Do not share this OTP with anyone.,0
Your electricity connection will be disconnected tonight at 9:30 PM. Call bill officer at 9876543210 or pay at http://elec-bill-pay.link,1
Income Tax Refund of Rs 33481 approved. Update bank account details now at http://192.168.1.10/refund/login to receive funds.,1
HDFC Alert: Your NetBanking password expired. Reset password immediately to avoid transaction block: http://hdfc-pass-reset.work,1
"Dear customer, loan of Rs 5,00,000 pre-approved with zero interest. Click http://instant-loan-approval.xyz to disburse.",1
Your OTP for payment of Rs 1806 is 705445. Do not share this OTP with anyone.,0
"Congratulations! You won Rs 50,00,000 lottery from KBC / RBI. Claim your reward immediately by clicking http://claim-prize-bonus.top",1
Welcome to our service. Your order #82616 has been shipped via BlueDart.,0
Thank you for dining with us! Here is your e-receipt for Rs 3443.,0
"Congratulations! You won Rs 50,00,000 lottery from KBC / RBI. Claim your reward immediately by clicking http://claim-prize-bonus.top",1
HDFC Alert: Your NetBanking password expired. Reset password immediately to avoid transaction block: http://hdfc-pass-reset.work,1
"Congratulations! You won Rs 50,00,000 lottery from KBC / RBI. Claim your reward immediately by clicking http://claim-prize-bonus.top",1
"Dear user, your SIM card will be deactivated in 24 hours. Update Aadhaar details urgently: http://sim-kyc-verify-portal.club",1
"Dear Customer, your Axis Bank account is suspended today due to pending KYC. Click http://bit.ly/bank-kyc-verify to update PAN immediately or account will be blocked.",1
HDFC Alert: Your NetBanking password expired. Reset password immediately to avoid transaction block: http://hdfc-pass-reset.work,1
"SBI Notice: Unauthorized login from Lagos. If not you, secure account immediately at http://sbi-secure-portal.monster",1
"Dear customer, loan of Rs 5,00,000 pre-approved with zero interest. Click http://instant-loan-approval.xyz to disburse.",1
Your subscription to Prime has renewed. Receipt sent to your registered email.,0
Your electricity bill of Rs 3897 is due on 25th Oct. Pay via official app.,0
Your electricity connection will be disconnected tonight at 9:30 PM. Call bill officer at 9876543210 or pay at http://elec-bill-pay.link,1
"Dear customer, Rs 2913 credited to your account XX20 via NEFT from Employer Ltd.",0
Your electricity connection will be disconnected tonight at 9:30 PM. Call bill officer at 9876543210 or pay at http://elec-bill-pay.link,1
Your electricity bill of Rs 2907 is due on 25th Oct. Pay via official app.,0
Your flight ticket to Bengaluru is confirmed. PNR: PNR7275.,0
HDFC Alert: Your NetBanking password expired. Reset password immediately to avoid transaction block: http://hdfc-pass-reset.work,1
Your electricity connection will be disconnected tonight at 9:30 PM. Call bill officer at 9876543210 or pay at http://elec-bill-pay.link,1
Welcome to our service. Your order #94896 has been shipped via BlueDart.,0
Welcome to our service. Your order #13804 has been shipped via BlueDart.,0
Your electricity connection will be disconnected tonight at 9:30 PM. Call bill officer at 9876543210 or pay at http://elec-bill-pay.link,1
Your electricity connection will be disconnected tonight at 9:30 PM. Call bill officer at 9876543210 or pay at http://elec-bill-pay.link,1
Income Tax Refund of Rs 49771 approved. Update bank account details now at http://192.168.1.10/refund/login to receive funds.,1
"Dear customer, your credit card points worth Rs 52940 are expiring today. Redeem for cash voucher now: http://reward-redeem-bank.click",1
"Dear customer, your credit card points worth Rs 35865 are expiring today. Redeem for cash voucher now: http://reward-redeem-bank.click",1
"SBI Notice: Unauthorized login from Lagos. If not you, secure account immediately at http://sbi-secure-portal.monster",1
"URGENT: Suspicious transaction of Rs 59595 detected on your account. If not you, cancel immediately at http://secure-bank-cancel-auth.xyz",1
Income Tax Refund of Rs 77616 approved. Update bank account details now at http://192.168.1.10/refund/login to receive funds.,1
Income Tax Refund of Rs 79884 approved. Update bank account details now at http://192.168.1.10/refund/login to receive funds.,1
"Dear Customer, your ICICI Bank account is suspended today due to pending KYC. Click http://bit.ly/bank-kyc-verify to update PAN immediately or account will be blocked.",1
Your electricity connection will be disconnected tonight at 9:30 PM. Call bill officer at 9876543210 or pay at http://elec-bill-pay.link,1
"SBI Notice: Unauthorized login from Lagos. If not you, secure account immediately at http://sbi-secure-portal.monster",1
Thank you for dining with us! Here is your e-receipt for Rs 4305.,0
"Dear customer, Rs 1920 credited to your account XX38 via NEFT from Employer Ltd.",0
Your OTP for payment of Rs 1569 is 872343. Do not share this OTP with anyone.,0
"Dear Customer, your SBI account is suspended today due to pending KYC. Click http://bit.ly/bank-kyc-verify to update PAN immediately or account will be blocked.",1
"Dear user, your SIM card will be deactivated in 24 hours. Update Aadhaar details urgently: http://sim-kyc-verify-portal.club",1
Income Tax Refund of Rs 88525 approved. Update bank account details now at http://192.168.1.10/refund/login to receive funds.,1
HDFC Alert: Your NetBanking password expired. Reset password immediately to avoid transaction block: http://hdfc-pass-reset.work,1
"Dear customer, Rs 772 credited to your account XX29 via NEFT from Employer Ltd.",0
HDFC Alert: Your NetBanking password expired. Reset password immediately to avoid transaction block: http://hdfc-pass-reset.work,1
"Dear customer, your credit card points worth Rs 82653 are expiring today. Redeem for cash voucher now: http://reward-redeem-bank.click",1
HDFC Alert: Your NetBanking password expired. Reset password immediately to avoid transaction block: http://hdfc-pass-reset.work,1
HDFC Alert: Your NetBanking password expired. Reset password immediately to avoid transaction block: http://hdfc-pass-reset.work,1
"Dear user, your SIM card will be deactivated in 24 hours. Update Aadhaar details urgently: http://sim-kyc-verify-portal.club",1
Your subscription to Prime has renewed. Receipt sent to your registered email.,0
Your flight ticket to Bengaluru is confirmed. PNR: PNR3171.,0
"Congratulations! You won Rs 50,00,000 lottery from KBC / RBI. Claim your reward immediately by clicking http://claim-prize-bonus.top",1
HDFC Alert: Your NetBanking password expired. Reset password immediately to avoid transaction block: http://hdfc-pass-reset.work,1
Income Tax Refund of Rs 30571 approved. Update bank account details now at http://192.168.1.10/refund/login to receive funds.,1
"SBI Notice: Unauthorized login from Lagos. If not you, secure account immediately at http://sbi-secure-portal.monster",1
"Dear Customer, your SBI account is suspended today due to pending KYC. Click http://bit.ly/bank-kyc-verify to update PAN immediately or account will be blocked.",1
Your electricity bill of Rs 1251 is due on 25th Oct. Pay via official app.,0
Your flight ticket to Bengaluru is confirmed. PNR: PNR2560.,0
"Dear customer, loan of Rs 5,00,000 pre-approved with zero interest. Click http://instant-loan-approval.xyz to disburse.",1
"Dear user, your SIM card will be deactivated in 24 hours. Update Aadhaar details urgently: http://sim-kyc-verify-portal.club",1
Income Tax Refund of Rs 39854 approved. Update bank account details now at http://192.168.1.10/refund/login to receive funds.,1
Your subscription to Prime has renewed. Receipt sent to your registered email.,0
Thank you for dining with us! Here is your e-receipt for Rs 1074.,0
"Dear customer, loan of Rs 5,00,000 pre-approved with zero interest. Click http://instant-loan-approval.xyz to disburse.",1
Your electricity bill of Rs 837 is due on 25th Oct. Pay via official app.,0
Your flight ticket to Bengaluru is confirmed. PNR: PNR8301.,0
"Congratulations! You won Rs 50,00,000 lottery from KBC / RBI. Claim your reward immediately by clicking http://claim-prize-bonus.top",1
Your electricity connection will be disconnected tonight at 9:30 PM. Call bill officer at 9876543210 or pay at http://elec-bill-pay.link,1
"SBI Notice: Unauthorized login from Lagos. If not you, secure account immediately at http://sbi-secure-portal.monster",1
"Dear customer, your credit card points worth Rs 66546 are expiring today. Redeem for cash voucher now: http://reward-redeem-bank.click",1
Income Tax Refund of Rs 53206 approved. Update bank account details now at http://192.168.1.10/refund/login to receive funds.,1
Your electricity connection will be disconnected tonight at 9:30 PM. Call bill officer at 9876543210 or pay at http://elec-bill-pay.link,1
Salary for the month has been processed and credited to your account XX17.,0
Your electricity connection will be disconnected tonight at 9:30 PM. Call bill officer at 9876543210 or pay at http://elec-bill-pay.link,1
"Dear Customer, your HDFC Bank account is suspended today due to pending KYC. Click http://bit.ly/bank-kyc-verify to update PAN immediately or account will be blocked.",1
"Dear customer, your credit card points worth Rs 93494 are expiring today. Redeem for cash voucher now: http://reward-redeem-bank.click",1
Your subscription to Prime has renewed. Receipt sent to your registered email.,0
"Dear customer, Rs 350 credited to your account XX57 via NEFT from Employer Ltd.",0
Your flight ticket to Bengaluru is confirmed. PNR: PNR1745.,0
"SBI Notice: Unauthorized login from Lagos. If not you, secure account immediately at http://sbi-secure-portal.monster",1
"Dear customer, Rs 2572 credited to your account XX48 via NEFT from Employer Ltd.",0
"URGENT: Suspicious transaction of Rs 38791 detected on your account. If not you, cancel immediately at http://secure-bank-cancel-auth.xyz",1
"Dear Customer, your SBI account is suspended today due to pending KYC. Click http://bit.ly/bank-kyc-verify to update PAN immediately or account will be blocked.",1
"Dear customer, your credit card points worth Rs 66825 are expiring today. Redeem for cash voucher now: http://reward-redeem-bank.click",1
Income Tax Refund of Rs 65538 approved. Update bank account details now at http://192.168.1.10/refund/login to receive funds.,1
"Dear Customer, your HDFC Bank account is suspended today due to pending KYC. Click http://bit.ly/bank-kyc-verify to update PAN immediately or account will be blocked.",1
Salary for the month has been processed and credited to your account XX89.,0
"Congratulations! You won Rs 50,00,000 lottery from KBC / RBI. Claim your reward immediately by clicking http://claim-prize-bonus.top",1
"URGENT: Suspicious transaction of Rs 58997 detected on your account. If not you, cancel immediately at http://secure-bank-cancel-auth.xyz",1
"Dear customer, Rs 2311 credited to your account XX40 via NEFT from Employer Ltd.",0
Your statement for card ending XX60 is now ready to view on netbanking.,0
HDFC Alert: Your NetBanking password expired. Reset password immediately to avoid transaction block: http://hdfc-pass-reset.work,1
Welcome to our service. Your order #99536 has been shipped via BlueDart.,0
Welcome to our service. Your order #84683 has been shipped via BlueDart.,0
"Congratulations! You won Rs 50,00,000 lottery from KBC / RBI. Claim your reward immediately by clicking http://claim-prize-bonus.top",1
"Dear user, your SIM card will be deactivated in 24 hours. Update Aadhaar details urgently: http://sim-kyc-verify-portal.club",1
Income Tax Refund of Rs 76691 approved. Update bank account details now at http://192.168.1.10/refund/login to receive funds.,1
Reminder: Doctor appointment scheduled for tomorrow at 10:00 AM.,0
Welcome to our service. Your order #87292 has been shipped via BlueDart.,0
"Dear customer, your credit card points worth Rs 62085 are expiring today. Redeem for cash voucher now: http://reward-redeem-bank.click",1
Salary for the month has been processed and credited to your account XX93.,0
Your flight ticket to Bengaluru is confirmed. PNR: PNR9317.,0
"Dear user, your SIM card will be deactivated in 24 hours. Update Aadhaar details urgently: http://sim-kyc-verify-portal.club",1
"Dear user, your SIM card will be deactivated in 24 hours. Update Aadhaar details urgently: http://sim-kyc-verify-portal.club",1
"Dear Customer, your Kotak Bank account is suspended today due to pending KYC. Click http://bit.ly/bank-kyc-verify to update PAN immediately or account will be blocked.",1
Reminder: Doctor appointment scheduled for tomorrow at 10:00 AM.,0
"SBI Notice: Unauthorized login from Lagos. If not you, secure account immediately at http://sbi-secure-portal.monster",1
Your subscription to Prime has renewed. Receipt sent to your registered email.,0
Your subscription to Prime has renewed. Receipt sent to your registered email.,0
"URGENT: Suspicious transaction of Rs 46242 detected on your account. If not you, cancel immediately at http://secure-bank-cancel-auth.xyz",1
Your OTP for payment of Rs 2940 is 817552. Do not share this OTP with anyone.,0
Welcome to our service. Your order #95180 has been shipped via BlueDart.,0
"SBI Notice: Unauthorized login from Lagos. If not you, secure account immediately at http://sbi-secure-portal.monster",1
"Dear Customer, your Axis Bank account is suspended today due to pending KYC. Click http://bit.ly/bank-kyc-verify to update PAN immediately or account will be blocked.",1
Your subscription to Prime has renewed. Receipt sent to your registered email.,0
Reminder: Doctor appointment scheduled for tomorrow at 10:00 AM.,0
HDFC Alert: Your NetBanking password expired. Reset password immediately to avoid transaction block: http://hdfc-pass-reset.work,1
Income Tax Refund of Rs 39846 approved. Update bank account details now at http://192.168.1.10/refund/login to receive funds.,1
Your electricity connection will be disconnected tonight at 9:30 PM. Call bill officer at 9876543210 or pay at http://elec-bill-pay.link,1
"SBI Notice: Unauthorized login from Lagos. If not you, secure account immediately at http://sbi-secure-portal.monster",1
"Dear customer, your credit card points worth Rs 84045 are expiring today. Redeem for cash voucher now: http://reward-redeem-bank.click",1
Income Tax Refund of Rs 65002 approved. Update bank account details now at http://192.168.1.10/refund/login to receive funds.,1
"Dear customer, Rs 1760 credited to your account XX84 via NEFT from Employer Ltd.",0
Reminder: Doctor appointment scheduled for tomorrow at 10:00 AM.,0
Your flight ticket to Bengaluru is confirmed. PNR: PNR1319.,0
Your flight ticket to Bengaluru is confirmed. PNR: PNR3196.,0
Your electricity connection will be disconnected tonight at 9:30 PM. Call bill officer at 9876543210 or pay at http://elec-bill-pay.link,1
"URGENT: Suspicious transaction of Rs 90413 detected on your account. If not you, cancel immediately at http://secure-bank-cancel-auth.xyz",1
Your OTP for payment of Rs 3341 is 448354. Do not share this OTP with anyone.,0
"Dear customer, Rs 230 credited to your account XX95 via NEFT from Employer Ltd.",0
Salary for the month has been processed and credited to your account XX21.,0
"Dear customer, your credit card points worth Rs 22339 are expiring today. Redeem for cash voucher now: http://reward-redeem-bank.click",1
"Dear customer, Rs 4489 credited to your account XX46 via NEFT from Employer Ltd.",0
Salary for the month has been processed and credited to your account XX52.,0
"Dear customer, Rs 799 credited to your account XX65 via NEFT from Employer Ltd.",0
Your statement for card ending XX44 is now ready to view on netbanking.,0
Salary for the month has been processed and credited to your account XX23.,0
HDFC Alert: Your NetBanking password expired. Reset password immediately to avoid transaction block: http://hdfc-pass-reset.work,1
Salary for the month has been processed and credited to your account XX10.,0
"Dear customer, Rs 2891 credited to your account XX98 via NEFT from Employer Ltd.",0
Salary for the month has been processed and credited to your account XX31.,0
Your electricity bill of Rs 1783 is due on 25th Oct. Pay via official app.,0
"Dear Customer, your Kotak Bank account is suspended today due to pending KYC. Click http://bit.ly/bank-kyc-verify to update PAN immediately or account will be blocked.",1
Income Tax Refund of Rs 62174 approved. Update bank account details now at http://192.168.1.10/refund/login to receive funds.,1
Your subscription to Prime has renewed. Receipt sent to your registered email.,0
"Dear customer, Rs 2130 credited to your account XX40 via NEFT from Employer Ltd.",0
Thank you for dining with us! Here is your e-receipt for Rs 2251.,0
"Dear user, your SIM card will be deactivated in 24 hours. Update Aadhaar details urgently: http://sim-kyc-verify-portal.club",1
Thank you for dining with us! Here is your e-receipt for Rs 3081.,0
Your electricity bill of Rs 4910 is due on 25th Oct. Pay via official app.,0
Reminder: Doctor appointment scheduled for tomorrow at 10:00 AM.,0
"URGENT: Suspicious transaction of Rs 75418 detected on your account. If not you, cancel immediately at http://secure-bank-cancel-auth.xyz",1
HDFC Alert: Your NetBanking password expired. Reset password immediately to avoid transaction block: http://hdfc-pass-reset.work,1
Income Tax Refund of Rs 33702 approved. Update bank account details now at http://192.168.1.10/refund/login to receive funds.,1
Your flight ticket to Bengaluru is confirmed. PNR: PNR2363.,0
"Dear customer, loan of Rs 5,00,000 pre-approved with zero interest. Click http://instant-loan-approval.xyz to disburse.",1
Your subscription to Prime has renewed. Receipt sent to your registered email.,0
"Dear customer, Rs 4642 credited to your account XX70 via NEFT from Employer Ltd.",0
"Dear user, your SIM card will be deactivated in 24 hours. Update Aadhaar details urgently: http://sim-kyc-verify-portal.club",1
Your statement for card ending XX93 is now ready to view on netbanking.,0
"Congratulations! You won Rs 50,00,000 lottery from KBC / RBI. Claim your reward immediately by clicking http://claim-prize-bonus.top",1
Income Tax Refund of Rs 83044 approved. Update bank account details now at http://192.168.1.10/refund/login to receive funds.,1
Your electricity connection will be disconnected tonight at 9:30 PM. Call bill officer at 9876543210 or pay at http://elec-bill-pay.link,1
"Dear customer, your credit card points worth Rs 28238 are expiring today. Redeem for cash voucher now: http://reward-redeem-bank.click",1
"URGENT: Suspicious transaction of Rs 16204 detected on your account. If not you, cancel immediately at http://secure-bank-cancel-auth.xyz",1
Thank you for dining with us! Here is your e-receipt for Rs 1543.,0
HDFC Alert: Your NetBanking password expired. Reset password immediately to avoid transaction block: http://hdfc-pass-reset.work,1
Reminder: Doctor appointment scheduled for tomorrow at 10:00 AM.,0
"Dear user, your SIM card will be deactivated in 24 hours. Update Aadhaar details urgently: http://sim-kyc-verify-portal.club",1
Welcome to our service. Your order #66369 has been shipped via BlueDart.,0
Your OTP for payment of Rs 917 is 952679. Do not share this OTP with anyone.,0
"SBI Notice: Unauthorized login from Lagos. If not you, secure account immediately at http://sbi-secure-portal.monster",1
"Dear Customer, your SBI account is suspended today due to pending KYC. Click http://bit.ly/bank-kyc-verify to update PAN immediately or account will be blocked.",1
"Dear customer, loan of Rs 5,00,000 pre-approved with zero interest. Click http://instant-loan-approval.xyz to disburse.",1
Reminder: Doctor appointment scheduled for tomorrow at 10:00 AM.,0
Salary for the month has been processed and credited to your account XX65.,0
Your electricity connection will be disconnected tonight at 9:30 PM. Call bill officer at 9876543210 or pay at http://elec-bill-pay.link,1
Salary for the month has been processed and credited to your account XX73.,0
Your electricity connection will be disconnected tonight at 9:30 PM. Call bill officer at 9876543210 or pay at http://elec-bill-pay.link,1
Thank you for dining with us! Here is your e-receipt for Rs 1086.,0
Reminder: Doctor appointment scheduled for tomorrow at 10:00 AM.,0
Income Tax Refund of Rs 81889 approved. Update bank account details now at http://192.168.1.10/refund/login to receive funds.,1
"Dear customer, loan of Rs 5,00,000 pre-approved with zero interest. Click http://instant-loan-approval.xyz to disburse.",1
Salary for the month has been processed and credited to your account XX73.,0
Welcome to our service. Your order #30517 has been shipped via BlueDart.,0
"Dear user, your SIM card will be deactivated in 24 hours. Update Aadhaar details urgently: http://sim-kyc-verify-portal.club",1
Your subscription to Prime has renewed. Receipt sent to your registered email.,0
Thank you for dining with us! Here is your e-receipt for Rs 3138.,0
Reminder: Doctor appointment scheduled for tomorrow at 10:00 AM.,0
Reminder: Doctor appointment scheduled for tomorrow at 10:00 AM.,0
Your statement for card ending XX91 is now ready to view on netbanking.,0
Thank you for dining with us! Here is your e-receipt for Rs 3215.,0
Your subscription to Prime has renewed. Receipt sent to your registered email.,0
"Dear customer, Rs 3420 credited to your account XX58 via NEFT from Employer Ltd.",0
Thank you for dining with us! Here is your e-receipt for Rs 403.,0
Your statement for card ending XX68 is now ready to view on netbanking.,0
"Dear customer, your credit card points worth Rs 47154 are expiring today. Redeem for cash voucher now: http://reward-redeem-bank.click",1
Reminder: Doctor appointment scheduled for tomorrow at 10:00 AM.,0
"Dear customer, Rs 1469 credited to your account XX45 via NEFT from Employer Ltd.",0
HDFC Alert: Your NetBanking password expired. Reset password immediately to avoid transaction block: http://hdfc-pass-reset.work,1
Your subscription to Prime has renewed. Receipt sent to your registered email.,0
Your statement for card ending XX98 is now ready to view on netbanking.,0
Income Tax Refund of Rs 87154 approved. Update bank account details now at http://192.168.1.10/refund/login to receive funds.,1
Thank you for dining with us! Here is your e-receipt for Rs 4245.,0
"Dear Customer, your Axis Bank account is suspended today due to pending KYC. Click http://bit.ly/bank-kyc-verify to update PAN immediately or account will be blocked.",1
"Dear Customer, your HDFC Bank account is suspended today due to pending KYC. Click http://bit.ly/bank-kyc-verify to update PAN immediately or account will be blocked.",1
Salary for the month has been processed and credited to your account XX73.,0
Income Tax Refund of Rs 37004 approved. Update bank account details now at http://192.168.1.10/refund/login to receive funds.,1
Your flight ticket to Bengaluru is confirmed. PNR: PNR3534.,0
"URGENT: Suspicious transaction of Rs 41549 detected on your account. If not you, cancel immediately at http://secure-bank-cancel-auth.xyz",1
HDFC Alert: Your NetBanking password expired. Reset password immediately to avoid transaction block: http://hdfc-pass-reset.work,1
Your statement for card ending XX15 is now ready to view on netbanking.,0
Salary for the month has been processed and credited to your account XX63.,0
"Dear customer, loan of Rs 5,00,000 pre-approved with zero interest. Click http://instant-loan-approval.xyz to disburse.",1
"Congratulations! You won Rs 50,00,000 lottery from KBC / RBI. Claim your reward immediately by clicking http://claim-prize-bonus.top",1
"Dear user, your SIM card will be deactivated in 24 hours. Update Aadhaar details urgently: http://sim-kyc-verify-portal.club",1
"SBI Notice: Unauthorized login from Lagos. If not you, secure account immediately at http://sbi-secure-portal.monster",1
Your electricity bill of Rs 3689 is due on 25th Oct. Pay via official app.,0
"Dear customer, your credit card points worth Rs 63170 are expiring today. Redeem for cash voucher now: http://reward-redeem-bank.click",1
Your statement for card ending XX36 is now ready to view on netbanking.,0
"SBI Notice: Unauthorized login from Lagos. If not you, secure account immediately at http://sbi-secure-portal.monster",1
"Dear customer, loan of Rs 5,00,000 pre-approved with zero interest. Click http://instant-loan-approval.xyz to disburse.",1
Your electricity connection will be disconnected tonight at 9:30 PM. Call bill officer at 9876543210 or pay at http://elec-bill-pay.link,1
Thank you for dining with us! Here is your e-receipt for Rs 3791.,0
Income Tax Refund of Rs 36333 approved. Update bank account details now at http://192.168.1.10/refund/login to receive funds.,1
HDFC Alert: Your NetBanking password expired. Reset password immediately to avoid transaction block: http://hdfc-pass-reset.work,1
Welcome to our service. Your order #51573 has been shipped via BlueDart.,0
Thank you for dining with us! Here is your e-receipt for Rs 1319.,0
"Dear Customer, your Kotak Bank account is suspended today due to pending KYC. Click http://bit.ly/bank-kyc-verify to update PAN immediately or account will be blocked.",1
Salary for the month has been processed and credited to your account XX71.,0
HDFC Alert: Your NetBanking password expired. Reset password immediately to avoid transaction block: http://hdfc-pass-reset.work,1
Your subscription to Prime has renewed. Receipt sent to your registered email.,0
Thank you for dining with us! Here is your e-receipt for Rs 839.,0
"SBI Notice: Unauthorized login from Lagos. If not you, secure account immediately at http://sbi-secure-portal.monster",1
Salary for the month has been processed and credited to your account XX96.,0
Your electricity bill of Rs 4186 is due on 25th Oct. Pay via official app.,0
Your OTP for payment of Rs 2807 is 588983. Do not share this OTP with anyone.,0
"Dear Customer, your SBI account is suspended today due to pending KYC. Click http://bit.ly/bank-kyc-verify to update PAN immediately or account will be blocked.",1
Your subscription to Prime has renewed. Receipt sent to your registered email.,0
Income Tax Refund of Rs 35552 approved. Update bank account details now at http://192.168.1.10/refund/login to receive funds.,1
Your electricity bill of Rs 1780 is due on 25th Oct. Pay via official app.,0
Your electricity connection will be disconnected tonight at 9:30 PM. Call bill officer at 9876543210 or pay at http://elec-bill-pay.link,1
"Congratulations! You won Rs 50,00,000 lottery from KBC / RBI. Claim your reward immediately by clicking http://claim-prize-bonus.top",1
"SBI Notice: Unauthorized login from Lagos. If not you, secure account immediately at http://sbi-secure-portal.monster",1
Your electricity connection will be disconnected tonight at 9:30 PM. Call bill officer at 9876543210 or pay at http://elec-bill-pay.link,1
Your electricity bill of Rs 3273 is due on 25th Oct. Pay via official app.,0
Thank you for dining with us! Here is your e-receipt for Rs 258.,0
"SBI Notice: Unauthorized login from Lagos. If not you, secure account immediately at http://sbi-secure-portal.monster",1
Your flight ticket to Bengaluru is confirmed. PNR: PNR1512.,0
Your electricity bill of Rs 2580 is due on 25th Oct. Pay via official app.,0
"Dear user, your SIM card will be deactivated in 24 hours. Update Aadhaar details urgently: http://sim-kyc-verify-portal.club",1
Salary for the month has been processed and credited to your account XX61.,0
Thank you for dining with us! Here is your e-receipt for Rs 988.,0
Your electricity bill of Rs 2200 is due on 25th Oct. Pay via official app.,0
Your OTP for payment of Rs 4192 is 694423. Do not share this OTP with anyone.,0
Reminder: Doctor appointment scheduled for tomorrow at 10:00 AM.,0
Thank you for dining with us! Here is your e-receipt for Rs 3341.,0
Your statement for card ending XX45 is now ready to view on netbanking.,0
Your OTP for payment of Rs 1647 is 255840. Do not share this OTP with anyone.,0
"Dear user, your SIM card will be deactivated in 24 hours. Update Aadhaar details urgently: http://sim-kyc-verify-portal.club",1
Welcome to our service. Your order #48770 has been shipped via BlueDart.,0
Income Tax Refund of Rs 79903 approved. Update bank account details now at http://192.168.1.10/refund/login to receive funds.,1
Your flight ticket to Bengaluru is confirmed. PNR: PNR8546.,0
Your subscription to Prime has renewed. Receipt sent to your registered email.,0
"Dear user, your SIM card will be deactivated in 24 hours. Update Aadhaar details urgently: http://sim-kyc-verify-portal.club",1
Your flight ticket to Bengaluru is confirmed. PNR: PNR7858.,0
Your flight ticket to Bengaluru is confirmed. PNR: PNR3705.,0
Thank you for dining with us! Here is your e-receipt for Rs 3102.,0
Your statement for card ending XX59 is now ready to view on netbanking.,0
Your subscription to Prime has renewed. Receipt sent to your registered email.,0
Income Tax Refund of Rs 25405 approved. Update bank account details now at http://192.168.1.10/refund/login to receive funds.,1
"Dear Customer, your HDFC Bank account is suspended today due to pending KYC. Click http://bit.ly/bank-kyc-verify to update PAN immediately or account will be blocked.",1
Your flight ticket to Bengaluru is confirmed. PNR: PNR2622.,0
Your subscription to Prime has renewed. Receipt sent to your registered email.,0
Welcome to our service. Your order #97650 has been shipped via BlueDart.,0
"Dear user, your SIM card will be deactivated in 24 hours. Update Aadhaar details urgently: http://sim-kyc-verify-portal.club",1
"Dear Customer, your Kotak Bank account is suspended today due to pending KYC. Click http://bit.ly/bank-kyc-verify to update PAN immediately or account will be blocked.",1
Reminder: Doctor appointment scheduled for tomorrow at 10:00 AM.,0
Your electricity bill of Rs 4963 is due on 25th Oct. Pay via official app.,0
Salary for the month has been processed and credited to your account XX38.,0
Income Tax Refund of Rs 20776 approved. Update bank account details now at http://192.168.1.10/refund/login to receive funds.,1
Thank you for dining with us! Here is your e-receipt for Rs 4842.,0
HDFC Alert: Your NetBanking password expired. Reset password immediately to avoid transaction block: http://hdfc-pass-reset.work,1
Your statement for card ending XX26 is now ready to view on netbanking.,0
"Dear customer, loan of Rs 5,00,000 pre-approved with zero interest. Click http://instant-loan-approval.xyz to disburse.",1
Your flight ticket to Bengaluru is confirmed. PNR: PNR8025.,0
HDFC Alert: Your NetBanking password expired. Reset password immediately to avoid transaction block: http://hdfc-pass-reset.work,1
"Dear user, your SIM card will be deactivated in 24 hours. Update Aadhaar details urgently: http://sim-kyc-verify-portal.club",1
Your subscription to Prime has renewed. Receipt sent to your registered email.,0
Your flight ticket to Bengaluru is confirmed. PNR: PNR1760.,0
Welcome to our service. Your order #78306 has been shipped via BlueDart.,0
"Dear customer, Rs 1035 credited to your account XX67 via NEFT from Employer Ltd.",0
HDFC Alert: Your NetBanking password expired. Reset password immediately to avoid transaction block: http://hdfc-pass-reset.work,1
"URGENT: Suspicious transaction of Rs 57513 detected on your account. If not you, cancel immediately at http://secure-bank-cancel-auth.xyz",1
Salary for the month has been processed and credited to your account XX17.,0
Your statement for card ending XX58 is now ready to view on netbanking.,0
Reminder: Doctor appointment scheduled for tomorrow at 10:00 AM.,0
Welcome to our service. Your order #43303 has been shipped via BlueDart.,0
"Congratulations! You won Rs 50,00,000 lottery from KBC / RBI. Claim your reward immediately by clicking http://claim-prize-bonus.top",1
"Dear customer, your credit card points worth Rs 79361 are expiring today. Redeem for cash voucher now: http://reward-redeem-bank.click",1
Salary for the month has been processed and credited to your account XX85.,0
Income Tax Refund of Rs 80948 approved. Update bank account details now at http://192.168.1.10/refund/login to receive funds.,1
"Congratulations! You won Rs 50,00,000 lottery from KBC / RBI. Claim your reward immediately by clicking http://claim-prize-bonus.top",1
HDFC Alert: Your NetBanking password expired. Reset password immediately to avoid transaction block: http://hdfc-pass-reset.work,1
Income Tax Refund of Rs 94709 approved. Update bank account details now at http://192.168.1.10/refund/login to receive funds.,1
Your subscription to Prime has renewed. Receipt sent to your registered email.,0
Salary for the month has been processed and credited to your account XX47.,0
"Dear customer, loan of Rs 5,00,000 pre-approved with zero interest. Click http://instant-loan-approval.xyz to disburse.",1
Your electricity connection will be disconnected tonight at 9:30 PM. Call bill officer at 9876543210 or pay at http://elec-bill-pay.link,1
"Dear customer, your credit card points worth Rs 73342 are expiring today. Redeem for cash voucher now: http://reward-redeem-bank.click",1
"Congratulations! You won Rs 50,00,000 lottery from KBC / RBI. Claim your reward immediately by clicking http://claim-prize-bonus.top",1
Your OTP for payment of Rs 4834 is 647923. Do not share this OTP with anyone.,0
"Dear user, your SIM card will be deactivated in 24 hours. Update Aadhaar details urgently: http://sim-kyc-verify-portal.club",1
Your electricity bill of Rs 3352 is due on 25th Oct. Pay via official app.,0
"Congratulations! You won Rs 50,00,000 lottery from KBC / RBI. Claim your reward immediately by clicking http://claim-prize-bonus.top",1
"Dear customer, loan of Rs 5,00,000 pre-approved with zero interest. Click http://instant-loan-approval.xyz to disburse.",1
Salary for the month has been processed and credited to your account XX35.,0
"Dear user, your SIM card will be deactivated in 24 hours. Update Aadhaar details urgently: http://sim-kyc-verify-portal.club",1
HDFC Alert: Your NetBanking password expired. Reset password immediately to avoid transaction block: http://hdfc-pass-reset.work,1
"Dear Customer, your ICICI Bank account is suspended today due to pending KYC. Click http://bit.ly/bank-kyc-verify to update PAN immediately or account will be blocked.",1
"SBI Notice: Unauthorized login from Lagos. If not you, secure account immediately at http://sbi-secure-portal.monster",1
Your subscription to Prime has renewed. Receipt sent to your registered email.,0
"SBI Notice: Unauthorized login from Lagos. If not you, secure account immediately at http://sbi-secure-portal.monster",1
"Congratulations! You won Rs 50,00,000 lottery from KBC / RBI. Claim your reward immediately by clicking http://claim-prize-bonus.top",1
Income Tax Refund of Rs 49141 approved. Update bank account details now at http://192.168.1.10/refund/login to receive funds.,1
"Dear customer, your credit card points worth Rs 65967 are expiring today. Redeem for cash voucher now: http://reward-redeem-bank.click",1
Your subscription to Prime has renewed. Receipt sent to your registered email.,0
"URGENT: Suspicious transaction of Rs 23322 detected on your account. If not you, cancel immediately at http://secure-bank-cancel-auth.xyz",1
HDFC Alert: Your NetBanking password expired. Reset password immediately to avoid transaction block: http://hdfc-pass-reset.work,1
Thank you for dining with us! Here is your e-receipt for Rs 3491.,0
"Dear Customer, your HDFC Bank account is suspended today due to pending KYC. Click http://bit.ly/bank-kyc-verify to update PAN immediately or account will be blocked.",1
"Dear customer, loan of Rs 5,00,000 pre-approved with zero interest. Click http://instant-loan-approval.xyz to disburse.",1
Reminder: Doctor appointment scheduled for tomorrow at 10:00 AM.,0
Your OTP for payment of Rs 2417 is 438869. Do not share this OTP with anyone.,0
Income Tax Refund of Rs 31420 approved. Update bank account details now at http://192.168.1.10/refund/login to receive funds.,1
"Dear Customer, your HDFC Bank account is suspended today due to pending KYC. Click http://bit.ly/bank-kyc-verify to update PAN immediately or account will be blocked.",1
Welcome to our service. Your order #77302 has been shipped via BlueDart.,0
Your OTP for payment of Rs 4602 is 646230. Do not share this OTP with anyone.,0
Thank you for dining with us! Here is your e-receipt for Rs 872.,0
Your statement for card ending XX72 is now ready to view on netbanking.,0
"Congratulations! You won Rs 50,00,000 lottery from KBC / RBI. Claim your reward immediately by clicking http://claim-prize-bonus.top",1
Salary for the month has been processed and credited to your account XX56.,0
Your electricity bill of Rs 1730 is due on 25th Oct. Pay via official app.,0
Thank you for dining with us! Here is your e-receipt for Rs 2976.,0
"Dear customer, loan of Rs 5,00,000 pre-approved with zero interest. Click http://instant-loan-approval.xyz to disburse.",1
"Dear customer, loan of Rs 5,00,000 pre-approved with zero interest. Click http://instant-loan-approval.xyz to disburse.",1
Reminder: Doctor appointment scheduled for tomorrow at 10:00 AM.,0
Your OTP for payment of Rs 141 is 700538. Do not share this OTP with anyone.,0
Your flight ticket to Bengaluru is confirmed. PNR: PNR9289.,0
"Dear customer, loan of Rs 5,00,000 pre-approved with zero interest. Click http://instant-loan-approval.xyz to disburse.",1
"SBI Notice: Unauthorized login from Lagos. If not you, secure account immediately at http://sbi-secure-portal.monster",1
HDFC Alert: Your NetBanking password expired. Reset password immediately to avoid transaction block: http://hdfc-pass-reset.work,1
"URGENT: Suspicious transaction of Rs 28466 detected on your account. If not you, cancel immediately at http://secure-bank-cancel-auth.xyz",1
"Dear customer, your credit card points worth Rs 78284 are expiring today. Redeem for cash voucher now: http://reward-redeem-bank.click",1
Income Tax Refund of Rs 88877 approved. Update bank account details now at http://192.168.1.10/refund/login to receive funds.,1
"Dear customer, Rs 1784 credited to your account XX99 via NEFT from Employer Ltd.",0
"Dear customer, your credit card points worth Rs 38536 are expiring today. Redeem for cash voucher now: http://reward-redeem-bank.click",1
Welcome to our service. Your order #47743 has been shipped via BlueDart.,0
Your subscription to Prime has renewed. Receipt sent to your registered email.,0
"Congratulations! You won Rs 50,00,000 lottery from KBC / RBI. Claim your reward immediately by clicking http://claim-prize-bonus.top",1
Your subscription to Prime has renewed. Receipt sent to your registered email.,0
Income Tax Refund of Rs 94544 approved. Update bank account details now at http://192.168.1.10/refund/login to receive funds.,1
Your electricity connection will be disconnected tonight at 9:30 PM. Call bill officer at 9876543210 or pay at http://elec-bill-pay.link,1
Welcome to our service. Your order #13433 has been shipped via BlueDart.,0
"Dear Customer, your HDFC Bank account is suspended today due to pending KYC. Click http://bit.ly/bank-kyc-verify to update PAN immediately or account will be blocked.",1
Your statement for card ending XX39 is now ready to view on netbanking.,0
HDFC Alert: Your NetBanking password expired. Reset password immediately to avoid transaction block: http://hdfc-pass-reset.work,1
Your statement for card ending XX24 is now ready to view on netbanking.,0
"Dear customer, loan of Rs 5,00,000 pre-approved with zero interest. Click http://instant-loan-approval.xyz to disburse.",1
"Dear Customer, your HDFC Bank account is suspended today due to pending KYC. Click http://bit.ly/bank-kyc-verify to update PAN immediately or account will be blocked.",1
"Dear customer, loan of Rs 5,00,000 pre-approved with zero interest. Click http://instant-loan-approval.xyz to disburse.",1
"Dear customer, loan of Rs 5,00,000 pre-approved with zero interest. Click http://instant-loan-approval.xyz to disburse.",1
Your subscription to Prime has renewed. Receipt sent to your registered email.,0
"SBI Notice: Unauthorized login from Lagos. If not you, secure account immediately at http://sbi-secure-portal.monster",1
"Dear user, your SIM card will be deactivated in 24 hours. Update Aadhaar details urgently: http://sim-kyc-verify-portal.club",1
Your subscription to Prime has renewed. Receipt sent to your registered email.,0
HDFC Alert: Your NetBanking password expired. Reset password immediately to avoid transaction block: http://hdfc-pass-reset.work,1
Thank you for dining with us! Here is your e-receipt for Rs 1950.,0
"Dear customer, Rs 409 credited to your account XX55 via NEFT from Employer Ltd.",0
Reminder: Doctor appointment scheduled for tomorrow at 10:00 AM.,0
Thank you for dining with us! Here is your e-receipt for Rs 3765.,0
"Dear customer, Rs 230 credited to your account XX34 via NEFT from Employer Ltd.",0
Your electricity bill of Rs 3390 is due on 25th Oct. Pay via official app.,0
Your subscription to Prime has renewed. Receipt sent to your registered email.,0
"Dear Customer, your ICICI Bank account is suspended today due to pending KYC. Click http://bit.ly/bank-kyc-verify to update PAN immediately or account will be blocked.",1
"Dear customer, your credit card points worth Rs 34987 are expiring today. Redeem for cash voucher now: http://reward-redeem-bank.click",1
Income Tax Refund of Rs 91706 approved. Update bank account details now at http://192.168.1.10/refund/login to receive funds.,1
Reminder: Doctor appointment scheduled for tomorrow at 10:00 AM.,0
Welcome to our service. Your order #91123 has been shipped via BlueDart.,0
Income Tax Refund of Rs 43204 approved. Update bank account details now at http://192.168.1.10/refund/login to receive funds.,1
"SBI Notice: Unauthorized login from Lagos. If not you, secure account immediately at http://sbi-secure-portal.monster",1
Salary for the month has been processed and credited to your account XX80.,0
Your flight ticket to Bengaluru is confirmed. PNR: PNR4109.,0
"Dear customer, your credit card points worth Rs 61165 are expiring today. Redeem for cash voucher now: http://reward-redeem-bank.click",1
Thank you for dining with us! Here is your e-receipt for Rs 2072.,0
"Dear customer, your credit card points worth Rs 33564 are expiring today. Redeem for cash voucher now: http://reward-redeem-bank.click",1
Your electricity bill of Rs 2743 is due on 25th Oct. Pay via official app.,0
"URGENT: Suspicious transaction of Rs 52098 detected on your account. If not you, cancel immediately at http://secure-bank-cancel-auth.xyz",1
Your statement for card ending XX69 is now ready to view on netbanking.,0
Your electricity bill of Rs 2218 is due on 25th Oct. Pay via official app.,0
"Dear customer, loan of Rs 5,00,000 pre-approved with zero interest. Click http://instant-loan-approval.xyz to disburse.",1
Salary for the month has been processed and credited to your account XX39.,0
"SBI Notice: Unauthorized login from Lagos. If not you, secure account immediately at http://sbi-secure-portal.monster",1
"URGENT: Suspicious transaction of Rs 22530 detected on your account. If not you, cancel immediately at http://secure-bank-cancel-auth.xyz",1
Your statement for card ending XX97 is now ready to view on netbanking.,0
"Dear Customer, your SBI account is suspended today due to pending KYC. Click http://bit.ly/bank-kyc-verify to update PAN immediately or account will be blocked.",1
"Dear customer, Rs 3582 credited to your account XX32 via NEFT from Employer Ltd.",0
Welcome to our service. Your order #54608 has been shipped via BlueDart.,0
"Dear user, your SIM card will be deactivated in 24 hours. Update Aadhaar details urgently: http://sim-kyc-verify-portal.club",1
HDFC Alert: Your NetBanking password expired. Reset password immediately to avoid transaction block: http://hdfc-pass-reset.work,1
Income Tax Refund of Rs 25245 approved. Update bank account details now at http://192.168.1.10/refund/login to receive funds.,1
"Dear user, your SIM card will be deactivated in 24 hours. Update Aadhaar details urgently: http://sim-kyc-verify-portal.club",1
"Dear Customer, your SBI account is suspended today due to pending KYC. Click http://bit.ly/bank-kyc-verify to update PAN immediately or account will be blocked.",1
"Congratulations! You won Rs 50,00,000 lottery from KBC / RBI. Claim your reward immediately by clicking http://claim-prize-bonus.top",1
Your flight ticket to Bengaluru is confirmed. PNR: PNR8570.,0
Income Tax Refund of Rs 50884 approved. Update bank account details now at http://192.168.1.10/refund/login to receive funds.,1
Reminder: Doctor appointment scheduled for tomorrow at 10:00 AM.,0
Thank you for dining with us! Here is your e-receipt for Rs 4008.,0
Your electricity bill of Rs 2341 is due on 25th Oct. Pay via official app.,0
Your subscription to Prime has renewed. Receipt sent to your registered email.,0
Your statement for card ending XX29 is now ready to view on netbanking.,0
"URGENT: Suspicious transaction of Rs 35056 detected on your account. If not you, cancel immediately at http://secure-bank-cancel-auth.xyz",1
Your statement for card ending XX19 is now ready to view on netbanking.,0
"Dear customer, loan of Rs 5,00,000 pre-approved with zero interest. Click http://instant-loan-approval.xyz to disburse.",1
"Dear customer, your credit card points worth Rs 16161 are expiring today. Redeem for cash voucher now: http://reward-redeem-bank.click",1
"Dear customer, your credit card points worth Rs 58870 are expiring today. Redeem for cash voucher now: http://reward-redeem-bank.click",1
"Dear Customer, your ICICI Bank account is suspended today due to pending KYC. Click http://bit.ly/bank-kyc-verify to update PAN immediately or account will be blocked.",1
Welcome to our service. Your order #84519 has been shipped via BlueDart.,0
Your statement for card ending XX99 is now ready to view on netbanking.,0
"Dear user, your SIM card will be deactivated in 24 hours. Update Aadhaar details urgently: http://sim-kyc-verify-portal.club",1
"URGENT: Suspicious transaction of Rs 64496 detected on your account. If not you, cancel immediately at http://secure-bank-cancel-auth.xyz",1
Income Tax Refund of Rs 36734 approved. Update bank account details now at http://192.168.1.10/refund/login to receive funds.,1
Your subscription to Prime has renewed. Receipt sent to your registered email.,0
"SBI Notice: Unauthorized login from Lagos. If not you, secure account immediately at http://sbi-secure-portal.monster",1
Income Tax Refund of Rs 16990 approved. Update bank account details now at http://192.168.1.10/refund/login to receive funds.,1
Thank you for dining with us! Here is your e-receipt for Rs 3526.,0
"Dear Customer, your Kotak Bank account is suspended today due to pending KYC. Click http://bit.ly/bank-kyc-verify to update PAN immediately or account will be blocked.",1
"Congratulations! You won Rs 50,00,000 lottery from KBC / RBI. Claim your reward immediately by clicking http://claim-prize-bonus.top",1
Your electricity bill of Rs 1793 is due on 25th Oct. Pay via official app.,0
Your electricity connection will be disconnected tonight at 9:30 PM. Call bill officer at 9876543210 or pay at http://elec-bill-pay.link,1
Salary for the month has been processed and credited to your account XX61.,0
Your OTP for payment of Rs 2474 is 405831. Do not share this OTP with anyone.,0
"Dear user, your SIM card will be deactivated in 24 hours. Update Aadhaar details urgently: http://sim-kyc-verify-portal.club",1
Your electricity connection will be disconnected tonight at 9:30 PM. Call bill officer at 9876543210 or pay at http://elec-bill-pay.link,1
"Dear customer, loan of Rs 5,00,000 pre-approved with zero interest. Click http://instant-loan-approval.xyz to disburse.",1
HDFC Alert: Your NetBanking password expired. Reset password immediately to avoid transaction block: http://hdfc-pass-reset.work,1
"Dear customer, Rs 2077 credited to your account XX62 via NEFT from Employer Ltd.",0
Your flight ticket to Bengaluru is confirmed. PNR: PNR1452.,0
"Congratulations! You won Rs 50,00,000 lottery from KBC / RBI. Claim your reward immediately by clicking http://claim-prize-bonus.top",1
Your flight ticket to Bengaluru is confirmed. PNR: PNR5076.,0
Salary for the month has been processed and credited to your account XX25.,0
HDFC Alert: Your NetBanking password expired. Reset password immediately to avoid transaction block: http://hdfc-pass-reset.work,1
"URGENT: Suspicious transaction of Rs 59353 detected on your account. If not you, cancel immediately at http://secure-bank-cancel-auth.xyz",1
"Dear Customer, your Axis Bank account is suspended today due to pending KYC. Click http://bit.ly/bank-kyc-verify to update PAN immediately or account will be blocked.",1
Your subscription to Prime has renewed. Receipt sent to your registered email.,0
"Dear customer, your credit card points worth Rs 89529 are expiring today. Redeem for cash voucher now: http://reward-redeem-bank.click",1
Your flight ticket to Bengaluru is confirmed. PNR: PNR2548.,0
"Dear customer, loan of Rs 5,00,000 pre-approved with zero interest. Click http://instant-loan-approval.xyz to disburse.",1
"Dear user, your SIM card will be deactivated in 24 hours. Update Aadhaar details urgently: http://sim-kyc-verify-portal.club",1
Your subscription to Prime has renewed. Receipt sent to your registered email.,0
"URGENT: Suspicious transaction of Rs 17313 detected on your account. If not you, cancel immediately at http://secure-bank-cancel-auth.xyz",1
Welcome to our service. Your order #36237 has been shipped via BlueDart.,0
"SBI Notice: Unauthorized login from Lagos. If not you, secure account immediately at http://sbi-secure-portal.monster",1
"Dear customer, loan of Rs 5,00,000 pre-approved with zero interest. Click http://instant-loan-approval.xyz to disburse.",1
"SBI Notice: Unauthorized login from Lagos. If not you, secure account immediately at http://sbi-secure-portal.monster",1
Reminder: Doctor appointment scheduled for tomorrow at 10:00 AM.,0
"Dear customer, loan of Rs 5,00,000 pre-approved with zero interest. Click http://instant-loan-approval.xyz to disburse.",1
"Dear Customer, your Axis Bank account is suspended today due to pending KYC. Click http://bit.ly/bank-kyc-verify to update PAN immediately or account will be blocked.",1
"URGENT: Suspicious transaction of Rs 44350 detected on your account. If not you, cancel immediately at http://secure-bank-cancel-auth.xyz",1
"Dear user, your SIM card will be deactivated in 24 hours. Update Aadhaar details urgently: http://sim-kyc-verify-portal.club",1
"Dear customer, Rs 1581 credited to your account XX55 via NEFT from Employer Ltd.",0
Salary for the month has been processed and credited to your account XX64.,0
"Dear user, your SIM card will be deactivated in 24 hours. Update Aadhaar details urgently: http://sim-kyc-verify-portal.club",1
"Congratulations! You won Rs 50,00,000 lottery from KBC / RBI. Claim your reward immediately by clicking http://claim-prize-bonus.top",1
"Dear customer, your credit card points worth Rs 32157 are expiring today. Redeem for cash voucher now: http://reward-redeem-bank.click",1
HDFC Alert: Your NetBanking password expired. Reset password immediately to avoid transaction block: http://hdfc-pass-reset.work,1
"Dear customer, your credit card points worth Rs 78176 are expiring today. Redeem for cash voucher now: http://reward-redeem-bank.click",1
Reminder: Doctor appointment scheduled for tomorrow at 10:00 AM.,0
"Dear user, your SIM card will be deactivated in 24 hours. Update Aadhaar details urgently: http://sim-kyc-verify-portal.club",1
"Dear customer, your credit card points worth Rs 56896 are expiring today. Redeem for cash voucher now: http://reward-redeem-bank.click",1
Your flight ticket to Bengaluru is confirmed. PNR: PNR4288.,0
Your statement for card ending XX99 is now ready to view on netbanking.,0
"URGENT: Suspicious transaction of Rs 85063 detected on your account. If not you, cancel immediately at http://secure-bank-cancel-auth.xyz",1
Your subscription to Prime has renewed. Receipt sent to your registered email.,0
"Congratulations! You won Rs 50,00,000 lottery from KBC / RBI. Claim your reward immediately by clicking http://claim-prize-bonus.top",1
"URGENT: Suspicious transaction of Rs 28672 detected on your account. If not you, cancel immediately at http://secure-bank-cancel-auth.xyz",1
"Dear customer, loan of Rs 5,00,000 pre-approved with zero interest. Click http://instant-loan-approval.xyz to disburse.",1
Your electricity bill of Rs 4164 is due on 25th Oct. Pay via official app.,0
Thank you for dining with us! Here is your e-receipt for Rs 703.,0
"SBI Notice: Unauthorized login from Lagos. If not you, secure account immediately at http://sbi-secure-portal.monster",1
Your electricity connection will be disconnected tonight at 9:30 PM. Call bill officer at 9876543210 or pay at http://elec-bill-pay.link,1
Your statement for card ending XX99 is now ready to view on netbanking.,0
Reminder: Doctor appointment scheduled for tomorrow at 10:00 AM.,0
Thank you for dining with us! Here is your e-receipt for Rs 1218.,0
Your OTP for payment of Rs 1527 is 378258. Do not share this OTP with anyone.,0
Your flight ticket to Bengaluru is confirmed. PNR: PNR6279.,0
Your electricity connection will be disconnected tonight at 9:30 PM. Call bill officer at 9876543210 or pay at http://elec-bill-pay.link,1
Income Tax Refund of Rs 17787 approved. Update bank account details now at http://192.168.1.10/refund/login to receive funds.,1
Your OTP for payment of Rs 2477 is 374516. Do not share this OTP with anyone.,0
"Dear customer, your credit card points worth Rs 58707 are expiring today. Redeem for cash voucher now: http://reward-redeem-bank.click",1
Your subscription to Prime has renewed. Receipt sent to your registered email.,0
"Dear user, your SIM card will be deactivated in 24 hours. Update Aadhaar details urgently: http://sim-kyc-verify-portal.club",1
Thank you for dining with us! Here is your e-receipt for Rs 3039.,0
Thank you for dining with us! Here is your e-receipt for Rs 2191.,0
Reminder: Doctor appointment scheduled for tomorrow at 10:00 AM.,0
Your flight ticket to Bengaluru is confirmed. PNR: PNR9841.,0
Income Tax Refund of Rs 42740 approved. Update bank account details now at http://192.168.1.10/refund/login to receive funds.,1
Income Tax Refund of Rs 81666 approved. Update bank account details now at http://192.168.1.10/refund/login to receive funds.,1
Thank you for dining with us! Here is your e-receipt for Rs 2199.,0
Your subscription to Prime has renewed. Receipt sent to your registered email.,0
HDFC Alert: Your NetBanking password expired. Reset password immediately to avoid transaction block: http://hdfc-pass-reset.work,1
Your subscription to Prime has renewed. Receipt sent to your registered email.,0
Your OTP for payment of Rs 3955 is 333238. Do not share this OTP with anyone.,0
"Congratulations! You won Rs 50,00,000 lottery from KBC / RBI. Claim your reward immediately by clicking http://claim-prize-bonus.top",1
Welcome to our service. Your order #95686 has been shipped via BlueDart.,0
Your electricity bill of Rs 3562 is due on 25th Oct. Pay via official app.,0
Reminder: Doctor appointment scheduled for tomorrow at 10:00 AM.,0
Reminder: Doctor appointment scheduled for tomorrow at 10:00 AM.,0
Thank you for dining with us! Here is your e-receipt for Rs 355.,0
Your OTP for payment of Rs 2112 is 643899. Do not share this OTP with anyone.,0
Your statement for card ending XX89 is now ready to view on netbanking.,0
HDFC Alert: Your NetBanking password expired. Reset password immediately to avoid transaction block: http://hdfc-pass-reset.work,1
Welcome to our service. Your order #81587 has been shipped via BlueDart.,0
"Congratulations! You won Rs 50,00,000 lottery from KBC / RBI. Claim your reward immediately by clicking http://claim-prize-bonus.top",1
"Dear user, your SIM card will be deactivated in 24 hours. Update Aadhaar details urgently: http://sim-kyc-verify-portal.club",1
"Dear customer, loan of Rs 5,00,000 pre-approved with zero interest. Click http://instant-loan-approval.xyz to disburse.",1
"URGENT: Suspicious transaction of Rs 39288 detected on your account. If not you, cancel immediately at http://secure-bank-cancel-auth.xyz",1
Income Tax Refund of Rs 71455 approved. Update bank account details now at http://192.168.1.10/refund/login to receive funds.,1
Your electricity connection will be disconnected tonight at 9:30 PM. Call bill officer at 9876543210 or pay at http://elec-bill-pay.link,1
"URGENT: Suspicious transaction of Rs 31342 detected on your account. If not you, cancel immediately at http://secure-bank-cancel-auth.xyz",1
"SBI Notice: Unauthorized login from Lagos. If not you, secure account immediately at http://sbi-secure-portal.monster",1
Your electricity connection will be disconnected tonight at 9:30 PM. Call bill officer at 9876543210 or pay at http://elec-bill-pay.link,1
"SBI Notice: Unauthorized login from Lagos. If not you, secure account immediately at http://sbi-secure-portal.monster",1
"Dear customer, Rs 154 credited to your account XX91 via NEFT from Employer Ltd.",0
"Dear customer, loan of Rs 5,00,000 pre-approved with zero interest. Click http://instant-loan-approval.xyz to disburse.",1
Your statement for card ending XX55 is now ready to view on netbanking.,0
"URGENT: Suspicious transaction of Rs 26115 detected on your account. If not you, cancel immediately at http://secure-bank-cancel-auth.xyz",1
Your flight ticket to Bengaluru is confirmed. PNR: PNR8755.,0
"Dear customer, Rs 3611 credited to your account XX69 via NEFT from Employer Ltd.",0
"Dear Customer, your SBI account is suspended today due to pending KYC. Click http://bit.ly/bank-kyc-verify to update PAN immediately or account will be blocked.",1
Your OTP for payment of Rs 3976 is 706224. Do not share this OTP with anyone.,0
"Dear customer, loan of Rs 5,00,000 pre-approved with zero interest. Click http://instant-loan-approval.xyz to disburse.",1
Your flight ticket to Bengaluru is confirmed. PNR: PNR4522.,0
Salary for the month has been processed and credited to your account XX66.,0
Your electricity connection will be disconnected tonight at 9:30 PM. Call bill officer at 9876543210 or pay at http://elec-bill-pay.link,1
"Dear customer, your credit card points worth Rs 67952 are expiring today. Redeem for cash voucher now: http://reward-redeem-bank.click",1
"Dear Customer, your HDFC Bank account is suspended today due to pending KYC. Click http://bit.ly/bank-kyc-verify to update PAN immediately or account will be blocked.",1
"Dear customer, Rs 4791 credited to your account XX44 via NEFT from Employer Ltd.",0
Your subscription to Prime has renewed. Receipt sent to your registered email.,0
"Dear customer, loan of Rs 5,00,000 pre-approved with zero interest. Click http://instant-loan-approval.xyz to disburse.",1
Your subscription to Prime has renewed. Receipt sent to your registered email.,0
"Dear user, your SIM card will be deactivated in 24 hours. Update Aadhaar details urgently: http://sim-kyc-verify-portal.club",1
Income Tax Refund of Rs 55383 approved. Update bank account details now at http://192.168.1.10/refund/login to receive funds.,1
Your electricity connection will be disconnected tonight at 9:30 PM. Call bill officer at 9876543210 or pay at http://elec-bill-pay.link,1
Your electricity connection will be disconnected tonight at 9:30 PM. Call bill officer at 9876543210 or pay at http://elec-bill-pay.link,1
"Dear user, your SIM card will be deactivated in 24 hours. Update Aadhaar details urgently: http://sim-kyc-verify-portal.club",1
"Dear customer, Rs 1635 credited to your account XX67 via NEFT from Employer Ltd.",0
Your electricity connection will be disconnected tonight at 9:30 PM. Call bill officer at 9876543210 or pay at http://elec-bill-pay.link,1
HDFC Alert: Your NetBanking password expired. Reset password immediately to avoid transaction block: http://hdfc-pass-reset.work,1
Your electricity connection will be disconnected tonight at 9:30 PM. Call bill officer at 9876543210 or pay at http://elec-bill-pay.link,1
"Dear user, your SIM card will be deactivated in 24 hours. Update Aadhaar details urgently: http://sim-kyc-verify-portal.club",1
Your electricity connection will be disconnected tonight at 9:30 PM. Call bill officer at 9876543210 or pay at http://elec-bill-pay.link,1
Reminder: Doctor appointment scheduled for tomorrow at 10:00 AM.,0
"Dear user, your SIM card will be deactivated in 24 hours. Update Aadhaar details urgently: http://sim-kyc-verify-portal.club",1
Thank you for dining with us! Here is your e-receipt for Rs 467.,0
Welcome to our service. Your order #43902 has been shipped via BlueDart.,0
Welcome to our service. Your order #31206 has been shipped via BlueDart.,0
Your subscription to Prime has renewed. Receipt sent to your registered email.,0
Income Tax Refund of Rs 21233 approved. Update bank account details now at http://192.168.1.10/refund/login to receive funds.,1
Salary for the month has been processed and credited to your account XX23.,0
"URGENT: Suspicious transaction of Rs 26662 detected on your account. If not you, cancel immediately at http://secure-bank-cancel-auth.xyz",1
Your subscription to Prime has renewed. Receipt sent to your registered email.,0
Your electricity bill of Rs 2676 is due on 25th Oct. Pay via official app.,0
Your electricity bill of Rs 2665 is due on 25th Oct. Pay via official app.,0
Welcome to our service. Your order #23462 has been shipped via BlueDart.,0
Your statement for card ending XX76 is now ready to view on netbanking.,0
Your electricity bill of Rs 2891 is due on 25th Oct. Pay via official app.,0
Your statement for card ending XX46 is now ready to view on netbanking.,0
"Dear user, your SIM card will be deactivated in 24 hours. Update Aadhaar details urgently: http://sim-kyc-verify-portal.club",1
Salary for the month has been processed and credited to your account XX79.,0
"SBI Notice: Unauthorized login from Lagos. If not you, secure account immediately at http://sbi-secure-portal.monster",1
Salary for the month has been processed and credited to your account XX80.,0
"Dear Customer, your Kotak Bank account is suspended today due to pending KYC. Click http://bit.ly/bank-kyc-verify to update PAN immediately or account will be blocked.",1
Thank you for dining with us! Here is your e-receipt for Rs 4960.,0
"Dear customer, Rs 4665 credited to your account XX25 via NEFT from Employer Ltd.",0
Salary for the month has been processed and credited to your account XX30.,0
Welcome to our service. Your order #59672 has been shipped via BlueDart.,0
Your flight ticket to Bengaluru is confirmed. PNR: PNR8999.,0
Your subscription to Prime has renewed. Receipt sent to your registered email.,0
"Dear customer, Rs 1882 credited to your account XX27 via NEFT from Employer Ltd.",0
"Dear customer, your credit card points worth Rs 54103 are expiring today. Redeem for cash voucher now: http://reward-redeem-bank.click",1
"Congratulations! You won Rs 50,00,000 lottery from KBC / RBI. Claim your reward immediately by clicking http://claim-prize-bonus.top",1
Income Tax Refund of Rs 37843 approved. Update bank account details now at http://192.168.1.10/refund/login to receive funds.,1
Thank you for dining with us! Here is your e-receipt for Rs 391.,0
"URGENT: Suspicious transaction of Rs 67122 detected on your account. If not you, cancel immediately at http://secure-bank-cancel-auth.xyz",1
Your subscription to Prime has renewed. Receipt sent to your registered email.,0
Reminder: Doctor appointment scheduled for tomorrow at 10:00 AM.,0
"SBI Notice: Unauthorized login from Lagos. If not you, secure account immediately at http://sbi-secure-portal.monster",1
Your flight ticket to Bengaluru is confirmed. PNR: PNR3332.,0
Your OTP for payment of Rs 941 is 761032. Do not share this OTP with anyone.,0
"URGENT: Suspicious transaction of Rs 89603 detected on your account. If not you, cancel immediately at http://secure-bank-cancel-auth.xyz",1
Reminder: Doctor appointment scheduled for tomorrow at 10:00 AM.,0
"Dear customer, loan of Rs 5,00,000 pre-approved with zero interest. Click http://instant-loan-approval.xyz to disburse.",1
"Dear customer, Rs 3334 credited to your account XX14 via NEFT from Employer Ltd.",0
Thank you for dining with us! Here is your e-receipt for Rs 696.,0
Thank you for dining with us! Here is your e-receipt for Rs 465.,0
"Dear customer, your credit card points worth Rs 16908 are expiring today. Redeem for cash voucher now: http://reward-redeem-bank.click",1
Reminder: Doctor appointment scheduled for tomorrow at 10:00 AM.,0
"Dear Customer, your Kotak Bank account is suspended today due to pending KYC. Click http://bit.ly/bank-kyc-verify to update PAN immediately or account will be blocked.",1
Welcome to our service. Your order #85718 has been shipped via BlueDart.,0
Welcome to our service. Your order #99337 has been shipped via BlueDart.,0
"Dear customer, your credit card points worth Rs 94410 are expiring today. Redeem for cash voucher now: http://reward-redeem-bank.click",1
"Dear Customer, your Kotak Bank account is suspended today due to pending KYC. Click http://bit.ly/bank-kyc-verify to update PAN immediately or account will be blocked.",1
"URGENT: Suspicious transaction of Rs 58741 detected on your account. If not you, cancel immediately at http://secure-bank-cancel-auth.xyz",1
Your flight ticket to Bengaluru is confirmed. PNR: PNR2226.,0
"Dear customer, your credit card points worth Rs 60227 are expiring today. Redeem for cash voucher now: http://reward-redeem-bank.click",1
Income Tax Refund of Rs 67026 approved. Update bank account details now at http://192.168.1.10/refund/login to receive funds.,1
Your OTP for payment of Rs 3398 is 863587. Do not share this OTP with anyone.,0
"Dear Customer, your ICICI Bank account is suspended today due to pending KYC. Click http://bit.ly/bank-kyc-verify to update PAN immediately or account will be blocked.",1
Your flight ticket to Bengaluru is confirmed. PNR: PNR8894.,0
Your statement for card ending XX69 is now ready to view on netbanking.,0
"Congratulations! You won Rs 50,00,000 lottery from KBC / RBI. Claim your reward immediately by clicking http://claim-prize-bonus.top",1
Your OTP for payment of Rs 3124 is 710805. Do not share this OTP with anyone.,0
"Congratulations! You won Rs 50,00,000 lottery from KBC / RBI. Claim your reward immediately by clicking http://claim-prize-bonus.top",1
"Dear user, your SIM card will be deactivated in 24 hours. Update Aadhaar details urgently: http://sim-kyc-verify-portal.club",1
Your electricity connection will be disconnected tonight at 9:30 PM. Call bill officer at 9876543210 or pay at http://elec-bill-pay.link,1
Welcome to our service. Your order #46241 has been shipped via BlueDart.,0
Salary for the month has been processed and credited to your account XX97.,0
"SBI Notice: Unauthorized login from Lagos. If not you, secure account immediately at http://sbi-secure-portal.monster",1
"Dear Customer, your SBI account is suspended today due to pending KYC. Click http://bit.ly/bank-kyc-verify to update PAN immediately or account will be blocked.",1
Your statement for card ending XX54 is now ready to view on netbanking.,0
Your electricity bill of Rs 1240 is due on 25th Oct. Pay via official app.,0
Your flight ticket to Bengaluru is confirmed. PNR: PNR9221.,0
"Dear customer, your credit card points worth Rs 74640 are expiring today. Redeem for cash voucher now: http://reward-redeem-bank.click",1
Salary for the month has been processed and credited to your account XX61.,0
Your OTP for payment of Rs 1374 is 265056. Do not share this OTP with anyone.,0
"Dear customer, Rs 736 credited to your account XX71 via NEFT from Employer Ltd.",0
"Dear Customer, your HDFC Bank account is suspended today due to pending KYC. Click http://bit.ly/bank-kyc-verify to update PAN immediately or account will be blocked.",1
Thank you for dining with us! Here is your e-receipt for Rs 1811.,0
Your OTP for payment of Rs 915 is 873637. Do not share this OTP with anyone.,0
Your electricity connection will be disconnected tonight at 9:30 PM. Call bill officer at 9876543210 or pay at http://elec-bill-pay.link,1
Your OTP for payment of Rs 1071 is 333159. Do not share this OTP with anyone.,0
"URGENT: Suspicious transaction of Rs 44436 detected on your account. If not you, cancel immediately at http://secure-bank-cancel-auth.xyz",1
"URGENT: Suspicious transaction of Rs 27272 detected on your account. If not you, cancel immediately at http://secure-bank-cancel-auth.xyz",1
Your subscription to Prime has renewed. Receipt sent to your registered email.,0
"Dear customer, loan of Rs 5,00,000 pre-approved with zero interest. Click http://instant-loan-approval.xyz to disburse.",1
Salary for the month has been processed and credited to your account XX17.,0
Your electricity connection will be disconnected tonight at 9:30 PM. Call bill officer at 9876543210 or pay at http://elec-bill-pay.link,1
"Dear user, your SIM card will be deactivated in 24 hours. Update Aadhaar details urgently: http://sim-kyc-verify-portal.club",1
Your electricity connection will be disconnected tonight at 9:30 PM. Call bill officer at 9876543210 or pay at http://elec-bill-pay.link,1
Your flight ticket to Bengaluru is confirmed. PNR: PNR7607.,0
"Dear customer, Rs 4797 credited to your account XX79 via NEFT from Employer Ltd.",0
Reminder: Doctor appointment scheduled for tomorrow at 10:00 AM.,0
Income Tax Refund of Rs 28701 approved. Update bank account details now at http://192.168.1.10/refund/login to receive funds.,1
HDFC Alert: Your NetBanking password expired. Reset password immediately to avoid transaction block: http://hdfc-pass-reset.work,1
Your subscription to Prime has renewed. Receipt sent to your registered email.,0
Reminder: Doctor appointment scheduled for tomorrow at 10:00 AM.,0
"Dear customer, your credit card points worth Rs 63927 are expiring today. Redeem for cash voucher now: http://reward-redeem-bank.click",1
Your statement for card ending XX16 is now ready to view on netbanking.,0
Welcome to our service. Your order #65492 has been shipped via BlueDart.,0
Salary for the month has been processed and credited to your account XX64.,0
"Dear customer, your credit card points worth Rs 16052 are expiring today. Redeem for cash voucher now: http://reward-redeem-bank.click",1
HDFC Alert: Your NetBanking password expired. Reset password immediately to avoid transaction block: http://hdfc-pass-reset.work,1
"Dear user, your SIM card will be deactivated in 24 hours. Update Aadhaar details urgently: http://sim-kyc-verify-portal.club",1
"Dear Customer, your Kotak Bank account is suspended today due to pending KYC. Click http://bit.ly/bank-kyc-verify to update PAN immediately or account will be blocked.",1
"Dear Customer, your Axis Bank account is suspended today due to pending KYC. Click http://bit.ly/bank-kyc-verify to update PAN immediately or account will be blocked.",1
"Congratulations! You won Rs 50,00,000 lottery from KBC / RBI. Claim your reward immediately by clicking http://claim-prize-bonus.top",1
"Congratulations! You won Rs 50,00,000 lottery from KBC / RBI. Claim your reward immediately by clicking http://claim-prize-bonus.top",1
Your statement for card ending XX51 is now ready to view on netbanking.,0
Your flight ticket to Bengaluru is confirmed. PNR: PNR8165.,0
Your flight ticket to Bengaluru is confirmed. PNR: PNR3250.,0
"Dear Customer, your Axis Bank account is suspended today due to pending KYC. Click http://bit.ly/bank-kyc-verify to update PAN immediately or account will be blocked.",1
"Congratulations! You won Rs 50,00,000 lottery from KBC / RBI. Claim your reward immediately by clicking http://claim-prize-bonus.top",1
"Dear user, your SIM card will be deactivated in 24 hours. Update Aadhaar details urgently: http://sim-kyc-verify-portal.club",1
"Dear Customer, your SBI account is suspended today due to pending KYC. Click http://bit.ly/bank-kyc-verify to update PAN immediately or account will be blocked.",1
Your electricity bill of Rs 389 is due on 25th Oct. Pay via official app.,0
Your flight ticket to Bengaluru is confirmed. PNR: PNR6409.,0
"SBI Notice: Unauthorized login from Lagos. If not you, secure account immediately at http://sbi-secure-portal.monster",1
Your subscription to Prime has renewed. Receipt sent to your registered email.,0
"Dear customer, loan of Rs 5,00,000 pre-approved with zero interest. Click http://instant-loan-approval.xyz to disburse.",1
"Dear Customer, your HDFC Bank account is suspended today due to pending KYC. Click http://bit.ly/bank-kyc-verify to update PAN immediately or account will be blocked.",1
Your electricity connection will be disconnected tonight at 9:30 PM. Call bill officer at 9876543210 or pay at http://elec-bill-pay.link,1
Your subscription to Prime has renewed. Receipt sent to your registered email.,0
Welcome to our service. Your order #34430 has been shipped via BlueDart.,0
Your statement for card ending XX21 is now ready to view on netbanking.,0
Reminder: Doctor appointment scheduled for tomorrow at 10:00 AM.,0
"Dear user, your SIM card will be deactivated in 24 hours. Update Aadhaar details urgently: http://sim-kyc-verify-portal.club",1
"URGENT: Suspicious transaction of Rs 87634 detected on your account. If not you, cancel immediately at http://secure-bank-cancel-auth.xyz",1
"URGENT: Suspicious transaction of Rs 18788 detected on your account. If not you, cancel immediately at http://secure-bank-cancel-auth.xyz",1
Your electricity connection will be disconnected tonight at 9:30 PM. Call bill officer at 9876543210 or pay at http://elec-bill-pay.link,1
"Dear customer, Rs 2648 credited to your account XX74 via NEFT from Employer Ltd.",0
"Dear customer, Rs 680 credited to your account XX66 via NEFT from Employer Ltd.",0
"Dear customer, Rs 1200 credited to your account XX24 via NEFT from Employer Ltd.",0
Salary for the month has been processed and credited to your account XX76.,0
HDFC Alert: Your NetBanking password expired. Reset password immediately to avoid transaction block: http://hdfc-pass-reset.work,1
"URGENT: Suspicious transaction of Rs 80976 detected on your account. If not you, cancel immediately at http://secure-bank-cancel-auth.xyz",1
Your flight ticket to Bengaluru is confirmed. PNR: PNR9887.,0
Your OTP for payment of Rs 1179 is 115582. Do not share this OTP with anyone.,0
HDFC Alert: Your NetBanking password expired. Reset password immediately to avoid transaction block: http://hdfc-pass-reset.work,1
Reminder: Doctor appointment scheduled for tomorrow at 10:00 AM.,0
Income Tax Refund of Rs 23350 approved. Update bank account details now at http://192.168.1.10/refund/login to receive funds.,1
HDFC Alert: Your NetBanking password expired. Reset password immediately to avoid transaction block: http://hdfc-pass-reset.work,1
"Dear user, your SIM card will be deactivated in 24 hours. Update Aadhaar details urgently: http://sim-kyc-verify-portal.club",1
"Dear customer, loan of Rs 5,00,000 pre-approved with zero interest. Click http://instant-loan-approval.xyz to disburse.",1
"Dear user, your SIM card will be deactivated in 24 hours. Update Aadhaar details urgently: http://sim-kyc-verify-portal.club",1
Your subscription to Prime has renewed. Receipt sent to your registered email.,0
"URGENT: Suspicious transaction of Rs 93011 detected on your account. If not you, cancel immediately at http://secure-bank-cancel-auth.xyz",1
"Congratulations! You won Rs 50,00,000 lottery from KBC / RBI. Claim your reward immediately by clicking http://claim-prize-bonus.top",1
Your subscription to Prime has renewed. Receipt sent to your registered email.,0
Your electricity bill of Rs 1158 is due on 25th Oct. Pay via official app.,0
"Dear user, your SIM card will be deactivated in 24 hours. Update Aadhaar details urgently: http://sim-kyc-verify-portal.club",1
Reminder: Doctor appointment scheduled for tomorrow at 10:00 AM.,0
"Dear customer, loan of Rs 5,00,000 pre-approved with zero interest. Click http://instant-loan-approval.xyz to disburse.",1
Your flight ticket to Bengaluru is confirmed. PNR: PNR5111.,0
Your electricity connection will be disconnected tonight at 9:30 PM. Call bill officer at 9876543210 or pay at http://elec-bill-pay.link,1
"URGENT: Suspicious transaction of Rs 27335 detected on your account. If not you, cancel immediately at http://secure-bank-cancel-auth.xyz",1
Salary for the month has been processed and credited to your account XX63.,0
"Congratulations! You won Rs 50,00,000 lottery from KBC / RBI. Claim your reward immediately by clicking http://claim-prize-bonus.top",1
Your subscription to Prime has renewed. Receipt sent to your registered email.,0
Your statement for card ending XX22 is now ready to view on netbanking.,0
Your subscription to Prime has renewed. Receipt sent to your registered email.,0
Your OTP for payment of Rs 3784 is 375581. Do not share this OTP with anyone.,0
"Congratulations! You won Rs 50,00,000 lottery from KBC / RBI. Claim your reward immediately by clicking http://claim-prize-bonus.top",1
Your OTP for payment of Rs 4937 is 147310. Do not share this OTP with anyone.,0
Your electricity bill of Rs 1322 is due on 25th Oct. Pay via official app.,0
Thank you for dining with us! Here is your e-receipt for Rs 1257.,0
Your flight ticket to Bengaluru is confirmed. PNR: PNR3290.,0
Welcome to our service. Your order #29808 has been shipped via BlueDart.,0
Thank you for dining with us! Here is your e-receipt for Rs 1103.,0
Thank you for dining with us! Here is your e-receipt for Rs 3287.,0
Your subscription to Prime has renewed. Receipt sent to your registered email.,0
Salary for the month has been processed and credited to your account XX12.,0
Your statement for card ending XX22 is now ready to view on netbanking.,0
Salary for the month has been processed and credited to your account XX81.,0
"Dear user, your SIM card will be deactivated in 24 hours. Update Aadhaar details urgently: http://sim-kyc-verify-portal.club",1
"SBI Notice: Unauthorized login from Lagos. If not you, secure account immediately at http://sbi-secure-portal.monster",1
"Dear customer, Rs 3806 credited to your account XX40 via NEFT from Employer Ltd.",0
HDFC Alert: Your NetBanking password expired. Reset password immediately to avoid transaction block: http://hdfc-pass-reset.work,1
"Dear user, your SIM card will be deactivated in 24 hours. Update Aadhaar details urgently: http://sim-kyc-verify-portal.club",1
"URGENT: Suspicious transaction of Rs 54883 detected on your account. If not you, cancel immediately at http://secure-bank-cancel-auth.xyz",1
Your subscription to Prime has renewed. Receipt sent to your registered email.,0
Your electricity connection will be disconnected tonight at 9:30 PM. Call bill officer at 9876543210 or pay at http://elec-bill-pay.link,1
Salary for the month has been processed and credited to your account XX64.,0
"URGENT: Suspicious transaction of Rs 18177 detected on your account. If not you, cancel immediately at http://secure-bank-cancel-auth.xyz",1
"Dear customer, Rs 4987 credited to your account XX54 via NEFT from Employer Ltd.",0
Your subscription to Prime has renewed. Receipt sent to your registered email.,0
Your electricity bill of Rs 294 is due on 25th Oct. Pay via official app.,0
"Dear customer, your credit card points worth Rs 37954 are expiring today. Redeem for cash voucher now: http://reward-redeem-bank.click",1
"URGENT: Suspicious transaction of Rs 62654 detected on your account. If not you, cancel immediately at http://secure-bank-cancel-auth.xyz",1
"Dear customer, your credit card points worth Rs 92863 are expiring today. Redeem for cash voucher now: http://reward-redeem-bank.click",1
Your electricity connection will be disconnected tonight at 9:30 PM. Call bill officer at 9876543210 or pay at http://elec-bill-pay.link,1
Welcome to our service. Your order #50135 has been shipped via BlueDart.,0
Your electricity bill of Rs 738 is due on 25th Oct. Pay via official app.,0
"Dear customer, Rs 748 credited to your account XX53 via NEFT from Employer Ltd.",0
Reminder: Doctor appointment scheduled for tomorrow at 10:00 AM.,0
Reminder: Doctor appointment scheduled for tomorrow at 10:00 AM.,0
Your electricity connection will be disconnected tonight at 9:30 PM. Call bill officer at 9876543210 or pay at http://elec-bill-pay.link,1
Reminder: Doctor appointment scheduled for tomorrow at 10:00 AM.,0
Your OTP for payment of Rs 3045 is 835716. Do not share this OTP with anyone.,0
Income Tax Refund of Rs 52811 approved. Update bank account details now at http://192.168.1.10/refund/login to receive funds.,1
"SBI Notice: Unauthorized login from Lagos. If not you, secure account immediately at http://sbi-secure-portal.monster",1
"Dear Customer, your Axis Bank account is suspended today due to pending KYC. Click http://bit.ly/bank-kyc-verify to update PAN immediately or account will be blocked.",1
"Dear customer, loan of Rs 5,00,000 pre-approved with zero interest. Click http://instant-loan-approval.xyz to disburse.",1
Your subscription to Prime has renewed. Receipt sent to your registered email.,0
Reminder: Doctor appointment scheduled for tomorrow at 10:00 AM.,0
Your flight ticket to Bengaluru is confirmed. PNR: PNR5762.,0
Income Tax Refund of Rs 68729 approved. Update bank account details now at http://192.168.1.10/refund/login to receive funds.,1
"SBI Notice: Unauthorized login from Lagos. If not you, secure account immediately at http://sbi-secure-portal.monster",1
"SBI Notice: Unauthorized login from Lagos. If not you, secure account immediately at http://sbi-secure-portal.monster",1
"Dear customer, loan of Rs 5,00,000 pre-approved with zero interest. Click http://instant-loan-approval.xyz to disburse.",1
"Dear customer, loan of Rs 5,00,000 pre-approved with zero interest. Click http://instant-loan-approval.xyz to disburse.",1
Thank you for dining with us! Here is your e-receipt for Rs 4835.,0
Thank you for dining with us! Here is your e-receipt for Rs 2490.,0
Welcome to our service. Your order #38080 has been shipped via BlueDart.,0
Your electricity connection will be disconnected tonight at 9:30 PM. Call bill officer at 9876543210 or pay at http://elec-bill-pay.link,1
Reminder: Doctor appointment scheduled for tomorrow at 10:00 AM.,0
Your subscription to Prime has renewed. Receipt sent to your registered email.,0
Your electricity connection will be disconnected tonight at 9:30 PM. Call bill officer at 9876543210 or pay at http://elec-bill-pay.link,1
Thank you for dining with us! Here is your e-receipt for Rs 1092.,0
Your electricity connection will be disconnected tonight at 9:30 PM. Call bill officer at 9876543210 or pay at http://elec-bill-pay.link,1
"Dear customer, loan of Rs 5,00,000 pre-approved with zero interest. Click http://instant-loan-approval.xyz to disburse.",1
Your electricity bill of Rs 195 is due on 25th Oct. Pay via official app.,0
Your electricity bill of Rs 4223 is due on 25th Oct. Pay via official app.,0
Thank you for dining with us! Here is your e-receipt for Rs 3742.,0
Your electricity bill of Rs 2925 is due on 25th Oct. Pay via official app.,0
"URGENT: Suspicious transaction of Rs 49029 detected on your account. If not you, cancel immediately at http://secure-bank-cancel-auth.xyz",1
Your electricity bill of Rs 4606 is due on 25th Oct. Pay via official app.,0
"Dear user, your SIM card will be deactivated in 24 hours. Update Aadhaar details urgently: http://sim-kyc-verify-portal.club",1
"URGENT: Suspicious transaction of Rs 20723 detected on your account. If not you, cancel immediately at http://secure-bank-cancel-auth.xyz",1
Thank you for dining with us! Here is your e-receipt for Rs 4585.,0
"Dear user, your SIM card will be deactivated in 24 hours. Update Aadhaar details urgently: http://sim-kyc-verify-portal.club",1
"Congratulations! You won Rs 50,00,000 lottery from KBC / RBI. Claim your reward immediately by clicking http://claim-prize-bonus.top",1
Your electricity connection will be disconnected tonight at 9:30 PM. Call bill officer at 9876543210 or pay at http://elec-bill-pay.link,1
"Dear customer, your credit card points worth Rs 75774 are expiring today. Redeem for cash voucher now: http://reward-redeem-bank.click",1
"Dear Customer, your ICICI Bank account is suspended today due to pending KYC. Click http://bit.ly/bank-kyc-verify to update PAN immediately or account will be blocked.",1
Your OTP for payment of Rs 3960 is 748410. Do not share this OTP with anyone.,0
Reminder: Doctor appointment scheduled for tomorrow at 10:00 AM.,0
Income Tax Refund of Rs 70846 approved. Update bank account details now at http://192.168.1.10/refund/login to receive funds.,1
"URGENT: Suspicious transaction of Rs 71554 detected on your account. If not you, cancel immediately at http://secure-bank-cancel-auth.xyz",1
"SBI Notice: Unauthorized login from Lagos. If not you, secure account immediately at http://sbi-secure-portal.monster",1
"Dear customer, Rs 4128 credited to your account XX88 via NEFT from Employer Ltd.",0
HDFC Alert: Your NetBanking password expired. Reset password immediately to avoid transaction block: http://hdfc-pass-reset.work,1
Your electricity bill of Rs 3292 is due on 25th Oct. Pay via official app.,0
Salary for the month has been processed and credited to your account XX71.,0
Your statement for card ending XX22 is now ready to view on netbanking.,0
Salary for the month has been processed and credited to your account XX16.,0
"Dear customer, your credit card points worth Rs 79315 are expiring today. Redeem for cash voucher now: http://reward-redeem-bank.click",1
Thank you for dining with us! Here is your e-receipt for Rs 3677.,0
"Congratulations! You won Rs 50,00,000 lottery from KBC / RBI. Claim your reward immediately by clicking http://claim-prize-bonus.top",1
Income Tax Refund of Rs 69932 approved. Update bank account details now at http://192.168.1.10/refund/login to receive funds.,1
Welcome to our service. Your order #23994 has been shipped via BlueDart.,0
Salary for the month has been processed and credited to your account XX48.,0
"URGENT: Suspicious transaction of Rs 16821 detected on your account. If not you, cancel immediately at http://secure-bank-cancel-auth.xyz",1
Your flight ticket to Bengaluru is confirmed. PNR: PNR8485.,0
Your subscription to Prime has renewed. Receipt sent to your registered email.,0
Welcome to our service. Your order #65312 has been shipped via BlueDart.,0
"Dear Customer, your Kotak Bank account is suspended today due to pending KYC. Click http://bit.ly/bank-kyc-verify to update PAN immediately or account will be blocked.",1
Your electricity bill of Rs 3287 is due on 25th Oct. Pay via official app.,0
Thank you for dining with us! Here is your e-receipt for Rs 1034.,0
Your electricity connection will be disconnected tonight at 9:30 PM. Call bill officer at 9876543210 or pay at http://elec-bill-pay.link,1
Salary for the month has been processed and credited to your account XX82.,0
Welcome to our service. Your order #69974 has been shipped via BlueDart.,0
"Dear customer, your credit card points worth Rs 85092 are expiring today. Redeem for cash voucher now: http://reward-redeem-bank.click",1
Your electricity bill of Rs 2035 is due on 25th Oct. Pay via official app.,0
Salary for the month has been processed and credited to your account XX13.,0
Your statement for card ending XX93 is now ready to view on netbanking.,0
Income Tax Refund of Rs 61257 approved. Update bank account details now at http://192.168.1.10/refund/login to receive funds.,1
"Dear Customer, your ICICI Bank account is suspended today due to pending KYC. Click http://bit.ly/bank-kyc-verify to update PAN immediately or account will be blocked.",1
Income Tax Refund of Rs 80542 approved. Update bank account details now at http://192.168.1.10/refund/login to receive funds.,1
Reminder: Doctor appointment scheduled for tomorrow at 10:00 AM.,0
Your OTP for payment of Rs 369 is 285460. Do not share this OTP with anyone.,0
Income Tax Refund of Rs 27224 approved. Update bank account details now at http://192.168.1.10/refund/login to receive funds.,1
HDFC Alert: Your NetBanking password expired. Reset password immediately to avoid transaction block: http://hdfc-pass-reset.work,1
"Dear customer, Rs 4212 credited to your account XX16 via NEFT from Employer Ltd.",0
Income Tax Refund of Rs 93924 approved. Update bank account details now at http://192.168.1.10/refund/login to receive funds.,1
Your subscription to Prime has renewed. Receipt sent to your registered email.,0
"Congratulations! You won Rs 50,00,000 lottery from KBC / RBI. Claim your reward immediately by clicking http://claim-prize-bonus.top",1
Welcome to our service. Your order #55943 has been shipped via BlueDart.,0
"Dear customer, loan of Rs 5,00,000 pre-approved with zero interest. Click http://instant-loan-approval.xyz to disburse.",1
Your electricity connection will be disconnected tonight at 9:30 PM. Call bill officer at 9876543210 or pay at http://elec-bill-pay.link,1
"Dear user, your SIM card will be deactivated in 24 hours. Update Aadhaar details urgently: http://sim-kyc-verify-portal.club",1
Your subscription to Prime has renewed. Receipt sent to your registered email.,0
"SBI Notice: Unauthorized login from Lagos. If not you, secure account immediately at http://sbi-secure-portal.monster",1
Income Tax Refund of Rs 69820 approved. Update bank account details now at http://192.168.1.10/refund/login to receive funds.,1
"Dear customer, your credit card points worth Rs 46645 are expiring today. Redeem for cash voucher now: http://reward-redeem-bank.click",1
Thank you for dining with us! Here is your e-receipt for Rs 1680.,0
"Dear customer, your credit card points worth Rs 88265 are expiring today. Redeem for cash voucher now: http://reward-redeem-bank.click",1
Salary for the month has been processed and credited to your account XX46.,0
"Dear customer, loan of Rs 5,00,000 pre-approved with zero interest. Click http://instant-loan-approval.xyz to disburse.",1
Your electricity connection will be disconnected tonight at 9:30 PM. Call bill officer at 9876543210 or pay at http://elec-bill-pay.link,1
Reminder: Doctor appointment scheduled for tomorrow at 10:00 AM.,0
Reminder: Doctor appointment scheduled for tomorrow at 10:00 AM.,0
Your statement for card ending XX78 is now ready to view on netbanking.,0
"SBI Notice: Unauthorized login from Lagos. If not you, secure account immediately at http://sbi-secure-portal.monster",1
"SBI Notice: Unauthorized login from Lagos. If not you, secure account immediately at http://sbi-secure-portal.monster",1
Your flight ticket to Bengaluru is confirmed. PNR: PNR4469.,0
"Dear customer, Rs 3885 credited to your account XX27 via NEFT from Employer Ltd.",0
Welcome to our service. Your order #15276 has been shipped via BlueDart.,0
Welcome to our service. Your order #76895 has been shipped via BlueDart.,0
Your electricity connection will be disconnected tonight at 9:30 PM. Call bill officer at 9876543210 or pay at http://elec-bill-pay.link,1
"Dear customer, your credit card points worth Rs 31705 are expiring today. Redeem for cash voucher now: http://reward-redeem-bank.click",1
Thank you for dining with us! Here is your e-receipt for Rs 1490.,0
"Dear customer, loan of Rs 5,00,000 pre-approved with zero interest. Click http://instant-loan-approval.xyz to disburse.",1
Your electricity bill of Rs 3210 is due on 25th Oct. Pay via official app.,0
"SBI Notice: Unauthorized login from Lagos. If not you, secure account immediately at http://sbi-secure-portal.monster",1
Salary for the month has been processed and credited to your account XX56.,0
Your electricity connection will be disconnected tonight at 9:30 PM. Call bill officer at 9876543210 or pay at http://elec-bill-pay.link,1
Salary for the month has been processed and credited to your account XX53.,0
Your electricity bill of Rs 3560 is due on 25th Oct. Pay via official app.,0
Your subscription to Prime has renewed. Receipt sent to your registered email.,0
Your statement for card ending XX81 is now ready to view on netbanking.,0
"SBI Notice: Unauthorized login from Lagos. If not you, secure account immediately at http://sbi-secure-portal.monster",1
"Dear user, your SIM card will be deactivated in 24 hours. Update Aadhaar details urgently: http://sim-kyc-verify-portal.club",1
"Dear customer, your credit card points worth Rs 33426 are expiring today. Redeem for cash voucher now: http://reward-redeem-bank.click",1
"Dear Customer, your Axis Bank account is suspended today due to pending KYC. Click http://bit.ly/bank-kyc-verify to update PAN immediately or account will be blocked.",1
"Dear customer, your credit card points worth Rs 23450 are expiring today. Redeem for cash voucher now: http://reward-redeem-bank.click",1
"Dear user, your SIM card will be deactivated in 24 hours. Update Aadhaar details urgently: http://sim-kyc-verify-portal.club",1
"URGENT: Suspicious transaction of Rs 76156 detected on your account. If not you, cancel immediately at http://secure-bank-cancel-auth.xyz",1
Your statement for card ending XX93 is now ready to view on netbanking.,0
Income Tax Refund of Rs 41006 approved. Update bank account details now at http://192.168.1.10/refund/login to receive funds.,1
Your statement for card ending XX43 is now ready to view on netbanking.,0
Reminder: Doctor appointment scheduled for tomorrow at 10:00 AM.,0
"Dear customer, your credit card points worth Rs 15158 are expiring today. Redeem for cash voucher now: http://reward-redeem-bank.click",1
"Dear customer, your credit card points worth Rs 89890 are expiring today. Redeem for cash voucher now: http://reward-redeem-bank.click",1
Reminder: Doctor appointment scheduled for tomorrow at 10:00 AM.,0
"Dear customer, Rs 1446 credited to your account XX41 via NEFT from Employer Ltd.",0
Welcome to our service. Your order #99015 has been shipped via BlueDart.,0
Your flight ticket to Bengaluru is confirmed. PNR: PNR4617.,0
"Dear customer, loan of Rs 5,00,000 pre-approved with zero interest. Click http://instant-loan-approval.xyz to disburse.",1
"Dear Customer, your ICICI Bank account is suspended today due to pending KYC. Click http://bit.ly/bank-kyc-verify to update PAN immediately or account will be blocked.",1
"Dear customer, your credit card points worth Rs 55107 are expiring today. Redeem for cash voucher now: http://reward-redeem-bank.click",1
"URGENT: Suspicious transaction of Rs 73262 detected on your account. If not you, cancel immediately at http://secure-bank-cancel-auth.xyz",1
"Congratulations! You won Rs 50,00,000 lottery from KBC / RBI. Claim your reward immediately by clicking http://claim-prize-bonus.top",1
Reminder: Doctor appointment scheduled for tomorrow at 10:00 AM.,0
"URGENT: Suspicious transaction of Rs 51581 detected on your account. If not you, cancel immediately at http://secure-bank-cancel-auth.xyz",1
Your OTP for payment of Rs 1077 is 901865. Do not share this OTP with anyone.,0
"Dear user, your SIM card will be deactivated in 24 hours. Update Aadhaar details urgently: http://sim-kyc-verify-portal.club",1
Reminder: Doctor appointment scheduled for tomorrow at 10:00 AM.,0
"SBI Notice: Unauthorized login from Lagos. If not you, secure account immediately at http://sbi-secure-portal.monster",1
HDFC Alert: Your NetBanking password expired. Reset password immediately to avoid transaction block: http://hdfc-pass-reset.work,1
"Dear user, your SIM card will be deactivated in 24 hours. Update Aadhaar details urgently: http://sim-kyc-verify-portal.club",1
"Dear Customer, your HDFC Bank account is suspended today due to pending KYC. Click http://bit.ly/bank-kyc-verify to update PAN immediately or account will be blocked.",1
Your electricity bill of Rs 228 is due on 25th Oct. Pay via official app.,0
"URGENT: Suspicious transaction of Rs 30465 detected on your account. If not you, cancel immediately at http://secure-bank-cancel-auth.xyz",1
Your subscription to Prime has renewed. Receipt sent to your registered email.,0
"SBI Notice: Unauthorized login from Lagos. If not you, secure account immediately at http://sbi-secure-portal.monster",1
"Congratulations! You won Rs 50,00,000 lottery from KBC / RBI. Claim your reward immediately by clicking http://claim-prize-bonus.top",1
Salary for the month has been processed and credited to your account XX41.,0
Your flight ticket to Bengaluru is confirmed. PNR: PNR9132.,0
"Dear customer, loan of Rs 5,00,000 pre-approved with zero interest. Click http://instant-loan-approval.xyz to disburse.",1
Your subscription to Prime has renewed. Receipt sent to your registered email.,0
"URGENT: Suspicious transaction of Rs 31809 detected on your account. If not you, cancel immediately at http://secure-bank-cancel-auth.xyz",1
Welcome to our service. Your order #87304 has been shipped via BlueDart.,0
"Congratulations! You won Rs 50,00,000 lottery from KBC / RBI. Claim your reward immediately by clicking http://claim-prize-bonus.top",1
"Dear customer, Rs 2638 credited to your account XX75 via NEFT from Employer Ltd.",0
"Dear customer, Rs 4012 credited to your account XX29 via NEFT from Employer Ltd.",0
Salary for the month has been processed and credited to your account XX18.,0
Your statement for card ending XX79 is now ready to view on netbanking.,0
Your flight ticket to Bengaluru is confirmed. PNR: PNR5821.,0
Salary for the month has been processed and credited to your account XX20.,0
"Dear customer, Rs 879 credited to your account XX37 via NEFT from Employer Ltd.",0
Your subscription to Prime has renewed. Receipt sent to your registered email.,0
Reminder: Doctor appointment scheduled for tomorrow at 10:00 AM.,0
Reminder: Doctor appointment scheduled for tomorrow at 10:00 AM.,0
Your electricity bill of Rs 2037 is due on 25th Oct. Pay via official app.,0
"Dear Customer, your HDFC Bank account is suspended today due to pending KYC. Click http://bit.ly/bank-kyc-verify to update PAN immediately or account will be blocked.",1
Your electricity connection will be disconnected tonight at 9:30 PM. Call bill officer at 9876543210 or pay at http://elec-bill-pay.link,1
Your subscription to Prime has renewed. Receipt sent to your registered email.,0
"Dear customer, loan of Rs 5,00,000 pre-approved with zero interest. Click http://instant-loan-approval.xyz to disburse.",1
Your flight ticket to Bengaluru is confirmed. PNR: PNR2797.,0
"Dear Customer, your HDFC Bank account is suspended today due to pending KYC. Click http://bit.ly/bank-kyc-verify to update PAN immediately or account will be blocked.",1
Welcome to our service. Your order #24993 has been shipped via BlueDart.,0
Reminder: Doctor appointment scheduled for tomorrow at 10:00 AM.,0
"Dear customer, loan of Rs 5,00,000 pre-approved with zero interest. Click http://instant-loan-approval.xyz to disburse.",1
"URGENT: Suspicious transaction of Rs 90053 detected on your account. If not you, cancel immediately at http://secure-bank-cancel-auth.xyz",1
Welcome to our service. Your order #92396 has been shipped via BlueDart.,0
HDFC Alert: Your NetBanking password expired. Reset password immediately to avoid transaction block: http://hdfc-pass-reset.work,1
Reminder: Doctor appointment scheduled for tomorrow at 10:00 AM.,0
Your subscription to Prime has renewed. Receipt sent to your registered email.,0
Reminder: Doctor appointment scheduled for tomorrow at 10:00 AM.,0
"SBI Notice: Unauthorized login from Lagos. If not you, secure account immediately at http://sbi-secure-portal.monster",1
"URGENT: Suspicious transaction of Rs 43686 detected on your account. If not you, cancel immediately at http://secure-bank-cancel-auth.xyz",1
Income Tax Refund of Rs 74515 approved. Update bank account details now at http://192.168.1.10/refund/login to receive funds.,1
Thank you for dining with us! Here is your e-receipt for Rs 4541.,0
Your electricity bill of Rs 892 is due on 25th Oct. Pay via official app.,0
"Dear customer, Rs 3941 credited to your account XX90 via NEFT from Employer Ltd.",0
"Dear customer, Rs 2036 credited to your account XX62 via NEFT from Employer Ltd.",0
Welcome to our service. Your order #71349 has been shipped via BlueDart.,0
Your statement for card ending XX50 is now ready to view on netbanking.,0
Thank you for dining with us! Here is your e-receipt for Rs 1250.,0
Thank you for dining with us! Here is your e-receipt for Rs 1498.,0
Your electricity bill of Rs 4983 is due on 25th Oct. Pay via official app.,0
Your statement for card ending XX85 is now ready to view on netbanking.,0
HDFC Alert: Your NetBanking password expired. Reset password immediately to avoid transaction block: http://hdfc-pass-reset.work,1
"URGENT: Suspicious transaction of Rs 61833 detected on your account. If not you, cancel immediately at http://secure-bank-cancel-auth.xyz",1
"SBI Notice: Unauthorized login from Lagos. If not you, secure account immediately at http://sbi-secure-portal.monster",1
"Dear customer, Rs 1177 credited to your account XX10 via NEFT from Employer Ltd.",0
Your flight ticket to Bengaluru is confirmed. PNR: PNR2343.,0
Your subscription to Prime has renewed. Receipt sent to your registered email.,0
"Dear customer, your credit card points worth Rs 28274 are expiring today. Redeem for cash voucher now: http://reward-redeem-bank.click",1
"Dear customer, your credit card points worth Rs 38910 are expiring today. Redeem for cash voucher now: http://reward-redeem-bank.click",1
"Dear customer, loan of Rs 5,00,000 pre-approved with zero interest. Click http://instant-loan-approval.xyz to disburse.",1
"Congratulations! You won Rs 50,00,000 lottery from KBC / RBI. Claim your reward immediately by clicking http://claim-prize-bonus.top",1
Reminder: Doctor appointment scheduled for tomorrow at 10:00 AM.,0
Your flight ticket to Bengaluru is confirmed. PNR: PNR7337.,0
Your OTP for payment of Rs 4844 is 871476. Do not share this OTP with anyone.,0
Reminder: Doctor appointment scheduled for tomorrow at 10:00 AM.,0
"Congratulations! You won Rs 50,00,000 lottery from KBC / RBI. Claim your reward immediately by clicking http://claim-prize-bonus.top",1
"Dear customer, loan of Rs 5,00,000 pre-approved with zero interest. Click http://instant-loan-approval.xyz to disburse.",1
Your subscription to Prime has renewed. Receipt sent to your registered email.,0
Your OTP for payment of Rs 2647 is 146168. Do not share this OTP with anyone.,0
Your flight ticket to Bengaluru is confirmed. PNR: PNR8687.,0
HDFC Alert: Your NetBanking password expired. Reset password immediately to avoid transaction block: http://hdfc-pass-reset.work,1
"Dear customer, your credit card points worth Rs 58522 are expiring today. Redeem for cash voucher now: http://reward-redeem-bank.click",1
Your electricity bill of Rs 2361 is due on 25th Oct. Pay via official app.,0
Salary for the month has been processed and credited to your account XX23.,0
"URGENT: Suspicious transaction of Rs 52173 detected on your account. If not you, cancel immediately at http://secure-bank-cancel-auth.xyz",1
HDFC Alert: Your NetBanking password expired. Reset password immediately to avoid transaction block: http://hdfc-pass-reset.work,1
Your subscription to Prime has renewed. Receipt sent to your registered email.,0
Salary for the month has been processed and credited to your account XX72.,0
"Dear customer, Rs 2869 credited to your account XX85 via NEFT from Employer Ltd.",0
Income Tax Refund of Rs 25041 approved. Update bank account details now at http://192.168.1.10/refund/login to receive funds.,1
Thank you for dining with us! Here is your e-receipt for Rs 1513.,0
"Dear Customer, your Axis Bank account is suspended today due to pending KYC. Click http://bit.ly/bank-kyc-verify to update PAN immediately or account will be blocked.",1
Your electricity bill of Rs 4780 is due on 25th Oct. Pay via official app.,0
"Dear user, your SIM card will be deactivated in 24 hours. Update Aadhaar details urgently: http://sim-kyc-verify-portal.club",1
"Congratulations! You won Rs 50,00,000 lottery from KBC / RBI. Claim your reward immediately by clicking http://claim-prize-bonus.top",1
Your flight ticket to Bengaluru is confirmed. PNR: PNR4580.,0
"URGENT: Suspicious transaction of Rs 22954 detected on your account. If not you, cancel immediately at http://secure-bank-cancel-auth.xyz",1
"Congratulations! You won Rs 50,00,000 lottery from KBC / RBI. Claim your reward immediately by clicking http://claim-prize-bonus.top",1
"Dear customer, Rs 1262 credited to your account XX91 via NEFT from Employer Ltd.",0
Reminder: Doctor appointment scheduled for tomorrow at 10:00 AM.,0
Reminder: Doctor appointment scheduled for tomorrow at 10:00 AM.,0
"Dear customer, your credit card points worth Rs 47780 are expiring today. Redeem for cash voucher now: http://reward-redeem-bank.click",1
Your statement for card ending XX38 is now ready to view on netbanking.,0
"Dear customer, your credit card points worth Rs 50918 are expiring today. Redeem for cash voucher now: http://reward-redeem-bank.click",1
"Dear customer, Rs 2391 credited to your account XX27 via NEFT from Employer Ltd.",0
"Dear user, your SIM card will be deactivated in 24 hours. Update Aadhaar details urgently: http://sim-kyc-verify-portal.club",1
Thank you for dining with us! Here is your e-receipt for Rs 1047.,0
Reminder: Doctor appointment scheduled for tomorrow at 10:00 AM.,0
"Dear Customer, your HDFC Bank account is suspended today due to pending KYC. Click http://bit.ly/bank-kyc-verify to update PAN immediately or account will be blocked.",1
"URGENT: Suspicious transaction of Rs 42556 detected on your account. If not you, cancel immediately at http://secure-bank-cancel-auth.xyz",1
"Dear Customer, your Axis Bank account is suspended today due to pending KYC. Click http://bit.ly/bank-kyc-verify to update PAN immediately or account will be blocked.",1
Income Tax Refund of Rs 40644 approved. Update bank account details now at http://192.168.1.10/refund/login to receive funds.,1
Thank you for dining with us! Here is your e-receipt for Rs 2097.,0
"URGENT: Suspicious transaction of Rs 51497 detected on your account. If not you, cancel immediately at http://secure-bank-cancel-auth.xyz",1
"SBI Notice: Unauthorized login from Lagos. If not you, secure account immediately at http://sbi-secure-portal.monster",1
Reminder: Doctor appointment scheduled for tomorrow at 10:00 AM.,0
"Congratulations! You won Rs 50,00,000 lottery from KBC / RBI. Claim your reward immediately by clicking http://claim-prize-bonus.top",1
Your electricity bill of Rs 2100 is due on 25th Oct. Pay via official app.,0
Your statement for card ending XX53 is now ready to view on netbanking.,0
Reminder: Doctor appointment scheduled for tomorrow at 10:00 AM.,0
Your subscription to Prime has renewed. Receipt sent to your registered email.,0
Your flight ticket to Bengaluru is confirmed. PNR: PNR2020.,0
Reminder: Doctor appointment scheduled for tomorrow at 10:00 AM.,0
Salary for the month has been processed and credited to your account XX29.,0
"Dear customer, loan of Rs 5,00,000 pre-approved with zero interest. Click http://instant-loan-approval.xyz to disburse.",1
"Congratulations! You won Rs 50,00,000 lottery from KBC / RBI. Claim your reward immediately by clicking http://claim-prize-bonus.top",1
Your statement for card ending XX15 is now ready to view on netbanking.,0
HDFC Alert: Your NetBanking password expired. Reset password immediately to avoid transaction block: http://hdfc-pass-reset.work,1
"Dear Customer, your Axis Bank account is suspended today due to pending KYC. Click http://bit.ly/bank-kyc-verify to update PAN immediately or account will be blocked.",1
Income Tax Refund of Rs 79740 approved. Update bank account details now at http://192.168.1.10/refund/login to receive funds.,1
Your statement for card ending XX67 is now ready to view on netbanking.,0
HDFC Alert: Your NetBanking password expired. Reset password immediately to avoid transaction block: http://hdfc-pass-reset.work,1
"SBI Notice: Unauthorized login from Lagos. If not you, secure account immediately at http://sbi-secure-portal.monster",1
Welcome to our service. Your order #71733 has been shipped via BlueDart.,0
Salary for the month has been processed and credited to your account XX82.,0
"Congratulations! You won Rs 50,00,000 lottery from KBC / RBI. Claim your reward immediately by clicking http://claim-prize-bonus.top",1
Your statement for card ending XX83 is now ready to view on netbanking.,0
Welcome to our service. Your order #82628 has been shipped via BlueDart.,0
"Dear customer, your credit card points worth Rs 33167 are expiring today. Redeem for cash voucher now: http://reward-redeem-bank.click",1
Income Tax Refund of Rs 49114 approved. Update bank account details now at http://192.168.1.10/refund/login to receive funds.,1
"Dear Customer, your ICICI Bank account is suspended today due to pending KYC. Click http://bit.ly/bank-kyc-verify to update PAN immediately or account will be blocked.",1
Your OTP for payment of Rs 1623 is 207241. Do not share this OTP with anyone.,0
"Dear customer, your credit card points worth Rs 80156 are expiring today. Redeem for cash voucher now: http://reward-redeem-bank.click",1
Your electricity bill of Rs 4309 is due on 25th Oct. Pay via official app.,0
Your flight ticket to Bengaluru is confirmed. PNR: PNR8344.,0
Income Tax Refund of Rs 79045 approved. Update bank account details now at http://192.168.1.10/refund/login to receive funds.,1
"SBI Notice: Unauthorized login from Lagos. If not you, secure account immediately at http://sbi-secure-portal.monster",1
"Dear user, your SIM card will be deactivated in 24 hours. Update Aadhaar details urgently: http://sim-kyc-verify-portal.club",1
"Congratulations! You won Rs 50,00,000 lottery from KBC / RBI. Claim your reward immediately by clicking http://claim-prize-bonus.top",1
Your electricity connection will be disconnected tonight at 9:30 PM. Call bill officer at 9876543210 or pay at http://elec-bill-pay.link,1
"Dear user, your SIM card will be deactivated in 24 hours. Update Aadhaar details urgently: http://sim-kyc-verify-portal.club",1
"URGENT: Suspicious transaction of Rs 18325 detected on your account. If not you, cancel immediately at http://secure-bank-cancel-auth.xyz",1
Your statement for card ending XX52 is now ready to view on netbanking.,0
Your OTP for payment of Rs 177 is 836986. Do not share this OTP with anyone.,0
"Dear customer, Rs 3558 credited to your account XX40 via NEFT from Employer Ltd.",0
"Dear customer, your credit card points worth Rs 49479 are expiring today. Redeem for cash voucher now: http://reward-redeem-bank.click",1
Your OTP for payment of Rs 1310 is 715104. Do not share this OTP with anyone.,0
Income Tax Refund of Rs 36245 approved. Update bank account details now at http://192.168.1.10/refund/login to receive funds.,1
Your OTP for payment of Rs 1511 is 763393. Do not share this OTP with anyone.,0
Your statement for card ending XX67 is now ready to view on netbanking.,0
Your OTP for payment of Rs 2344 is 183985. Do not share this OTP with anyone.,0
"Congratulations! You won Rs 50,00,000 lottery from KBC / RBI. Claim your reward immediately by clicking http://claim-prize-bonus.top",1
Your electricity connection will be disconnected tonight at 9:30 PM. Call bill officer at 9876543210 or pay at http://elec-bill-pay.link,1
Your electricity connection will be disconnected tonight at 9:30 PM. Call bill officer at 9876543210 or pay at http://elec-bill-pay.link,1
Your statement for card ending XX46 is now ready to view on netbanking.,0
"Dear customer, loan of Rs 5,00,000 pre-approved with zero interest. Click http://instant-loan-approval.xyz to disburse.",1
"Dear user, your SIM card will be deactivated in 24 hours. Update Aadhaar details urgently: http://sim-kyc-verify-portal.club",1
Salary for the month has been processed and credited to your account XX32.,0
"URGENT: Suspicious transaction of Rs 90882 detected on your account. If not you, cancel immediately at http://secure-bank-cancel-auth.xyz",1
"Dear customer, Rs 1594 credited to your account XX47 via NEFT from Employer Ltd.",0
"SBI Notice: Unauthorized login from Lagos. If not you, secure account immediately at http://sbi-secure-portal.monster",1
"Dear customer, Rs 1367 credited to your account XX93 via NEFT from Employer Ltd.",0
HDFC Alert: Your NetBanking password expired. Reset password immediately to avoid transaction block: http://hdfc-pass-reset.work,1
"Dear Customer, your Axis Bank account is suspended today due to pending KYC. Click http://bit.ly/bank-kyc-verify to update PAN immediately or account will be blocked.",1
Income Tax Refund of Rs 59845 approved. Update bank account details now at http://192.168.1.10/refund/login to receive funds.,1
Thank you for dining with us! Here is your e-receipt for Rs 3786.,0
Income Tax Refund of Rs 85283 approved. Update bank account details now at http://192.168.1.10/refund/login to receive funds.,1
Income Tax Refund of Rs 89379 approved. Update bank account details now at http://192.168.1.10/refund/login to receive funds.,1
Your OTP for payment of Rs 1774 is 416061. Do not share this OTP with anyone.,0
Your flight ticket to Bengaluru is confirmed. PNR: PNR7883.,0
Your flight ticket to Bengaluru is confirmed. PNR: PNR9049.,0
Salary for the month has been processed and credited to your account XX15.,0
"Dear user, your SIM card will be deactivated in 24 hours. Update Aadhaar details urgently: http://sim-kyc-verify-portal.club",1
Your electricity bill of Rs 3146 is due on 25th Oct. Pay via official app.,0
Reminder: Doctor appointment scheduled for tomorrow at 10:00 AM.,0
Your electricity connection will be disconnected tonight at 9:30 PM. Call bill officer at 9876543210 or pay at http://elec-bill-pay.link,1
Income Tax Refund of Rs 21051 approved. Update bank account details now at http://192.168.1.10/refund/login to receive funds.,1
Your electricity connection will be disconnected tonight at 9:30 PM. Call bill officer at 9876543210 or pay at http://elec-bill-pay.link,1
Salary for the month has been processed and credited to your account XX34.,0
Reminder: Doctor appointment scheduled for tomorrow at 10:00 AM.,0
Income Tax Refund of Rs 15471 approved. Update bank account details now at http://192.168.1.10/refund/login to receive funds.,1
"Dear user, your SIM card will be deactivated in 24 hours. Update Aadhaar details urgently: http://sim-kyc-verify-portal.club",1
Your electricity connection will be disconnected tonight at 9:30 PM. Call bill officer at 9876543210 or pay at http://elec-bill-pay.link,1
"URGENT: Suspicious transaction of Rs 32974 detected on your account. If not you, cancel immediately at http://secure-bank-cancel-auth.xyz",1
Your subscription to Prime has renewed. Receipt sent to your registered email.,0
"Dear Customer, your Kotak Bank account is suspended today due to pending KYC. Click http://bit.ly/bank-kyc-verify to update PAN immediately or account will be blocked.",1
Reminder: Doctor appointment scheduled for tomorrow at 10:00 AM.,0
"Dear user, your SIM card will be deactivated in 24 hours. Update Aadhaar details urgently: http://sim-kyc-verify-portal.club",1
Your electricity bill of Rs 3132 is due on 25th Oct. Pay via official app.,0
Income Tax Refund of Rs 45263 approved. Update bank account details now at http://192.168.1.10/refund/login to receive funds.,1
Salary for the month has been processed and credited to your account XX29.,0
Income Tax Refund of Rs 36108 approved. Update bank account details now at http://192.168.1.10/refund/login to receive funds.,1
HDFC Alert: Your NetBanking password expired. Reset password immediately to avoid transaction block: http://hdfc-pass-reset.work,1
"Dear customer, loan of Rs 5,00,000 pre-approved with zero interest. Click http://instant-loan-approval.xyz to disburse.",1
Reminder: Doctor appointment scheduled for tomorrow at 10:00 AM.,0
"Dear customer, your credit card points worth Rs 17440 are expiring today. Redeem for cash voucher now: http://reward-redeem-bank.click",1
Welcome to our service. Your order #97921 has been shipped via BlueDart.,0
"Dear Customer, your HDFC Bank account is suspended today due to pending KYC. Click http://bit.ly/bank-kyc-verify to update PAN immediately or account will be blocked.",1
"Dear customer, loan of Rs 5,00,000 pre-approved with zero interest. Click http://instant-loan-approval.xyz to disburse.",1
HDFC Alert: Your NetBanking password expired. Reset password immediately to avoid transaction block: http://hdfc-pass-reset.work,1
"Dear customer, loan of Rs 5,00,000 pre-approved with zero interest. Click http://instant-loan-approval.xyz to disburse.",1
Reminder: Doctor appointment scheduled for tomorrow at 10:00 AM.,0
Your electricity connection will be disconnected tonight at 9:30 PM. Call bill officer at 9876543210 or pay at http://elec-bill-pay.link,1
"Dear user, your SIM card will be deactivated in 24 hours. Update Aadhaar details urgently: http://sim-kyc-verify-portal.club",1
"Dear Customer, your HDFC Bank account is suspended today due to pending KYC. Click http://bit.ly/bank-kyc-verify to update PAN immediately or account will be blocked.",1
"Dear customer, your credit card points worth Rs 60688 are expiring today. Redeem for cash voucher now: http://reward-redeem-bank.click",1
Your subscription to Prime has renewed. Receipt sent to your registered email.,0
"Dear user, your SIM card will be deactivated in 24 hours. Update Aadhaar details urgently: http://sim-kyc-verify-portal.club",1
"Dear customer, your credit card points worth Rs 40612 are expiring today. Redeem for cash voucher now: http://reward-redeem-bank.click",1
Your flight ticket to Bengaluru is confirmed. PNR: PNR4697.,0
Your electricity connection will be disconnected tonight at 9:30 PM. Call bill officer at 9876543210 or pay at http://elec-bill-pay.link,1
"Congratulations! You won Rs 50,00,000 lottery from KBC / RBI. Claim your reward immediately by clicking http://claim-prize-bonus.top",1
Your OTP for payment of Rs 3306 is 376185. Do not share this OTP with anyone.,0
"URGENT: Suspicious transaction of Rs 33955 detected on your account. If not you, cancel immediately at http://secure-bank-cancel-auth.xyz",1
"Dear Customer, your Axis Bank account is suspended today due to pending KYC. Click http://bit.ly/bank-kyc-verify to update PAN immediately or account will be blocked.",1
Salary for the month has been processed and credited to your account XX40.,0
"URGENT: Suspicious transaction of Rs 25802 detected on your account. If not you, cancel immediately at http://secure-bank-cancel-auth.xyz",1
"URGENT: Suspicious transaction of Rs 75178 detected on your account. If not you, cancel immediately at http://secure-bank-cancel-auth.xyz",1
Your flight ticket to Bengaluru is confirmed. PNR: PNR5708.,0
Salary for the month has been processed and credited to your account XX96.,0
Your statement for card ending XX67 is now ready to view on netbanking.,0
"Dear customer, your credit card points worth Rs 58412 are expiring today. Redeem for cash voucher now: http://reward-redeem-bank.click",1
"Congratulations! You won Rs 50,00,000 lottery from KBC / RBI. Claim your reward immediately by clicking http://claim-prize-bonus.top",1
Your subscription to Prime has renewed. Receipt sent to your registered email.,0
"Dear customer, your credit card points worth Rs 56853 are expiring today. Redeem for cash voucher now: http://reward-redeem-bank.click",1
Salary for the month has been processed and credited to your account XX71.,0
Your OTP for payment of Rs 844 is 930244. Do not share this OTP with anyone.,0
Thank you for dining with us! Here is your e-receipt for Rs 4550.,0
"Dear customer, Rs 4244 credited to your account XX53 via NEFT from Employer Ltd.",0
Your electricity bill of Rs 838 is due on 25th Oct. Pay via official app.,0
Your statement for card ending XX56 is now ready to view on netbanking.,0
"URGENT: Suspicious transaction of Rs 33695 detected on your account. If not you, cancel immediately at http://secure-bank-cancel-auth.xyz",1
Your OTP for payment of Rs 2177 is 629050. Do not share this OTP with anyone.,0
"SBI Notice: Unauthorized login from Lagos. If not you, secure account immediately at http://sbi-secure-portal.monster",1
Income Tax Refund of Rs 36558 approved. Update bank account details now at http://192.168.1.10/refund/login to receive funds.,1
"Dear user, your SIM card will be deactivated in 24 hours. Update Aadhaar details urgently: http://sim-kyc-verify-portal.club",1
"URGENT: Suspicious transaction of Rs 23126 detected on your account. If not you, cancel immediately at http://secure-bank-cancel-auth.xyz",1
"URGENT: Suspicious transaction of Rs 21741 detected on your account. If not you, cancel immediately at http://secure-bank-cancel-auth.xyz",1
Welcome to our service. Your order #34671 has been shipped via BlueDart.,0
HDFC Alert: Your NetBanking password expired. Reset password immediately to avoid transaction block: http://hdfc-pass-reset.work,1
HDFC Alert: Your NetBanking password expired. Reset password immediately to avoid transaction block: http://hdfc-pass-reset.work,1
"Dear user, your SIM card will be deactivated in 24 hours. Update Aadhaar details urgently: http://sim-kyc-verify-portal.club",1
Your flight ticket to Bengaluru is confirmed. PNR: PNR2263.,0
"Dear user, your SIM card will be deactivated in 24 hours. Update Aadhaar details urgently: http://sim-kyc-verify-portal.club",1
Your electricity connection will be disconnected tonight at 9:30 PM. Call bill officer at 9876543210 or pay at http://elec-bill-pay.link,1
Reminder: Doctor appointment scheduled for tomorrow at 10:00 AM.,0
Your electricity bill of Rs 939 is due on 25th Oct. Pay via official app.,0
"Dear Customer, your Kotak Bank account is suspended today due to pending KYC. Click http://bit.ly/bank-kyc-verify to update PAN immediately or account will be blocked.",1
Your electricity bill of Rs 1518 is due on 25th Oct. Pay via official app.,0
"URGENT: Suspicious transaction of Rs 87706 detected on your account. If not you, cancel immediately at http://secure-bank-cancel-auth.xyz",1
Your flight ticket to Bengaluru is confirmed. PNR: PNR5748.,0
Income Tax Refund of Rs 39173 approved. Update bank account details now at http://192.168.1.10/refund/login to receive funds.,1
Your electricity connection will be disconnected tonight at 9:30 PM. Call bill officer at 9876543210 or pay at http://elec-bill-pay.link,1
HDFC Alert: Your NetBanking password expired. Reset password immediately to avoid transaction block: http://hdfc-pass-reset.work,1
"Dear customer, your credit card points worth Rs 38537 are expiring today. Redeem for cash voucher now: http://reward-redeem-bank.click",1
Your flight ticket to Bengaluru is confirmed. PNR: PNR4908.,0
"Dear customer, your credit card points worth Rs 70898 are expiring today. Redeem for cash voucher now: http://reward-redeem-bank.click",1
"Dear user, your SIM card will be deactivated in 24 hours. Update Aadhaar details urgently: http://sim-kyc-verify-portal.club",1
HDFC Alert: Your NetBanking password expired. Reset password immediately to avoid transaction block: http://hdfc-pass-reset.work,1
"Dear customer, Rs 3979 credited to your account XX24 via NEFT from Employer Ltd.",0
Your OTP for payment of Rs 3992 is 381631. Do not share this OTP with anyone.,0
Your statement for card ending XX55 is now ready to view on netbanking.,0
Reminder: Doctor appointment scheduled for tomorrow at 10:00 AM.,0
Reminder: Doctor appointment scheduled for tomorrow at 10:00 AM.,0
Welcome to our service. Your order #94834 has been shipped via BlueDart.,0
Your OTP for payment of Rs 147 is 514118. Do not share this OTP with anyone.,0
Your flight ticket to Bengaluru is confirmed. PNR: PNR5918.,0
Your electricity bill of Rs 2229 is due on 25th Oct. Pay via official app.,0
"Congratulations! You won Rs 50,00,000 lottery from KBC / RBI. Claim your reward immediately by clicking http://claim-prize-bonus.top",1
Your OTP for payment of Rs 444 is 709303. Do not share this OTP with anyone.,0
"Dear customer, loan of Rs 5,00,000 pre-approved with zero interest. Click http://instant-loan-approval.xyz to disburse.",1
"Dear customer, loan of Rs 5,00,000 pre-approved with zero interest. Click http://instant-loan-approval.xyz to disburse.",1
Your electricity bill of Rs 4653 is due on 25th Oct. Pay via official app.,0
"Dear customer, Rs 3434 credited to your account XX95 via NEFT from Employer Ltd.",0
Your statement for card ending XX41 is now ready to view on netbanking.,0
Income Tax Refund of Rs 73427 approved. Update bank account details now at http://192.168.1.10/refund/login to receive funds.,1
Reminder: Doctor appointment scheduled for tomorrow at 10:00 AM.,0
"Dear customer, loan of Rs 5,00,000 pre-approved with zero interest. Click http://instant-loan-approval.xyz to disburse.",1
"Congratulations! You won Rs 50,00,000 lottery from KBC / RBI. Claim your reward immediately by clicking http://claim-prize-bonus.top",1
"Dear Customer, your Axis Bank account is suspended today due to pending KYC. Click http://bit.ly/bank-kyc-verify to update PAN immediately or account will be blocked.",1
Salary for the month has been processed and credited to your account XX44.,0
Income Tax Refund of Rs 69899 approved. Update bank account details now at http://192.168.1.10/refund/login to receive funds.,1
"URGENT: Suspicious transaction of Rs 73837 detected on your account. If not you, cancel immediately at http://secure-bank-cancel-auth.xyz",1
"Dear Customer, your Axis Bank account is suspended today due to pending KYC. Click http://bit.ly/bank-kyc-verify to update PAN immediately or account will be blocked.",1
Salary for the month has been processed and credited to your account XX91.,0
Reminder: Doctor appointment scheduled for tomorrow at 10:00 AM.,0
"Dear Customer, your Axis Bank account is suspended today due to pending KYC. Click http://bit.ly/bank-kyc-verify to update PAN immediately or account will be blocked.",1
HDFC Alert: Your NetBanking password expired. Reset password immediately to avoid transaction block: http://hdfc-pass-reset.work,1
Income Tax Refund of Rs 65470 approved. Update bank account details now at http://192.168.1.10/refund/login to receive funds.,1
"Dear customer, loan of Rs 5,00,000 pre-approved with zero interest. Click http://instant-loan-approval.xyz to disburse.",1
"Dear user, your SIM card will be deactivated in 24 hours. Update Aadhaar details urgently: http://sim-kyc-verify-portal.club",1
"Dear user, your SIM card will be deactivated in 24 hours. Update Aadhaar details urgently: http://sim-kyc-verify-portal.club",1
Your electricity connection will be disconnected tonight at 9:30 PM. Call bill officer at 9876543210 or pay at http://elec-bill-pay.link,1
Your OTP for payment of Rs 897 is 657101. Do not share this OTP with anyone.,0
"Dear Customer, your Axis Bank account is suspended today due to pending KYC. Click http://bit.ly/bank-kyc-verify to update PAN immediately or account will be blocked.",1
Thank you for dining with us! Here is your e-receipt for Rs 4113.,0
"Dear customer, Rs 2041 credited to your account XX85 via NEFT from Employer Ltd.",0
"Dear customer, loan of Rs 5,00,000 pre-approved with zero interest. Click http://instant-loan-approval.xyz to disburse.",1
"Dear user, your SIM card will be deactivated in 24 hours. Update Aadhaar details urgently: http://sim-kyc-verify-portal.club",1
"SBI Notice: Unauthorized login from Lagos. If not you, secure account immediately at http://sbi-secure-portal.monster",1
Income Tax Refund of Rs 31591 approved. Update bank account details now at http://192.168.1.10/refund/login to receive funds.,1
"Dear Customer, your HDFC Bank account is suspended today due to pending KYC. Click http://bit.ly/bank-kyc-verify to update PAN immediately or account will be blocked.",1
Your electricity connection will be disconnected tonight at 9:30 PM. Call bill officer at 9876543210 or pay at http://elec-bill-pay.link,1
Your OTP for payment of Rs 4666 is 361303. Do not share this OTP with anyone.,0
Your statement for card ending XX27 is now ready to view on netbanking.,0
"Dear customer, Rs 945 credited to your account XX57 via NEFT from Employer Ltd.",0
"Dear customer, your credit card points worth Rs 89599 are expiring today. Redeem for cash voucher now: http://reward-redeem-bank.click",1
Thank you for dining with us! Here is your e-receipt for Rs 1497.,0
Thank you for dining with us! Here is your e-receipt for Rs 1289.,0
"Dear Customer, your Kotak Bank account is suspended today due to pending KYC. Click http://bit.ly/bank-kyc-verify to update PAN immediately or account will be blocked.",1
Thank you for dining with us! Here is your e-receipt for Rs 4693.,0
Your electricity bill of Rs 1948 is due on 25th Oct. Pay via official app.,0
"Dear customer, Rs 4907 credited to your account XX41 via NEFT from Employer Ltd.",0
"Dear Customer, your ICICI Bank account is suspended today due to pending KYC. Click http://bit.ly/bank-kyc-verify to update PAN immediately or account will be blocked.",1
Your electricity bill of Rs 4517 is due on 25th Oct. Pay via official app.,0
Your flight ticket to Bengaluru is confirmed. PNR: PNR1595.,0
Income Tax Refund of Rs 71559 approved. Update bank account details now at http://192.168.1.10/refund/login to receive funds.,1
"Dear customer, loan of Rs 5,00,000 pre-approved with zero interest. Click http://instant-loan-approval.xyz to disburse.",1
Salary for the month has been processed and credited to your account XX98.,0
"URGENT: Suspicious transaction of Rs 33696 detected on your account. If not you, cancel immediately at http://secure-bank-cancel-auth.xyz",1
Welcome to our service. Your order #29420 has been shipped via BlueDart.,0
"Dear Customer, your ICICI Bank account is suspended today due to pending KYC. Click http://bit.ly/bank-kyc-verify to update PAN immediately or account will be blocked.",1
Thank you for dining with us! Here is your e-receipt for Rs 167.,0
"URGENT: Suspicious transaction of Rs 83977 detected on your account. If not you, cancel immediately at http://secure-bank-cancel-auth.xyz",1
"Dear Customer, your HDFC Bank account is suspended today due to pending KYC. Click http://bit.ly/bank-kyc-verify to update PAN immediately or account will be blocked.",1
Income Tax Refund of Rs 28878 approved. Update bank account details now at http://192.168.1.10/refund/login to receive funds.,1
"URGENT: Suspicious transaction of Rs 18231 detected on your account. If not you, cancel immediately at http://secure-bank-cancel-auth.xyz",1
"Dear user, your SIM card will be deactivated in 24 hours. Update Aadhaar details urgently: http://sim-kyc-verify-portal.club",1
Reminder: Doctor appointment scheduled for tomorrow at 10:00 AM.,0
"Dear Customer, your SBI account is suspended today due to pending KYC. Click http://bit.ly/bank-kyc-verify to update PAN immediately or account will be blocked.",1
"Dear customer, your credit card points worth Rs 83248 are expiring today. Redeem for cash voucher now: http://reward-redeem-bank.click",1
Your statement for card ending XX67 is now ready to view on netbanking.,0
Your electricity bill of Rs 948 is due on 25th Oct. Pay via official app.,0
"Congratulations! You won Rs 50,00,000 lottery from KBC / RBI. Claim your reward immediately by clicking http://claim-prize-bonus.top",1
Your subscription to Prime has renewed. Receipt sent to your registered email.,0
"Congratulations! You won Rs 50,00,000 lottery from KBC / RBI. Claim your reward immediately by clicking http://claim-prize-bonus.top",1
"Dear Customer, your Axis Bank account is suspended today due to pending KYC. Click http://bit.ly/bank-kyc-verify to update PAN immediately or account will be blocked.",1
"Dear customer, loan of Rs 5,00,000 pre-approved with zero interest. Click http://instant-loan-approval.xyz to disburse.",1
"SBI Notice: Unauthorized login from Lagos. If not you, secure account immediately at http://sbi-secure-portal.monster",1
Your OTP for payment of Rs 4880 is 603787. Do not share this OTP with anyone.,0
Income Tax Refund of Rs 45827 approved. Update bank account details now at http://192.168.1.10/refund/login to receive funds.,1
Your OTP for payment of Rs 3814 is 238353. Do not share this OTP with anyone.,0
"Dear customer, your credit card points worth Rs 92664 are expiring today. Redeem for cash voucher now: http://reward-redeem-bank.click",1
Welcome to our service. Your order #45601 has been shipped via BlueDart.,0
Your electricity connection will be disconnected tonight at 9:30 PM. Call bill officer at 9876543210 or pay at http://elec-bill-pay.link,1
"URGENT: Suspicious transaction of Rs 72554 detected on your account. If not you, cancel immediately at http://secure-bank-cancel-auth.xyz",1
Your subscription to Prime has renewed. Receipt sent to your registered email.,0
Your statement for card ending XX46 is now ready to view on netbanking.,0
"Dear customer, your credit card points worth Rs 49243 are expiring today. Redeem for cash voucher now: http://reward-redeem-bank.click",1
HDFC Alert: Your NetBanking password expired. Reset password immediately to avoid transaction block: http://hdfc-pass-reset.work,1
Reminder: Doctor appointment scheduled for tomorrow at 10:00 AM.,0
Thank you for dining with us! Here is your e-receipt for Rs 996.,0
HDFC Alert: Your NetBanking password expired. Reset password immediately to avoid transaction block: http://hdfc-pass-reset.work,1
Salary for the month has been processed and credited to your account XX42.,0
"Dear user, your SIM card will be deactivated in 24 hours. Update Aadhaar details urgently: http://sim-kyc-verify-portal.club",1
Thank you for dining with us! Here is your e-receipt for Rs 4462.,0
Your subscription to Prime has renewed. Receipt sent to your registered email.,0
Your electricity bill of Rs 2084 is due on 25th Oct. Pay via official app.,0
"URGENT: Suspicious transaction of Rs 93883 detected on your account. If not you, cancel immediately at http://secure-bank-cancel-auth.xyz",1
Welcome to our service. Your order #85108 has been shipped via BlueDart.,0
"Dear user, your SIM card will be deactivated in 24 hours. Update Aadhaar details urgently: http://sim-kyc-verify-portal.club",1
Your OTP for payment of Rs 3038 is 953568. Do not share this OTP with anyone.,0
Your statement for card ending XX67 is now ready to view on netbanking.,0
Salary for the month has been processed and credited to your account XX82.,0
Reminder: Doctor appointment scheduled for tomorrow at 10:00 AM.,0
HDFC Alert: Your NetBanking password expired. Reset password immediately to avoid transaction block: http://hdfc-pass-reset.work,1
Income Tax Refund of Rs 44437 approved. Update bank account details now at http://192.168.1.10/refund/login to receive funds.,1
Your electricity bill of Rs 513 is due on 25th Oct. Pay via official app.,0
Your electricity bill of Rs 4165 is due on 25th Oct. Pay via official app.,0
Thank you for dining with us! Here is your e-receipt for Rs 4610.,0
"Dear customer, Rs 544 credited to your account XX42 via NEFT from Employer Ltd.",0
"Dear customer, your credit card points worth Rs 54526 are expiring today. Redeem for cash voucher now: http://reward-redeem-bank.click",1
Your flight ticket to Bengaluru is confirmed. PNR: PNR5075.,0
"Congratulations! You won Rs 50,00,000 lottery from KBC / RBI. Claim your reward immediately by clicking http://claim-prize-bonus.top",1
"Dear customer, Rs 422 credited to your account XX66 via NEFT from Employer Ltd.",0
Thank you for dining with us! Here is your e-receipt for Rs 2378.,0
HDFC Alert: Your NetBanking password expired. Reset password immediately to avoid transaction block: http://hdfc-pass-reset.work,1
HDFC Alert: Your NetBanking password expired. Reset password immediately to avoid transaction block: http://hdfc-pass-reset.work,1
"SBI Notice: Unauthorized login from Lagos. If not you, secure account immediately at http://sbi-secure-portal.monster",1
Your OTP for payment of Rs 4290 is 794530. Do not share this OTP with anyone.,0
Income Tax Refund of Rs 94396 approved. Update bank account details now at http://192.168.1.10/refund/login to receive funds.,1
"Dear customer, Rs 3832 credited to your account XX97 via NEFT from Employer Ltd.",0
"URGENT: Suspicious transaction of Rs 70455 detected on your account. If not you, cancel immediately at http://secure-bank-cancel-auth.xyz",1
Thank you for dining with us! Here is your e-receipt for Rs 3338.,0
"Dear user, your SIM card will be deactivated in 24 hours. Update Aadhaar details urgently: http://sim-kyc-verify-portal.club",1
"Dear customer, your credit card points worth Rs 55345 are expiring today. Redeem for cash voucher now: http://reward-redeem-bank.click",1
"Dear customer, your credit card points worth Rs 66150 are expiring today. Redeem for cash voucher now: http://reward-redeem-bank.click",1
Thank you for dining with us! Here is your e-receipt for Rs 4339.,0
Thank you for dining with us! Here is your e-receipt for Rs 1661.,0
Your electricity connection will be disconnected tonight at 9:30 PM. Call bill officer at 9876543210 or pay at http://elec-bill-pay.link,1
"Dear customer, Rs 2224 credited to your account XX23 via NEFT from Employer Ltd.",0
Salary for the month has been processed and credited to your account XX88.,0
"Congratulations! You won Rs 50,00,000 lottery from KBC / RBI. Claim your reward immediately by clicking http://claim-prize-bonus.top",1
Your flight ticket to Bengaluru is confirmed. PNR: PNR2951.,0
Income Tax Refund of Rs 39635 approved. Update bank account details now at http://192.168.1.10/refund/login to receive funds.,1
Income Tax Refund of Rs 72216 approved. Update bank account details now at http://192.168.1.10/refund/login to receive funds.,1
"Dear customer, loan of Rs 5,00,000 pre-approved with zero interest. Click http://instant-loan-approval.xyz to disburse.",1
Reminder: Doctor appointment scheduled for tomorrow at 10:00 AM.,0
Your electricity connection will be disconnected tonight at 9:30 PM. Call bill officer at 9876543210 or pay at http://elec-bill-pay.link,1
"Dear user, your SIM card will be deactivated in 24 hours. Update Aadhaar details urgently: http://sim-kyc-verify-portal.club",1
Welcome to our service. Your order #13133 has been shipped via BlueDart.,0
Your electricity connection will be disconnected tonight at 9:30 PM. Call bill officer at 9876543210 or pay at http://elec-bill-pay.link,1
"Dear customer, Rs 4510 credited to your account XX67 via NEFT from Employer Ltd.",0
"Dear customer, loan of Rs 5,00,000 pre-approved with zero interest. Click http://instant-loan-approval.xyz to disburse.",1
"Congratulations! You won Rs 50,00,000 lottery from KBC / RBI. Claim your reward immediately by clicking http://claim-prize-bonus.top",1
"Dear customer, your credit card points worth Rs 22383 are expiring today. Redeem for cash voucher now: http://reward-redeem-bank.click",1
Your subscription to Prime has renewed. Receipt sent to your registered email.,0
"SBI Notice: Unauthorized login from Lagos. If not you, secure account immediately at http://sbi-secure-portal.monster",1
Your electricity connection will be disconnected tonight at 9:30 PM. Call bill officer at 9876543210 or pay at http://elec-bill-pay.link,1
Your electricity bill of Rs 2843 is due on 25th Oct. Pay via official app.,0
HDFC Alert: Your NetBanking password expired. Reset password immediately to avoid transaction block: http://hdfc-pass-reset.work,1
Your electricity bill of Rs 4013 is due on 25th Oct. Pay via official app.,0
"Dear customer, your credit card points worth Rs 39123 are expiring today. Redeem for cash voucher now: http://reward-redeem-bank.click",1
Reminder: Doctor appointment scheduled for tomorrow at 10:00 AM.,0
HDFC Alert: Your NetBanking password expired. Reset password immediately to avoid transaction block: http://hdfc-pass-reset.work,1
Reminder: Doctor appointment scheduled for tomorrow at 10:00 AM.,0
"Dear customer, loan of Rs 5,00,000 pre-approved with zero interest. Click http://instant-loan-approval.xyz to disburse.",1
"Dear Customer, your Kotak Bank account is suspended today due to pending KYC. Click http://bit.ly/bank-kyc-verify to update PAN immediately or account will be blocked.",1
Your electricity connection will be disconnected tonight at 9:30 PM. Call bill officer at 9876543210 or pay at http://elec-bill-pay.link,1
Your OTP for payment of Rs 1614 is 255457. Do not share this OTP with anyone.,0
Your statement for card ending XX30 is now ready to view on netbanking.,0
"Dear user, your SIM card will be deactivated in 24 hours. Update Aadhaar details urgently: http://sim-kyc-verify-portal.club",1
Your OTP for payment of Rs 1233 is 795578. Do not share this OTP with anyone.,0
HDFC Alert: Your NetBanking password expired. Reset password immediately to avoid transaction block: http://hdfc-pass-reset.work,1
Your electricity bill of Rs 1410 is due on 25th Oct. Pay via official app.,0
Your OTP for payment of Rs 3478 is 244170. Do not share this OTP with anyone.,0
Your subscription to Prime has renewed. Receipt sent to your registered email.,0
"URGENT: Suspicious transaction of Rs 71027 detected on your account. If not you, cancel immediately at http://secure-bank-cancel-auth.xyz",1
Salary for the month has been processed and credited to your account XX44.,0
Welcome to our service. Your order #80328 has been shipped via BlueDart.,0
Your electricity connection will be disconnected tonight at 9:30 PM. Call bill officer at 9876543210 or pay at http://elec-bill-pay.link,1
"Dear customer, loan of Rs 5,00,000 pre-approved with zero interest. Click http://instant-loan-approval.xyz to disburse.",1
"Dear customer, loan of Rs 5,00,000 pre-approved with zero interest. Click http://instant-loan-approval.xyz to disburse.",1
"Congratulations! You won Rs 50,00,000 lottery from KBC / RBI. Claim your reward immediately by clicking http://claim-prize-bonus.top",1
Reminder: Doctor appointment scheduled for tomorrow at 10:00 AM.,0
"Dear customer, your credit card points worth Rs 57336 are expiring today. Redeem for cash voucher now: http://reward-redeem-bank.click",1
Your subscription to Prime has renewed. Receipt sent to your registered email.,0
HDFC Alert: Your NetBanking password expired. Reset password immediately to avoid transaction block: http://hdfc-pass-reset.work,1
"Dear Customer, your HDFC Bank account is suspended today due to pending KYC. Click http://bit.ly/bank-kyc-verify to update PAN immediately or account will be blocked.",1
Salary for the month has been processed and credited to your account XX27.,0
Your flight ticket to Bengaluru is confirmed. PNR: PNR5566.,0
Your subscription to Prime has renewed. Receipt sent to your registered email.,0
"Dear customer, Rs 3156 credited to your account XX68 via NEFT from Employer Ltd.",0
"Dear user, your SIM card will be deactivated in 24 hours. Update Aadhaar details urgently: http://sim-kyc-verify-portal.club",1
"Dear customer, your credit card points worth Rs 25998 are expiring today. Redeem for cash voucher now: http://reward-redeem-bank.click",1
"Dear customer, Rs 1798 credited to your account XX88 via NEFT from Employer Ltd.",0
Thank you for dining with us! Here is your e-receipt for Rs 1998.,0
Salary for the month has been processed and credited to your account XX89.,0
Your flight ticket to Bengaluru is confirmed. PNR: PNR3725.,0
