url,label
https://microsoft.com/help/center,0
https://bit.ly/bank-kyc-urgent-60,1
https://icicibank.com/profile/settings,0
http://182.238.76.48/banking/online/verify.php,1
http://unblock-bank-portal-service.top/index.html?token=435587,1
https://hdfcbank.com/support/tickets,0
https://github.com/about-us,0
https://stripe.com/account/dashboard,0
https://nytimes.com/verify/email,0
https://amazon.in/contact,0
https://bit.ly/bank-kyc-urgent-72,1
http://www.icici-kyc-verification-update.com/login,1
https://nytimes.com/about-us,0
https://google.com/verify/email,0
http://secure-login.icici.verify-portal.xyz/auth/login,1
https://www.axis-kyc-update.com/verify/index.php,1
https://stackoverflow.com/profile/settings,0
http://microsoft.com/terms-and-conditions,0
https://nytimes.com/about-us,0
https://icicibank.com/contact,0
https://wikipedia.org/products/item/1209,0
https://sbi.co.in/terms-and-conditions,0
https://www.axis-kyc-update.com/verify/index.php,1
https://nytimes.com/security/settings,0
http://88.169.169.25/banking/online/verify.php,1
http://amazon.in/support/tickets,0
http://wallet-refund-portal-service.buzz/index.html?token=900216,1
http://secure-login.hdfc.verify-portal.club/auth/login,1
http://secure-login-portal-service.cf/index.html?token=576089,1
https://stackoverflow.com/login,0
http://update-pan-portal-service.cf/index.html?token=854787,1
https://icicibank.com/verify/email,0
https://bit.ly/bank-kyc-urgent-17,1
http://37.65.49.129/banking/online/verify.php,1
http://update-pan-portal-service.cf/index.html?token=373056,1
https://flipkart.com/about-us,0
https://stripe.com/verify/email,0
https://wikipedia.org/products/item/1209,0
http://secure-login.netflix.verify-portal.club/auth/login,1
https://bit.ly/bank-kyc-urgent-85,1
http://secure-login.paytm.verify-portal.work/auth/login,1
https://flipkart.com/help/center,0
http://secure-login.hdfc.verify-portal.work/auth/login,1
https://nytimes.com/about-us,0
http://www.axis-support-verification-update.com/login,1
http://unblock-bank-portal-service.monster/index.html?token=986304,1
https://axisbank.com/support/tickets,0
http://linkedin.com/contact,0
https://hdfcbank.com/profile/settings,0
http://secure-login.paytm.verify-portal.cf/auth/login,1
http://sbi.co.in/account/dashboard,0
http://unblock-bank-portal-service.icu/index.html?token=902245,1
https://stackoverflow.com/contact,0
https://google.com/products/item/1209,0
https://apple.com/account/dashboard,0
https://zerodha.com/about-us,0
https://www.axis-kyc-update.com/verify/index.php,1
https://paytm.com/security/settings,0
http://39.43.147.108/banking/online/verify.php,1
https://bit.ly/bank-kyc-urgent-28,1
http://free-reward-portal-service.top/index.html?token=831952,1
https://icicibank.com/about-us,0
http://secure-login.icici.verify-portal.work/auth/login,1
https://bit.ly/bank-kyc-urgent-85,1
http://210.38.93.59/banking/online/verify.php,1
https://phonepe.com/profile/settings,0
http://120.145.95.154/banking/online/verify.php,1
https://nytimes.com/security/settings,0
https://github.com/products/item/1209,0
https://zerodha.com/security/settings,0
https://apple.com/about-us,0
http://secure-login.paytm.verify-portal.top/auth/login,1
http://169.30.25.36/banking/online/verify.php,1
https://paypal.com/products/item/1209,0
https://icicibank.com/products/item/1209,0
https://www.sbi-online-portal.com/verify/index.php,1
https://www.hdfc-bank-security.com/verify/index.php,1
https://apple.com/verify/email,0
https://icicibank.com/terms-and-conditions,0
https://flipkart.com/security/settings,0
https://www.hdfc-bank-security.com/verify/index.php,1
https://microsoft.com/support/tickets,0
https://paypal.com/login,0
https://amazon.in/help/center,0
http://www.hdfc-bank-verification-update.com/login,1
https://stackoverflow.com/products/item/1209,0
https://www.sbi-online-portal.com/verify/index.php,1
https://paypal.com/security/settings,0
http://191.127.229.147/banking/online/verify.php,1
https://www.hdfc-bank-security.com/verify/index.php,1
https://sbi.co.in/security/settings,0
http://verify-kyc-portal-service.click/index.html?token=580115,1
http://196.163.123.190/banking/online/verify.php,1
https://paypal.com/about-us,0
https://nytimes.com/verify/email,0
https://stackoverflow.com/profile/settings,0
https://microsoft.com/products/item/1209,0
https://www.sbi-online-portal.com/verify/index.php,1
https://stripe.com/login,0
https://axisbank.com/security/settings,0
https://microsoft.com/help/center,0
http://152.114.84.219/banking/online/verify.php,1
https://bit.ly/bank-kyc-urgent-84,1
https://nytimes.com/contact,0
http://www.hdfc-bank-verification-update.com/login,1
https://amazon.in/contact,0
https://paypal.com/terms-and-conditions,0
https://flipkart.com/about-us,0
https://www.icici-customer-care.com/verify/index.php,1
https://www.icici-customer-care.com/verify/index.php,1
https://bit.ly/bank-kyc-urgent-48,1
https://linkedin.com/login,0
http://secure-login.hdfc.verify-portal.top/auth/login,1
https://nytimes.com/terms-and-conditions,0
https://google.com/about-us,0
http://www.sbi-online-verification-update.com/login,1
https://microsoft.com/profile/settings,0
https://stackoverflow.com/about-us,0
https://nytimes.com/about-us,0
http://www.icici-kyc-verification-update.com/login,1
https://sbi.co.in/help/center,0
http://www.icici-kyc-verification-update.com/login,1
https://apple.com/verify/email,0
https://bit.ly/bank-kyc-urgent-74,1
http://secure-login.netflix.verify-portal.cf/auth/login,1
http://168.86.103.249/banking/online/verify.php,1
https://icicibank.com/login,0
http://185.128.30.227/banking/online/verify.php,1
https://netflix.com/about-us,0
https://hdfcbank.com/terms-and-conditions,0
http://unblock-bank-portal-service.club/index.html?token=535092,1
https://www.axis-kyc-update.com/verify/index.php,1
https://www.hdfc-bank-security.com/verify/index.php,1
http://verify-kyc-portal-service.click/index.html?token=987060,1
https://github.com/contact,0
http://secure-login.netflix.verify-portal.work/auth/login,1
https://www.hdfc-bank-security.com/verify/index.php,1
https://bit.ly/bank-kyc-urgent-15,1
https://paypal.com/login,0
https://linkedin.com/terms-and-conditions,0
http://claim-bonus-portal-service.buzz/index.html?token=628027,1
https://flipkart.com/login,0
https://stackoverflow.com/account/dashboard,0
https://netflix.com/contact,0
http://stripe.com/login,0
https://stripe.com/about-us,0
https://www.hdfc-bank-security.com/verify/index.php,1
https://microsoft.com/account/dashboard,0
http://www.hdfc-bank-verification-update.com/login,1
https://www.sbi-online-portal.com/verify/index.php,1
https://phonepe.com/account/dashboard,0
http://192.87.17.191/banking/online/verify.php,1
https://github.com/support/tickets,0
http://www.icici-kyc-verification-update.com/login,1
https://www.axis-kyc-update.com/verify/index.php,1
http://120.207.188.107/banking/online/verify.php,1
https://microsoft.com/terms-and-conditions,0
https://bit.ly/bank-kyc-urgent-93,1
http://claim-bonus-portal-service.club/index.html?token=321321,1
https://bit.ly/bank-kyc-urgent-50,1
http://secure-login.paypal.verify-portal.xyz/auth/login,1
https://www.sbi-online-portal.com/verify/index.php,1
https://bit.ly/bank-kyc-urgent-89,1
http://secure-login.paypal.verify-portal.monster/auth/login,1
https://amazon.in/login,0
http://39.37.212.6/banking/online/verify.php,1
https://linkedin.com/help/center,0
https://www.icici-customer-care.com/verify/index.php,1
https://zerodha.com/help/center,0
https://nytimes.com/about-us,0
https://axisbank.com/profile/settings,0
http://zerodha.com/login,0
http://secure-login.hdfc.verify-portal.buzz/auth/login,1
https://netflix.com/support/tickets,0
https://www.sbi-online-portal.com/verify/index.php,1
https://phonepe.com/login,0
https://bit.ly/bank-kyc-urgent-65,1
https://phonepe.com/products/item/1209,0
http://free-reward-portal-service.icu/index.html?token=769983,1
https://www.axis-kyc-update.com/verify/index.php,1
http://unblock-bank-portal-service.monster/index.html?token=151081,1
https://zerodha.com/terms-and-conditions,0
http://81.12.35.97/banking/online/verify.php,1
https://netflix.com/profile/settings,0
http://update-pan-portal-service.buzz/index.html?token=432963,1
https://www.axis-kyc-update.com/verify/index.php,1
https://www.axis-kyc-update.com/verify/index.php,1
http://www.sbi-online-verification-update.com/login,1
https://nytimes.com/security/settings,0
https://icicibank.com/login,0
http://www.icici-kyc-verification-update.com/login,1
http://196.201.63.122/banking/online/verify.php,1
http://verify-kyc-portal-service.work/index.html?token=630519,1
https://apple.com/verify/email,0
https://linkedin.com/security/settings,0
https://github.com/help/center,0
http://secure-login.netflix.verify-portal.click/auth/login,1
https://bit.ly/bank-kyc-urgent-40,1
https://amazon.in/about-us,0
https://stackoverflow.com/terms-and-conditions,0
http://www.sbi-online-verification-update.com/login,1
http://www.icici-kyc-verification-update.com/login,1
http://icicibank.com/account/dashboard,0
https://www.sbi-online-portal.com/verify/index.php,1
https://www.icici-customer-care.com/verify/index.php,1
https://apple.com/help/center,0
https://axisbank.com/help/center,0
http://76.107.128.79/banking/online/verify.php,1
https://bit.ly/bank-kyc-urgent-47,1
https://axisbank.com/products/item/1209,0
http://stackoverflow.com/profile/settings,0
https://www.axis-kyc-update.com/verify/index.php,1
http://secure-login.sbi.verify-portal.club/auth/login,1
http://secure-login-portal-service.club/index.html?token=470274,1
https://github.com/contact,0
https://icicibank.com/products/item/1209,0
http://www.icici-kyc-verification-update.com/login,1
http://secure-login.icici.verify-portal.cf/auth/login,1
https://apple.com/about-us,0
http://secure-login.hdfc.verify-portal.buzz/auth/login,1
https://zerodha.com/contact,0
http://www.icici-kyc-verification-update.com/login,1
https://bit.ly/bank-kyc-urgent-57,1
https://amazon.in/about-us,0
https://axisbank.com/profile/settings,0
http://secure-login.sbi.verify-portal.click/auth/login,1
http://account-blocked-portal-service.top/index.html?token=298775,1
https://microsoft.com/help/center,0
https://bit.ly/bank-kyc-urgent-29,1
https://stackoverflow.com/login,0
https://stripe.com/verify/email,0
https://www.hdfc-bank-security.com/verify/index.php,1
https://zerodha.com/login,0
http://wallet-refund-portal-service.xyz/index.html?token=208111,1
https://icicibank.com/profile/settings,0
https://icicibank.com/support/tickets,0
https://paypal.com/login,0
https://sbi.co.in/products/item/1209,0
https://nytimes.com/help/center,0
https://icicibank.com/about-us,0
https://apple.com/terms-and-conditions,0
https://bit.ly/bank-kyc-urgent-76,1
https://bit.ly/bank-kyc-urgent-73,1
https://www.axis-kyc-update.com/verify/index.php,1
http://unblock-bank-portal-service.club/index.html?token=662484,1
http://phonepe.com/about-us,0
https://www.axis-kyc-update.com/verify/index.php,1
https://zerodha.com/contact,0
https://www.icici-customer-care.com/verify/index.php,1
https://apple.com/verify/email,0
https://stripe.com/support/tickets,0
https://linkedin.com/support/tickets,0
https://stackoverflow.com/help/center,0
https://bit.ly/bank-kyc-urgent-64,1
https://www.icici-customer-care.com/verify/index.php,1
https://www.hdfc-bank-security.com/verify/index.php,1
http://account-blocked-portal-service.click/index.html?token=683879,1
https://sbi.co.in/account/dashboard,0
http://secure-login.hdfc.verify-portal.top/auth/login,1
http://www.sbi-online-verification-update.com/login,1
https://stripe.com/security/settings,0
https://stackoverflow.com/products/item/1209,0
https://zerodha.com/about-us,0
https://bit.ly/bank-kyc-urgent-65,1
https://stackoverflow.com/account/dashboard,0
http://132.118.15.30/banking/online/verify.php,1
https://bit.ly/bank-kyc-urgent-18,1
http://178.245.72.99/banking/online/verify.php,1
https://www.hdfc-bank-security.com/verify/index.php,1
http://unblock-bank-portal-service.club/index.html?token=555157,1
http://icicibank.com/support/tickets,0
https://bit.ly/bank-kyc-urgent-72,1
http://stripe.com/products/item/1209,0
http://update-pan-portal-service.xyz/index.html?token=243601,1
http://free-reward-portal-service.cf/index.html?token=230208,1
http://axisbank.com/profile/settings,0
https://paytm.com/account/dashboard,0
http://www.sbi-online-verification-update.com/login,1
https://wikipedia.org/terms-and-conditions,0
https://www.hdfc-bank-security.com/verify/index.php,1
http://secure-login.netflix.verify-portal.click/auth/login,1
https://phonepe.com/verify/email,0
https://apple.com/products/item/1209,0
https://bit.ly/bank-kyc-urgent-31,1
https://icicibank.com/about-us,0
https://hdfcbank.com/login,0
https://zerodha.com/account/dashboard,0
https://bit.ly/bank-kyc-urgent-35,1
https://flipkart.com/login,0
https://amazon.in/help/center,0
https://www.sbi-online-portal.com/verify/index.php,1
https://stackoverflow.com/products/item/1209,0
https://netflix.com/help/center,0
http://secure-login.icici.verify-portal.online/auth/login,1
https://paytm.com/verify/email,0
http://113.94.26.82/banking/online/verify.php,1
https://github.com/security/settings,0
http://secure-login.icici.verify-portal.work/auth/login,1
https://paypal.com/products/item/1209,0
https://stackoverflow.com/verify/email,0
http://netflix.com/profile/settings,0
https://apple.com/account/dashboard,0
http://phonepe.com/security/settings,0
https://microsoft.com/help/center,0
https://microsoft.com/security/settings,0
https://bit.ly/bank-kyc-urgent-74,1
https://nytimes.com/terms-and-conditions,0
http://www.sbi-online-verification-update.com/login,1
https://flipkart.com/contact,0
http://google.com/account/dashboard,0
https://www.sbi-online-portal.com/verify/index.php,1
https://bit.ly/bank-kyc-urgent-91,1
https://stackoverflow.com/verify/email,0
http://30.181.205.3/banking/online/verify.php,1
http://free-reward-portal-service.buzz/index.html?token=979214,1
https://hdfcbank.com/products/item/1209,0
https://apple.com/profile/settings,0
https://www.axis-kyc-update.com/verify/index.php,1
http://paypal.com/account/dashboard,0
https://bit.ly/bank-kyc-urgent-18,1
https://bit.ly/bank-kyc-urgent-83,1
https://www.sbi-online-portal.com/verify/index.php,1
https://google.com/products/item/1209,0
http://www.sbi-online-verification-update.com/login,1
https://icicibank.com/contact,0
https://stripe.com/contact,0
http://www.axis-support-verification-update.com/login,1
https://amazon.in/contact,0
https://bit.ly/bank-kyc-urgent-25,1
https://flipkart.com/support/tickets,0
https://wikipedia.org/products/item/1209,0
https://github.com/contact,0
https://hdfcbank.com/verify/email,0
http://wallet-refund-portal-service.cf/index.html?token=754112,1
http://103.10.62.218/banking/online/verify.php,1
http://www.hdfc-bank-verification-update.com/login,1
https://icicibank.com/support/tickets,0
https://linkedin.com/contact,0
https://paypal.com/products/item/1209,0
http://19.16.168.24/banking/online/verify.php,1
http://194.137.166.244/banking/online/verify.php,1
https://hdfcbank.com/help/center,0
https://wikipedia.org/products/item/1209,0
http://www.icici-kyc-verification-update.com/login,1
http://www.hdfc-bank-verification-update.com/login,1
https://www.icici-customer-care.com/verify/index.php,1
https://www.sbi-online-portal.com/verify/index.php,1
https://stripe.com/about-us,0
https://bit.ly/bank-kyc-urgent-68,1
https://bit.ly/bank-kyc-urgent-92,1
https://zerodha.com/products/item/1209,0
https://github.com/account/dashboard,0
https://sbi.co.in/support/tickets,0
https://github.com/terms-and-conditions,0
https://apple.com/profile/settings,0
http://secure-login.paypal.verify-portal.xyz/auth/login,1
https://paypal.com/products/item/1209,0
http://138.184.126.38/banking/online/verify.php,1
https://stackoverflow.com/account/dashboard,0
https://bit.ly/bank-kyc-urgent-32,1
http://update-pan-portal-service.icu/index.html?token=861945,1
https://www.sbi-online-portal.com/verify/index.php,1
https://amazon.in/security/settings,0
https://phonepe.com/verify/email,0
https://bit.ly/bank-kyc-urgent-22,1
https://hdfcbank.com/terms-and-conditions,0
https://wikipedia.org/support/tickets,0
http://account-blocked-portal-service.buzz/index.html?token=364132,1
https://sbi.co.in/verify/email,0
http://58.61.25.192/banking/online/verify.php,1
https://apple.com/login,0
https://microsoft.com/help/center,0
https://www.hdfc-bank-security.com/verify/index.php,1
http://unblock-bank-portal-service.xyz/index.html?token=688155,1
https://amazon.in/terms-and-conditions,0
http://www.hdfc-bank-verification-update.com/login,1
https://stripe.com/contact,0
https://stackoverflow.com/account/dashboard,0
http://www.icici-kyc-verification-update.com/login,1
https://bit.ly/bank-kyc-urgent-31,1
http://77.12.185.132/banking/online/verify.php,1
https://stackoverflow.com/security/settings,0
https://axisbank.com/terms-and-conditions,0
https://www.sbi-online-portal.com/verify/index.php,1
https://paypal.com/terms-and-conditions,0
https://hdfcbank.com/about-us,0
https://bit.ly/bank-kyc-urgent-30,1
https://apple.com/about-us,0
https://phonepe.com/support/tickets,0
https://bit.ly/bank-kyc-urgent-17,1
https://linkedin.com/about-us,0
https://amazon.in/login,0
http://150.169.211.159/banking/online/verify.php,1
http://161.242.185.87/banking/online/verify.php,1
http://www.sbi-online-verification-update.com/login,1
http://secure-login.icici.verify-portal.xyz/auth/login,1
http://secure-login.paytm.verify-portal.click/auth/login,1
http://www.hdfc-bank-verification-update.com/login,1
https://sbi.co.in/security/settings,0
http://phonepe.com/help/center,0
https://bit.ly/bank-kyc-urgent-29,1
https://amazon.in/verify/email,0
https://nytimes.com/security/settings,0
https://google.com/support/tickets,0
https://amazon.in/account/dashboard,0
https://paytm.com/contact,0
https://phonepe.com/terms-and-conditions,0
http://178.180.143.118/banking/online/verify.php,1
https://bit.ly/bank-kyc-urgent-22,1
https://paytm.com/about-us,0
https://nytimes.com/contact,0
https://google.com/products/item/1209,0
https://zerodha.com/security/settings,0
http://axisbank.com/verify/email,0
https://axisbank.com/contact,0
http://google.com/profile/settings,0
https://sbi.co.in/login,0
https://phonepe.com/contact,0
https://www.axis-kyc-update.com/verify/index.php,1
https://amazon.in/profile/settings,0
https://www.axis-kyc-update.com/verify/index.php,1
https://icicibank.com/profile/settings,0
https://paypal.com/products/item/1209,0
http://wallet-refund-portal-service.top/index.html?token=110821,1
https://amazon.in/contact,0
https://hdfcbank.com/about-us,0
https://icicibank.com/help/center,0
https://microsoft.com/help/center,0
https://nytimes.com/login,0
https://microsoft.com/profile/settings,0
https://google.com/terms-and-conditions,0
https://www.sbi-online-portal.com/verify/index.php,1
http://www.hdfc-bank-verification-update.com/login,1
http://wallet-refund-portal-service.buzz/index.html?token=326639,1
https://nytimes.com/profile/settings,0
https://paytm.com/terms-and-conditions,0
http://secure-login.paytm.verify-portal.top/auth/login,1
https://sbi.co.in/security/settings,0
http://google.com/help/center,0
http://account-blocked-portal-service.icu/index.html?token=512900,1
http://icicibank.com/help/center,0
http://secure-login.sbi.verify-portal.cf/auth/login,1
https://icicibank.com/account/dashboard,0
https://linkedin.com/contact,0
https://netflix.com/support/tickets,0
https://stripe.com/verify/email,0
https://linkedin.com/login,0
http://www.axis-support-verification-update.com/login,1
http://www.axis-support-verification-update.com/login,1
https://flipkart.com/account/dashboard,0
https://nytimes.com/contact,0
http://148.85.212.39/banking/online/verify.php,1
http://146.232.121.4/banking/online/verify.php,1
http://secure-login-portal-service.online/index.html?token=923507,1
https://google.com/account/dashboard,0
http://71.175.89.152/banking/online/verify.php,1
https://hdfcbank.com/support/tickets,0
https://paytm.com/verify/email,0
http://secure-login.paypal.verify-portal.click/auth/login,1
https://flipkart.com/login,0
http://secure-login.paytm.verify-portal.monster/auth/login,1
http://205.59.76.231/banking/online/verify.php,1
https://www.icici-customer-care.com/verify/index.php,1
https://flipkart.com/login,0
http://account-blocked-portal-service.work/index.html?token=308050,1
http://www.axis-support-verification-update.com/login,1
https://stackoverflow.com/help/center,0
https://www.icici-customer-care.com/verify/index.php,1
http://account-blocked-portal-service.monster/index.html?token=458224,1
https://sbi.co.in/profile/settings,0
https://paytm.com/security/settings,0
http://182.246.21.14/banking/online/verify.php,1
https://apple.com/profile/settings,0
http://183.248.235.196/banking/online/verify.php,1
https://nytimes.com/support/tickets,0
https://paytm.com/help/center,0
https://axisbank.com/security/settings,0
http://www.icici-kyc-verification-update.com/login,1
http://secure-login.netflix.verify-portal.buzz/auth/login,1
https://paytm.com/login,0
http://185.177.46.197/banking/online/verify.php,1
https://stackoverflow.com/support/tickets,0
https://wikipedia.org/about-us,0
https://github.com/verify/email,0
http://secure-login.icici.verify-portal.click/auth/login,1
https://linkedin.com/profile/settings,0
https://paytm.com/account/dashboard,0
http://free-reward-portal-service.club/index.html?token=308252,1
https://hdfcbank.com/terms-and-conditions,0
https://sbi.co.in/help/center,0
https://stackoverflow.com/products/item/1209,0
https://paypal.com/contact,0
https://www.axis-kyc-update.com/verify/index.php,1
http://www.hdfc-bank-verification-update.com/login,1
https://nytimes.com/about-us,0
https://www.axis-kyc-update.com/verify/index.php,1
https://apple.com/security/settings,0
https://google.com/login,0
https://www.hdfc-bank-security.com/verify/index.php,1
https://bit.ly/bank-kyc-urgent-20,1
https://amazon.in/login,0
https://axisbank.com/profile/settings,0
https://netflix.com/security/settings,0
http://netflix.com/security/settings,0
https://paypal.com/products/item/1209,0
http://161.240.61.48/banking/online/verify.php,1
https://www.hdfc-bank-security.com/verify/index.php,1
http://www.axis-support-verification-update.com/login,1
https://amazon.in/verify/email,0
https://www.icici-customer-care.com/verify/index.php,1
http://secure-login.netflix.verify-portal.club/auth/login,1
https://bit.ly/bank-kyc-urgent-45,1
https://google.com/terms-and-conditions,0
https://bit.ly/bank-kyc-urgent-21,1
https://stackoverflow.com/about-us,0
http://apple.com/account/dashboard,0
http://wallet-refund-portal-service.cf/index.html?token=131734,1
https://github.com/products/item/1209,0
https://flipkart.com/profile/settings,0
https://microsoft.com/verify/email,0
http://www.axis-support-verification-update.com/login,1
http://secure-login.icici.verify-portal.club/auth/login,1
https://github.com/profile/settings,0
http://secure-login.hdfc.verify-portal.xyz/auth/login,1
http://secure-login.paypal.verify-portal.icu/auth/login,1
http://update-pan-portal-service.click/index.html?token=689810,1
https://bit.ly/bank-kyc-urgent-55,1
https://microsoft.com/about-us,0
https://bit.ly/bank-kyc-urgent-98,1
https://hdfcbank.com/about-us,0
http://update-pan-portal-service.buzz/index.html?token=977885,1
https://www.icici-customer-care.com/verify/index.php,1
http://96.26.40.71/banking/online/verify.php,1
http://secure-login.paytm.verify-portal.work/auth/login,1
https://stackoverflow.com/terms-and-conditions,0
https://linkedin.com/about-us,0
http://verify-kyc-portal-service.club/index.html?token=581111,1
https://apple.com/products/item/1209,0
http://unblock-bank-portal-service.club/index.html?token=373055,1
http://144.196.210.71/banking/online/verify.php,1
https://wikipedia.org/terms-and-conditions,0
http://hdfcbank.com/profile/settings,0
https://nytimes.com/support/tickets,0
https://sbi.co.in/support/tickets,0
https://paytm.com/login,0
https://zerodha.com/help/center,0
http://secure-login.sbi.verify-portal.monster/auth/login,1
http://secure-login.sbi.verify-portal.xyz/auth/login,1
https://stackoverflow.com/support/tickets,0
http://111.234.106.242/banking/online/verify.php,1
https://www.axis-kyc-update.com/verify/index.php,1
https://hdfcbank.com/help/center,0
https://stripe.com/help/center,0
https://amazon.in/account/dashboard,0
https://linkedin.com/verify/email,0
https://bit.ly/bank-kyc-urgent-90,1
https://stripe.com/verify/email,0
https://paytm.com/help/center,0
http://169.148.157.194/banking/online/verify.php,1
https://icicibank.com/login,0
https://axisbank.com/help/center,0
https://stripe.com/products/item/1209,0
http://linkedin.com/verify/email,0
https://zerodha.com/products/item/1209,0
https://www.hdfc-bank-security.com/verify/index.php,1
http://www.icici-kyc-verification-update.com/login,1
http://173.125.173.249/banking/online/verify.php,1
https://flipkart.com/terms-and-conditions,0
http://update-pan-portal-service.click/index.html?token=236543,1
https://www.hdfc-bank-security.com/verify/index.php,1
https://paytm.com/help/center,0
http://www.axis-support-verification-update.com/login,1
https://bit.ly/bank-kyc-urgent-50,1
https://nytimes.com/profile/settings,0
https://nytimes.com/account/dashboard,0
https://paypal.com/products/item/1209,0
https://apple.com/help/center,0
https://wikipedia.org/help/center,0
https://github.com/login,0
http://secure-login.netflix.verify-portal.icu/auth/login,1
http://update-pan-portal-service.xyz/index.html?token=857568,1
http://www.hdfc-bank-verification-update.com/login,1
https://www.hdfc-bank-security.com/verify/index.php,1
http://verify-kyc-portal-service.buzz/index.html?token=623502,1
https://flipkart.com/contact,0
http://60.117.150.183/banking/online/verify.php,1
http://144.175.95.106/banking/online/verify.php,1
https://www.icici-customer-care.com/verify/index.php,1
http://unblock-bank-portal-service.icu/index.html?token=853367,1
https://paytm.com/account/dashboard,0
https://paytm.com/login,0
https://amazon.in/contact,0
https://icicibank.com/account/dashboard,0
http://secure-login.paytm.verify-portal.click/auth/login,1
http://secure-login.sbi.verify-portal.top/auth/login,1
https://sbi.co.in/verify/email,0
http://hdfcbank.com/support/tickets,0
http://secure-login-portal-service.top/index.html?token=673734,1
https://paytm.com/help/center,0
https://stackoverflow.com/profile/settings,0
https://zerodha.com/about-us,0
https://hdfcbank.com/profile/settings,0
http://secure-login.paytm.verify-portal.icu/auth/login,1
https://github.com/terms-and-conditions,0
https://phonepe.com/support/tickets,0
https://icicibank.com/about-us,0
https://icicibank.com/login,0
http://www.sbi-online-verification-update.com/login,1
https://wikipedia.org/help/center,0
https://www.hdfc-bank-security.com/verify/index.php,1
http://www.icici-kyc-verification-update.com/login,1
https://www.axis-kyc-update.com/verify/index.php,1
http://secure-login.sbi.verify-portal.top/auth/login,1
http://secure-login.icici.verify-portal.top/auth/login,1
http://secure-login.icici.verify-portal.top/auth/login,1
http://secure-login.icici.verify-portal.cf/auth/login,1
https://www.axis-kyc-update.com/verify/index.php,1
https://paytm.com/security/settings,0
https://stackoverflow.com/help/center,0
https://nytimes.com/account/dashboard,0
http://claim-bonus-portal-service.monster/index.html?token=423050,1
http://update-pan-portal-service.monster/index.html?token=510339,1
https://stackoverflow.com/verify/email,0
https://paypal.com/about-us,0
https://wikipedia.org/verify/email,0
https://microsoft.com/help/center,0
https://phonepe.com/support/tickets,0
https://google.com/verify/email,0
https://bit.ly/bank-kyc-urgent-36,1
https://stackoverflow.com/security/settings,0
https://sbi.co.in/verify/email,0
https://nytimes.com/verify/email,0
https://www.icici-customer-care.com/verify/index.php,1
https://wikipedia.org/contact,0
http://paypal.com/account/dashboard,0
http://www.axis-support-verification-update.com/login,1
https://sbi.co.in/login,0
https://amazon.in/products/item/1209,0
https://bit.ly/bank-kyc-urgent-46,1
http://15.80.211.53/banking/online/verify.php,1
https://nytimes.com/terms-and-conditions,0
http://verify-kyc-portal-service.buzz/index.html?token=132699,1
https://www.icici-customer-care.com/verify/index.php,1
https://paypal.com/contact,0
http://wikipedia.org/login,0
https://nytimes.com/account/dashboard,0
http://secure-login.paypal.verify-portal.cf/auth/login,1
http://secure-login.sbi.verify-portal.monster/auth/login,1
http://secure-login.hdfc.verify-portal.club/auth/login,1
http://secure-login.sbi.verify-portal.online/auth/login,1
https://phonepe.com/contact,0
https://zerodha.com/login,0
https://netflix.com/account/dashboard,0
http://secure-login.paypal.verify-portal.icu/auth/login,1
https://www.sbi-online-portal.com/verify/index.php,1
http://www.icici-kyc-verification-update.com/login,1
http://free-reward-portal-service.monster/index.html?token=212369,1
http://www.axis-support-verification-update.com/login,1
http://claim-bonus-portal-service.top/index.html?token=745604,1
http://12.102.12.19/banking/online/verify.php,1
http://unblock-bank-portal-service.online/index.html?token=706005,1
http://unblock-bank-portal-service.click/index.html?token=847986,1
http://secure-login.paypal.verify-portal.online/auth/login,1
https://axisbank.com/login,0
http://account-blocked-portal-service.work/index.html?token=363592,1
https://flipkart.com/support/tickets,0
http://secure-login.netflix.verify-portal.top/auth/login,1
http://80.233.212.14/banking/online/verify.php,1
https://www.hdfc-bank-security.com/verify/index.php,1
https://bit.ly/bank-kyc-urgent-82,1
https://netflix.com/help/center,0
http://128.163.94.5/banking/online/verify.php,1
https://www.axis-kyc-update.com/verify/index.php,1
https://axisbank.com/support/tickets,0
http://www.axis-support-verification-update.com/login,1
http://www.sbi-online-verification-update.com/login,1
http://86.25.104.231/banking/online/verify.php,1
https://microsoft.com/security/settings,0
https://google.com/help/center,0
https://sbi.co.in/support/tickets,0
http://wallet-refund-portal-service.work/index.html?token=456844,1
http://secure-login.paytm.verify-portal.xyz/auth/login,1
https://phonepe.com/contact,0
http://www.hdfc-bank-verification-update.com/login,1
https://hdfcbank.com/account/dashboard,0
https://bit.ly/bank-kyc-urgent-26,1
https://phonepe.com/account/dashboard,0
https://bit.ly/bank-kyc-urgent-56,1
https://stripe.com/support/tickets,0
https://microsoft.com/profile/settings,0
https://apple.com/security/settings,0
https://flipkart.com/about-us,0
https://paypal.com/terms-and-conditions,0
https://phonepe.com/profile/settings,0
https://www.sbi-online-portal.com/verify/index.php,1
http://paytm.com/security/settings,0
http://www.hdfc-bank-verification-update.com/login,1
https://flipkart.com/profile/settings,0
https://phonepe.com/security/settings,0
https://www.axis-kyc-update.com/verify/index.php,1
http://linkedin.com/account/dashboard,0
https://google.com/security/settings,0
https://bit.ly/bank-kyc-urgent-98,1
https://www.hdfc-bank-security.com/verify/index.php,1
http://secure-login.paypal.verify-portal.buzz/auth/login,1
https://bit.ly/bank-kyc-urgent-83,1
https://axisbank.com/about-us,0
https://paypal.com/verify/email,0
https://phonepe.com/contact,0
https://bit.ly/bank-kyc-urgent-90,1
http://free-reward-portal-service.click/index.html?token=839919,1
https://hdfcbank.com/contact,0
https://nytimes.com/help/center,0
https://google.com/products/item/1209,0
https://www.icici-customer-care.com/verify/index.php,1
http://claim-bonus-portal-service.buzz/index.html?token=486746,1
https://hdfcbank.com/support/tickets,0
https://bit.ly/bank-kyc-urgent-94,1
https://bit.ly/bank-kyc-urgent-69,1
https://wikipedia.org/security/settings,0
https://zerodha.com/verify/email,0
http://wallet-refund-portal-service.cf/index.html?token=625808,1
http://www.icici-kyc-verification-update.com/login,1
https://zerodha.com/account/dashboard,0
https://sbi.co.in/account/dashboard,0
https://zerodha.com/terms-and-conditions,0
http://unblock-bank-portal-service.icu/index.html?token=861260,1
https://bit.ly/bank-kyc-urgent-40,1
https://wikipedia.org/terms-and-conditions,0
http://claim-bonus-portal-service.xyz/index.html?token=129514,1
http://nytimes.com/security/settings,0
https://linkedin.com/support/tickets,0
https://www.axis-kyc-update.com/verify/index.php,1
https://stackoverflow.com/profile/settings,0
http://zerodha.com/help/center,0
http://www.icici-kyc-verification-update.com/login,1
http://www.sbi-online-verification-update.com/login,1
https://bit.ly/bank-kyc-urgent-92,1
https://wikipedia.org/support/tickets,0
https://github.com/support/tickets,0
https://wikipedia.org/help/center,0
https://sbi.co.in/verify/email,0
https://sbi.co.in/profile/settings,0
https://flipkart.com/profile/settings,0
http://secure-login.netflix.verify-portal.online/auth/login,1
https://www.sbi-online-portal.com/verify/index.php,1
https://bit.ly/bank-kyc-urgent-92,1
https://www.icici-customer-care.com/verify/index.php,1
http://secure-login.netflix.verify-portal.icu/auth/login,1
http://www.sbi-online-verification-update.com/login,1
http://amazon.in/about-us,0
http://claim-bonus-portal-service.work/index.html?token=943726,1
https://axisbank.com/support/tickets,0
http://46.215.119.106/banking/online/verify.php,1
https://icicibank.com/support/tickets,0
http://secure-login.netflix.verify-portal.club/auth/login,1
https://amazon.in/verify/email,0
http://linkedin.com/security/settings,0
https://phonepe.com/terms-and-conditions,0
https://sbi.co.in/contact,0
https://www.icici-customer-care.com/verify/index.php,1
https://github.com/security/settings,0
https://phonepe.com/login,0
http://www.hdfc-bank-verification-update.com/login,1
https://wikipedia.org/login,0
https://paypal.com/verify/email,0
http://www.axis-support-verification-update.com/login,1
https://bit.ly/bank-kyc-urgent-68,1
http://www.icici-kyc-verification-update.com/login,1
http://microsoft.com/about-us,0
https://paypal.com/about-us,0
https://phonepe.com/security/settings,0
http://verify-kyc-portal-service.buzz/index.html?token=779792,1
https://amazon.in/about-us,0
https://bit.ly/bank-kyc-urgent-78,1
https://axisbank.com/login,0
http://www.sbi-online-verification-update.com/login,1
https://paypal.com/security/settings,0
http://www.icici-kyc-verification-update.com/login,1
http://secure-login.sbi.verify-portal.buzz/auth/login,1
http://unblock-bank-portal-service.work/index.html?token=961784,1
https://bit.ly/bank-kyc-urgent-66,1
http://96.71.148.30/banking/online/verify.php,1
https://www.axis-kyc-update.com/verify/index.php,1
https://www.axis-kyc-update.com/verify/index.php,1
https://zerodha.com/about-us,0
https://www.sbi-online-portal.com/verify/index.php,1
https://www.sbi-online-portal.com/verify/index.php,1
https://icicibank.com/login,0
https://github.com/help/center,0
https://zerodha.com/products/item/1209,0
https://phonepe.com/help/center,0
http://paytm.com/products/item/1209,0
http://unblock-bank-portal-service.xyz/index.html?token=684801,1
http://flipkart.com/verify/email,0
https://stripe.com/terms-and-conditions,0
https://wikipedia.org/terms-and-conditions,0
https://bit.ly/bank-kyc-urgent-99,1
https://wikipedia.org/account/dashboard,0
https://bit.ly/bank-kyc-urgent-25,1
http://account-blocked-portal-service.top/index.html?token=197795,1
https://amazon.in/profile/settings,0
https://bit.ly/bank-kyc-urgent-25,1
https://stripe.com/profile/settings,0
https://stripe.com/profile/settings,0
http://91.202.110.186/banking/online/verify.php,1
http://www.sbi-online-verification-update.com/login,1
https://zerodha.com/login,0
https://bit.ly/bank-kyc-urgent-86,1
https://paypal.com/support/tickets,0
http://netflix.com/verify/email,0
https://stackoverflow.com/login,0
https://netflix.com/contact,0
https://paytm.com/verify/email,0
https://hdfcbank.com/help/center,0
https://apple.com/terms-and-conditions,0
https://apple.com/security/settings,0
https://google.com/support/tickets,0
https://hdfcbank.com/verify/email,0
https://bit.ly/bank-kyc-urgent-99,1
https://nytimes.com/about-us,0
https://sbi.co.in/profile/settings,0
https://www.hdfc-bank-security.com/verify/index.php,1
https://bit.ly/bank-kyc-urgent-15,1
http://secure-login.paytm.verify-portal.club/auth/login,1
https://bit.ly/bank-kyc-urgent-23,1
https://flipkart.com/terms-and-conditions,0
https://bit.ly/bank-kyc-urgent-42,1
https://flipkart.com/help/center,0
http://www.hdfc-bank-verification-update.com/login,1
https://bit.ly/bank-kyc-urgent-70,1
http://85.122.59.162/banking/online/verify.php,1
http://www.axis-support-verification-update.com/login,1
http://38.18.213.169/banking/online/verify.php,1
https://hdfcbank.com/products/item/1209,0
https://phonepe.com/about-us,0
https://bit.ly/bank-kyc-urgent-35,1
https://phonepe.com/security/settings,0
https://github.com/login,0
http://secure-login.sbi.verify-portal.monster/auth/login,1
https://google.com/account/dashboard,0
https://bit.ly/bank-kyc-urgent-99,1
https://github.com/products/item/1209,0
http://186.226.243.122/banking/online/verify.php,1
http://unblock-bank-portal-service.monster/index.html?token=488796,1
https://zerodha.com/products/item/1209,0
https://hdfcbank.com/login,0
http://secure-login.netflix.verify-portal.top/auth/login,1
https://bit.ly/bank-kyc-urgent-88,1
https://www.axis-kyc-update.com/verify/index.php,1
https://zerodha.com/contact,0
http://verify-kyc-portal-service.top/index.html?token=628896,1
https://netflix.com/help/center,0
https://sbi.co.in/help/center,0
https://wikipedia.org/account/dashboard,0
https://bit.ly/bank-kyc-urgent-80,1
https://bit.ly/bank-kyc-urgent-96,1
http://verify-kyc-portal-service.monster/index.html?token=131107,1
https://bit.ly/bank-kyc-urgent-45,1
https://paypal.com/contact,0
https://www.hdfc-bank-security.com/verify/index.php,1
https://hdfcbank.com/products/item/1209,0
https://sbi.co.in/contact,0
https://www.axis-kyc-update.com/verify/index.php,1
https://wikipedia.org/account/dashboard,0
https://bit.ly/bank-kyc-urgent-80,1
https://axisbank.com/contact,0
https://github.com/terms-and-conditions,0
https://apple.com/contact,0
http://20.58.46.77/banking/online/verify.php,1
http://secure-login-portal-service.top/index.html?token=416298,1
https://www.sbi-online-portal.com/verify/index.php,1
https://www.icici-customer-care.com/verify/index.php,1
http://secure-login-portal-service.top/index.html?token=222292,1
https://github.com/terms-and-conditions,0
http://www.axis-support-verification-update.com/login,1
https://zerodha.com/security/settings,0
https://www.icici-customer-care.com/verify/index.php,1
https://netflix.com/support/tickets,0
https://www.icici-customer-care.com/verify/index.php,1
https://axisbank.com/account/dashboard,0
http://secure-login.icici.verify-portal.top/auth/login,1
http://www.hdfc-bank-verification-update.com/login,1
https://wikipedia.org/terms-and-conditions,0
http://secure-login.sbi.verify-portal.work/auth/login,1
https://icicibank.com/terms-and-conditions,0
http://www.sbi-online-verification-update.com/login,1
https://axisbank.com/security/settings,0
http://www.hdfc-bank-verification-update.com/login,1
http://www.hdfc-bank-verification-update.com/login,1
http://www.axis-support-verification-update.com/login,1
http://verify-kyc-portal-service.club/index.html?token=724473,1
https://sbi.co.in/profile/settings,0
https://stripe.com/contact,0
https://amazon.in/profile/settings,0
http://update-pan-portal-service.icu/index.html?token=937836,1
https://github.com/contact,0
https://www.icici-customer-care.com/verify/index.php,1
https://paytm.com/account/dashboard,0
https://netflix.com/account/dashboard,0
https://icicibank.com/security/settings,0
https://www.hdfc-bank-security.com/verify/index.php,1
https://bit.ly/bank-kyc-urgent-47,1
https://axisbank.com/support/tickets,0
https://stackoverflow.com/products/item/1209,0
https://bit.ly/bank-kyc-urgent-22,1
https://microsoft.com/profile/settings,0
http://sbi.co.in/security/settings,0
https://paypal.com/security/settings,0
https://stackoverflow.com/verify/email,0
https://flipkart.com/support/tickets,0
https://zerodha.com/terms-and-conditions,0
http://197.239.118.187/banking/online/verify.php,1
https://amazon.in/login,0
https://wikipedia.org/profile/settings,0
https://apple.com/support/tickets,0
https://www.axis-kyc-update.com/verify/index.php,1
https://wikipedia.org/account/dashboard,0
https://www.sbi-online-portal.com/verify/index.php,1
https://nytimes.com/terms-and-conditions,0
https://zerodha.com/contact,0
https://bit.ly/bank-kyc-urgent-98,1
https://amazon.in/security/settings,0
http://secure-login-portal-service.club/index.html?token=374025,1
http://www.hdfc-bank-verification-update.com/login,1
https://google.com/help/center,0
https://netflix.com/contact,0
http://zerodha.com/about-us,0
https://axisbank.com/products/item/1209,0
https://axisbank.com/help/center,0
https://apple.com/contact,0
https://www.axis-kyc-update.com/verify/index.php,1
http://57.219.199.126/banking/online/verify.php,1
https://www.axis-kyc-update.com/verify/index.php,1
http://claim-bonus-portal-service.top/index.html?token=982042,1
http://191.224.237.149/banking/online/verify.php,1
http://unblock-bank-portal-service.buzz/index.html?token=836197,1
https://amazon.in/help/center,0
https://microsoft.com/login,0
http://www.hdfc-bank-verification-update.com/login,1
http://191.141.230.136/banking/online/verify.php,1
https://paytm.com/account/dashboard,0
https://netflix.com/verify/email,0
https://linkedin.com/security/settings,0
https://amazon.in/account/dashboard,0
https://netflix.com/terms-and-conditions,0
https://google.com/contact,0
https://amazon.in/security/settings,0
http://www.icici-kyc-verification-update.com/login,1
https://flipkart.com/account/dashboard,0
https://apple.com/security/settings,0
http://secure-login-portal-service.icu/index.html?token=220784,1
https://linkedin.com/help/center,0
http://www.sbi-online-verification-update.com/login,1
https://bit.ly/bank-kyc-urgent-48,1
https://www.sbi-online-portal.com/verify/index.php,1
http://secure-login.hdfc.verify-portal.click/auth/login,1
https://microsoft.com/products/item/1209,0
http://201.153.164.216/banking/online/verify.php,1
https://zerodha.com/products/item/1209,0
https://amazon.in/about-us,0
http://verify-kyc-portal-service.monster/index.html?token=278026,1
https://bit.ly/bank-kyc-urgent-18,1
http://www.hdfc-bank-verification-update.com/login,1
http://www.axis-support-verification-update.com/login,1
http://www.hdfc-bank-verification-update.com/login,1
https://amazon.in/account/dashboard,0
https://icicibank.com/verify/email,0
https://paypal.com/help/center,0
http://verify-kyc-portal-service.monster/index.html?token=812049,1
http://www.hdfc-bank-verification-update.com/login,1
https://sbi.co.in/login,0
https://flipkart.com/support/tickets,0
https://flipkart.com/products/item/1209,0
https://www.sbi-online-portal.com/verify/index.php,1
http://update-pan-portal-service.club/index.html?token=367968,1
https://bit.ly/bank-kyc-urgent-61,1
https://stripe.com/support/tickets,0
https://sbi.co.in/account/dashboard,0
http://46.132.204.145/banking/online/verify.php,1
https://paytm.com/products/item/1209,0
http://secure-login.netflix.verify-portal.cf/auth/login,1
https://netflix.com/terms-and-conditions,0
http://172.40.232.53/banking/online/verify.php,1
https://axisbank.com/terms-and-conditions,0
http://secure-login.hdfc.verify-portal.work/auth/login,1
http://77.248.155.220/banking/online/verify.php,1
http://secure-login.icici.verify-portal.club/auth/login,1
http://www.sbi-online-verification-update.com/login,1
http://www.icici-kyc-verification-update.com/login,1
http://www.icici-kyc-verification-update.com/login,1
http://secure-login.sbi.verify-portal.club/auth/login,1
https://bit.ly/bank-kyc-urgent-61,1
https://stackoverflow.com/support/tickets,0
http://www.sbi-online-verification-update.com/login,1
https://bit.ly/bank-kyc-urgent-48,1
https://flipkart.com/products/item/1209,0
https://axisbank.com/products/item/1209,0
https://stripe.com/products/item/1209,0
https://bit.ly/bank-kyc-urgent-95,1
https://www.axis-kyc-update.com/verify/index.php,1
https://hdfcbank.com/verify/email,0
https://paypal.com/verify/email,0
https://netflix.com/terms-and-conditions,0
https://flipkart.com/about-us,0
https://netflix.com/verify/email,0
https://nytimes.com/security/settings,0
http://zerodha.com/verify/email,0
http://89.247.248.246/banking/online/verify.php,1
http://www.sbi-online-verification-update.com/login,1
https://www.icici-customer-care.com/verify/index.php,1
http://verify-kyc-portal-service.online/index.html?token=946906,1
https://axisbank.com/help/center,0
http://www.hdfc-bank-verification-update.com/login,1
https://nytimes.com/terms-and-conditions,0
https://phonepe.com/security/settings,0
https://nytimes.com/contact,0
http://update-pan-portal-service.monster/index.html?token=598306,1
https://zerodha.com/profile/settings,0
http://hdfcbank.com/verify/email,0
https://bit.ly/bank-kyc-urgent-23,1
http://152.248.243.108/banking/online/verify.php,1
https://www.hdfc-bank-security.com/verify/index.php,1
http://hdfcbank.com/login,0
https://phonepe.com/products/item/1209,0
http://unblock-bank-portal-service.click/index.html?token=519758,1
http://52.70.39.11/banking/online/verify.php,1
https://www.hdfc-bank-security.com/verify/index.php,1
https://amazon.in/about-us,0
https://apple.com/account/dashboard,0
http://wallet-refund-portal-service.click/index.html?token=632294,1
https://hdfcbank.com/support/tickets,0
http://update-pan-portal-service.click/index.html?token=151047,1
https://linkedin.com/profile/settings,0
http://secure-login-portal-service.xyz/index.html?token=972089,1
http://54.28.89.157/banking/online/verify.php,1
http://www.sbi-online-verification-update.com/login,1
https://zerodha.com/account/dashboard,0
https://axisbank.com/about-us,0
https://hdfcbank.com/contact,0
https://apple.com/about-us,0
http://paytm.com/verify/email,0
https://bit.ly/bank-kyc-urgent-32,1
http://www.sbi-online-verification-update.com/login,1
https://axisbank.com/verify/email,0
https://bit.ly/bank-kyc-urgent-89,1
https://flipkart.com/help/center,0
https://stripe.com/contact,0
https://www.hdfc-bank-security.com/verify/index.php,1
https://bit.ly/bank-kyc-urgent-39,1
https://paypal.com/login,0
https://stripe.com/profile/settings,0
https://paytm.com/contact,0
https://amazon.in/about-us,0
https://www.hdfc-bank-security.com/verify/index.php,1
https://bit.ly/bank-kyc-urgent-88,1
http://196.19.127.100/banking/online/verify.php,1
https://paytm.com/support/tickets,0
http://verify-kyc-portal-service.xyz/index.html?token=235073,1
https://paypal.com/verify/email,0
http://secure-login.paypal.verify-portal.cf/auth/login,1
http://www.sbi-online-verification-update.com/login,1
https://bit.ly/bank-kyc-urgent-21,1
http://hdfcbank.com/security/settings,0
http://secure-login.hdfc.verify-portal.click/auth/login,1
http://180.54.131.36/banking/online/verify.php,1
https://phonepe.com/security/settings,0
http://claim-bonus-portal-service.xyz/index.html?token=907503,1
https://zerodha.com/login,0
https://phonepe.com/verify/email,0
https://github.com/account/dashboard,0
http://unblock-bank-portal-service.cf/index.html?token=859822,1
https://wikipedia.org/terms-and-conditions,0
http://www.axis-support-verification-update.com/login,1
http://www.axis-support-verification-update.com/login,1
http://claim-bonus-portal-service.online/index.html?token=873048,1
http://secure-login.sbi.verify-portal.buzz/auth/login,1
https://www.hdfc-bank-security.com/verify/index.php,1
https://wikipedia.org/terms-and-conditions,0
https://www.axis-kyc-update.com/verify/index.php,1
https://wikipedia.org/profile/settings,0
https://icicibank.com/contact,0
https://icicibank.com/profile/settings,0
http://account-blocked-portal-service.online/index.html?token=985029,1
http://wallet-refund-portal-service.work/index.html?token=650269,1
https://wikipedia.org/security/settings,0
https://icicibank.com/verify/email,0
https://stripe.com/products/item/1209,0
https://bit.ly/bank-kyc-urgent-32,1
http://secure-login.hdfc.verify-portal.top/auth/login,1
http://flipkart.com/login,0
https://nytimes.com/contact,0
http://claim-bonus-portal-service.xyz/index.html?token=416611,1
https://paypal.com/help/center,0
https://axisbank.com/products/item/1209,0
http://www.axis-support-verification-update.com/login,1
http://github.com/profile/settings,0
http://www.hdfc-bank-verification-update.com/login,1
http://secure-login.hdfc.verify-portal.club/auth/login,1
https://stackoverflow.com/login,0
http://189.76.139.17/banking/online/verify.php,1
https://nytimes.com/contact,0
https://netflix.com/login,0
https://google.com/about-us,0
http://secure-login.hdfc.verify-portal.work/auth/login,1
https://sbi.co.in/terms-and-conditions,0
https://netflix.com/verify/email,0
https://bit.ly/bank-kyc-urgent-58,1
https://wikipedia.org/support/tickets,0
http://free-reward-portal-service.cf/index.html?token=792561,1
http://free-reward-portal-service.cf/index.html?token=186627,1
https://amazon.in/products/item/1209,0
https://stripe.com/profile/settings,0
https://hdfcbank.com/contact,0
http://google.com/account/dashboard,0
http://www.sbi-online-verification-update.com/login,1
http://59.97.246.124/banking/online/verify.php,1
http://secure-login.sbi.verify-portal.icu/auth/login,1
https://flipkart.com/support/tickets,0
https://zerodha.com/support/tickets,0
https://sbi.co.in/security/settings,0
https://stackoverflow.com/contact,0
http://flipkart.com/account/dashboard,0
https://www.icici-customer-care.com/verify/index.php,1
https://github.com/verify/email,0
http://197.197.144.220/banking/online/verify.php,1
https://bit.ly/bank-kyc-urgent-66,1
https://nytimes.com/account/dashboard,0
https://bit.ly/bank-kyc-urgent-30,1
https://stackoverflow.com/about-us,0
https://wikipedia.org/terms-and-conditions,0
https://amazon.in/support/tickets,0
https://icicibank.com/profile/settings,0
https://axisbank.com/terms-and-conditions,0
http://secure-login.paytm.verify-portal.online/auth/login,1
http://update-pan-portal-service.cf/index.html?token=213284,1
http://18.134.141.30/banking/online/verify.php,1
http://secure-login.netflix.verify-portal.top/auth/login,1
https://bit.ly/bank-kyc-urgent-57,1
https://sbi.co.in/login,0
http://claim-bonus-portal-service.xyz/index.html?token=756361,1
http://secure-login.paypal.verify-portal.online/auth/login,1
https://www.sbi-online-portal.com/verify/index.php,1
https://www.sbi-online-portal.com/verify/index.php,1
https://paypal.com/terms-and-conditions,0
https://www.icici-customer-care.com/verify/index.php,1
http://unblock-bank-portal-service.monster/index.html?token=369836,1
https://google.com/about-us,0
http://secure-login.sbi.verify-portal.xyz/auth/login,1
http://secure-login.paytm.verify-portal.monster/auth/login,1
https://www.icici-customer-care.com/verify/index.php,1
https://bit.ly/bank-kyc-urgent-62,1
https://apple.com/contact,0
http://90.193.109.125/banking/online/verify.php,1
https://paytm.com/support/tickets,0
http://update-pan-portal-service.top/index.html?token=447412,1
http://secure-login.hdfc.verify-portal.cf/auth/login,1
https://nytimes.com/support/tickets,0
https://apple.com/login,0
https://paypal.com/security/settings,0
https://bit.ly/bank-kyc-urgent-18,1
https://apple.com/account/dashboard,0
http://www.icici-kyc-verification-update.com/login,1
https://paypal.com/help/center,0
https://nytimes.com/profile/settings,0
https://stripe.com/account/dashboard,0
https://bit.ly/bank-kyc-urgent-77,1
https://linkedin.com/about-us,0
http://106.225.219.133/banking/online/verify.php,1
https://apple.com/contact,0
http://41.43.112.10/banking/online/verify.php,1
https://bit.ly/bank-kyc-urgent-92,1
http://www.hdfc-bank-verification-update.com/login,1
http://100.63.58.249/banking/online/verify.php,1
http://amazon.in/contact,0
https://www.sbi-online-portal.com/verify/index.php,1
http://165.157.250.80/banking/online/verify.php,1
https://netflix.com/about-us,0
https://www.axis-kyc-update.com/verify/index.php,1
http://133.33.136.47/banking/online/verify.php,1
https://bit.ly/bank-kyc-urgent-82,1
https://www.axis-kyc-update.com/verify/index.php,1
https://nytimes.com/about-us,0
https://www.hdfc-bank-security.com/verify/index.php,1
http://secure-login.paytm.verify-portal.icu/auth/login,1
http://30.103.224.35/banking/online/verify.php,1
https://stripe.com/help/center,0
https://netflix.com/verify/email,0
https://paypal.com/login,0
http://www.icici-kyc-verification-update.com/login,1
https://bit.ly/bank-kyc-urgent-37,1
http://free-reward-portal-service.click/index.html?token=188498,1
http://secure-login-portal-service.cf/index.html?token=642337,1
http://secure-login-portal-service.top/index.html?token=794940,1
https://nytimes.com/profile/settings,0
http://secure-login.netflix.verify-portal.cf/auth/login,1
https://axisbank.com/contact,0
https://stripe.com/login,0
https://netflix.com/terms-and-conditions,0
http://80.37.36.20/banking/online/verify.php,1
https://www.sbi-online-portal.com/verify/index.php,1
http://72.133.198.197/banking/online/verify.php,1
https://wikipedia.org/security/settings,0
http://www.axis-support-verification-update.com/login,1
https://bit.ly/bank-kyc-urgent-48,1
https://phonepe.com/profile/settings,0
http://account-blocked-portal-service.xyz/index.html?token=873876,1
http://verify-kyc-portal-service.club/index.html?token=241677,1
https://stripe.com/account/dashboard,0
https://icicibank.com/contact,0
https://paytm.com/verify/email,0
https://paytm.com/login,0
https://flipkart.com/contact,0
https://amazon.in/verify/email,0
https://apple.com/products/item/1209,0
https://sbi.co.in/contact,0
https://apple.com/contact,0
http://70.84.178.135/banking/online/verify.php,1
https://flipkart.com/products/item/1209,0
https://netflix.com/verify/email,0
https://www.icici-customer-care.com/verify/index.php,1
https://phonepe.com/help/center,0
http://secure-login-portal-service.buzz/index.html?token=814407,1
http://claim-bonus-portal-service.cf/index.html?token=803724,1
http://www.sbi-online-verification-update.com/login,1
https://microsoft.com/about-us,0
https://amazon.in/about-us,0
https://www.axis-kyc-update.com/verify/index.php,1
http://76.14.147.169/banking/online/verify.php,1
https://wikipedia.org/account/dashboard,0
http://secure-login.paytm.verify-portal.icu/auth/login,1
https://paypal.com/verify/email,0
https://bit.ly/bank-kyc-urgent-63,1
http://nytimes.com/products/item/1209,0
https://amazon.in/products/item/1209,0
https://axisbank.com/login,0
https://github.com/contact,0
http://secure-login.sbi.verify-portal.club/auth/login,1
https://flipkart.com/account/dashboard,0
http://secure-login.icici.verify-portal.click/auth/login,1
https://amazon.in/verify/email,0
https://icicibank.com/account/dashboard,0
http://wallet-refund-portal-service.monster/index.html?token=919304,1
https://apple.com/verify/email,0
https://paytm.com/security/settings,0
https://nytimes.com/terms-and-conditions,0
http://verify-kyc-portal-service.cf/index.html?token=780433,1
https://hdfcbank.com/about-us,0
http://stackoverflow.com/security/settings,0
https://microsoft.com/verify/email,0
https://paypal.com/products/item/1209,0
http://secure-login.paypal.verify-portal.xyz/auth/login,1
https://microsoft.com/security/settings,0
https://zerodha.com/contact,0
http://34.92.42.47/banking/online/verify.php,1
https://bit.ly/bank-kyc-urgent-59,1
https://axisbank.com/verify/email,0
https://github.com/about-us,0
https://www.icici-customer-care.com/verify/index.php,1
http://184.118.48.229/banking/online/verify.php,1
https://phonepe.com/products/item/1209,0
https://www.icici-customer-care.com/verify/index.php,1
https://bit.ly/bank-kyc-urgent-83,1
https://bit.ly/bank-kyc-urgent-98,1
http://133.18.245.209/banking/online/verify.php,1
http://secure-login.paytm.verify-portal.work/auth/login,1
http://88.31.19.138/banking/online/verify.php,1
https://github.com/verify/email,0
https://sbi.co.in/verify/email,0
https://www.hdfc-bank-security.com/verify/index.php,1
https://bit.ly/bank-kyc-urgent-28,1
https://github.com/help/center,0
http://www.sbi-online-verification-update.com/login,1
http://secure-login.icici.verify-portal.cf/auth/login,1
https://axisbank.com/login,0
http://www.axis-support-verification-update.com/login,1
http://secure-login.hdfc.verify-portal.club/auth/login,1
http://flipkart.com/profile/settings,0
https://axisbank.com/help/center,0
http://84.195.59.121/banking/online/verify.php,1
https://microsoft.com/verify/email,0
https://www.icici-customer-care.com/verify/index.php,1
https://flipkart.com/security/settings,0
https://icicibank.com/support/tickets,0
https://www.hdfc-bank-security.com/verify/index.php,1
https://sbi.co.in/help/center,0
https://axisbank.com/terms-and-conditions,0
http://claim-bonus-portal-service.xyz/index.html?token=351165,1
https://zerodha.com/about-us,0
http://secure-login.paytm.verify-portal.cf/auth/login,1
https://axisbank.com/account/dashboard,0
http://www.hdfc-bank-verification-update.com/login,1
https://github.com/about-us,0
https://paytm.com/help/center,0
https://bit.ly/bank-kyc-urgent-68,1
https://stripe.com/contact,0
https://stackoverflow.com/contact,0
https://microsoft.com/about-us,0
https://apple.com/profile/settings,0
http://update-pan-portal-service.club/index.html?token=592331,1
https://microsoft.com/profile/settings,0
http://icicibank.com/account/dashboard,0
https://www.icici-customer-care.com/verify/index.php,1
http://account-blocked-portal-service.club/index.html?token=645316,1
http://claim-bonus-portal-service.monster/index.html?token=570267,1
https://github.com/products/item/1209,0
https://paytm.com/security/settings,0
https://www.axis-kyc-update.com/verify/index.php,1
http://secure-login.paypal.verify-portal.buzz/auth/login,1
https://hdfcbank.com/terms-and-conditions,0
http://85.21.154.16/banking/online/verify.php,1
https://phonepe.com/support/tickets,0
https://github.com/contact,0
https://paytm.com/security/settings,0
http://www.icici-kyc-verification-update.com/login,1
https://icicibank.com/contact,0
https://microsoft.com/security/settings,0
http://update-pan-portal-service.cf/index.html?token=355479,1
http://secure-login.hdfc.verify-portal.click/auth/login,1
http://update-pan-portal-service.top/index.html?token=993021,1
https://microsoft.com/products/item/1209,0
http://94.241.108.197/banking/online/verify.php,1
http://www.icici-kyc-verification-update.com/login,1
https://bit.ly/bank-kyc-urgent-12,1
https://bit.ly/bank-kyc-urgent-89,1
https://axisbank.com/terms-and-conditions,0
https://netflix.com/products/item/1209,0
https://www.sbi-online-portal.com/verify/index.php,1
https://www.icici-customer-care.com/verify/index.php,1
https://www.sbi-online-portal.com/verify/index.php,1
https://nytimes.com/contact,0
https://hdfcbank.com/products/item/1209,0
https://amazon.in/help/center,0
https://apple.com/profile/settings,0
https://sbi.co.in/account/dashboard,0
https://stripe.com/products/item/1209,0
https://paypal.com/contact,0
https://zerodha.com/account/dashboard,0
http://www.hdfc-bank-verification-update.com/login,1
http://25.149.187.69/banking/online/verify.php,1
http://unblock-bank-portal-service.cf/index.html?token=790318,1
https://stripe.com/login,0
http://axisbank.com/products/item/1209,0
http://secure-login.paypal.verify-portal.online/auth/login,1
http://secure-login.netflix.verify-portal.work/auth/login,1
https://hdfcbank.com/security/settings,0
https://apple.com/account/dashboard,0
http://www.axis-support-verification-update.com/login,1
https://icicibank.com/help/center,0
http://zerodha.com/login,0
http://34.218.215.236/banking/online/verify.php,1
http://secure-login.netflix.verify-portal.online/auth/login,1
http://unblock-bank-portal-service.icu/index.html?token=238440,1
https://icicibank.com/profile/settings,0
https://paypal.com/account/dashboard,0
https://bit.ly/bank-kyc-urgent-58,1
http://axisbank.com/account/dashboard,0
https://axisbank.com/profile/settings,0
https://linkedin.com/terms-and-conditions,0
http://169.72.150.41/banking/online/verify.php,1
https://stripe.com/security/settings,0
https://axisbank.com/security/settings,0
http://account-blocked-portal-service.xyz/index.html?token=187649,1
http://secure-login.sbi.verify-portal.work/auth/login,1
https://github.com/login,0
http://www.hdfc-bank-verification-update.com/login,1
https://wikipedia.org/login,0
https://paypal.com/account/dashboard,0
https://www.sbi-online-portal.com/verify/index.php,1
http://www.axis-support-verification-update.com/login,1
https://www.icici-customer-care.com/verify/index.php,1
http://secure-login.hdfc.verify-portal.xyz/auth/login,1
http://secure-login.sbi.verify-portal.work/auth/login,1
http://www.axis-support-verification-update.com/login,1
https://paypal.com/login,0
https://bit.ly/bank-kyc-urgent-13,1
https://hdfcbank.com/help/center,0
http://unblock-bank-portal-service.club/index.html?token=661936,1
https://axisbank.com/verify/email,0
https://apple.com/account/dashboard,0
https://bit.ly/bank-kyc-urgent-83,1
http://162.171.172.39/banking/online/verify.php,1
http://secure-login.paypal.verify-portal.click/auth/login,1
https://zerodha.com/verify/email,0
http://secure-login.hdfc.verify-portal.club/auth/login,1
http://87.188.109.230/banking/online/verify.php,1
https://www.sbi-online-portal.com/verify/index.php,1
http://free-reward-portal-service.work/index.html?token=624514,1
http://secure-login-portal-service.buzz/index.html?token=616777,1
https://www.hdfc-bank-security.com/verify/index.php,1
http://www.axis-support-verification-update.com/login,1
http://110.209.113.73/banking/online/verify.php,1
http://wallet-refund-portal-service.xyz/index.html?token=400699,1
http://github.com/help/center,0
http://www.axis-support-verification-update.com/login,1
http://184.15.187.174/banking/online/verify.php,1
https://wikipedia.org/about-us,0
http://61.134.56.129/banking/online/verify.php,1
https://linkedin.com/about-us,0
http://stripe.com/login,0
https://axisbank.com/security/settings,0
https://www.sbi-online-portal.com/verify/index.php,1
http://www.hdfc-bank-verification-update.com/login,1
https://www.sbi-online-portal.com/verify/index.php,1
https://paytm.com/verify/email,0
https://bit.ly/bank-kyc-urgent-28,1
http://secure-login.netflix.verify-portal.online/auth/login,1
https://sbi.co.in/products/item/1209,0
https://hdfcbank.com/help/center,0
https://www.hdfc-bank-security.com/verify/index.php,1
https://github.com/contact,0
https://stripe.com/login,0
https://bit.ly/bank-kyc-urgent-70,1
http://apple.com/help/center,0
http://164.80.188.248/banking/online/verify.php,1
http://www.axis-support-verification-update.com/login,1
https://www.sbi-online-portal.com/verify/index.php,1
https://linkedin.com/account/dashboard,0
https://wikipedia.org/account/dashboard,0
http://microsoft.com/profile/settings,0
http://secure-login.icici.verify-portal.xyz/auth/login,1
https://github.com/login,0
http://31.201.164.67/banking/online/verify.php,1
https://bit.ly/bank-kyc-urgent-93,1
https://phonepe.com/account/dashboard,0
https://axisbank.com/contact,0
https://flipkart.com/about-us,0
https://bit.ly/bank-kyc-urgent-37,1
https://www.hdfc-bank-security.com/verify/index.php,1
http://paytm.com/contact,0
https://github.com/support/tickets,0
http://207.137.183.25/banking/online/verify.php,1
https://www.hdfc-bank-security.com/verify/index.php,1
https://flipkart.com/account/dashboard,0
https://apple.com/about-us,0
https://nytimes.com/help/center,0
https://linkedin.com/login,0
https://zerodha.com/about-us,0
https://bit.ly/bank-kyc-urgent-72,1
https://icicibank.com/login,0
http://95.102.199.208/banking/online/verify.php,1
https://www.hdfc-bank-security.com/verify/index.php,1
http://unblock-bank-portal-service.cf/index.html?token=465226,1
https://hdfcbank.com/profile/settings,0
http://secure-login.icici.verify-portal.icu/auth/login,1
http://106.75.150.22/banking/online/verify.php,1
http://www.sbi-online-verification-update.com/login,1
http://secure-login.sbi.verify-portal.online/auth/login,1
https://netflix.com/products/item/1209,0
https://icicibank.com/login,0
https://www.axis-kyc-update.com/verify/index.php,1
http://account-blocked-portal-service.top/index.html?token=913432,1
https://axisbank.com/products/item/1209,0
https://stripe.com/login,0
http://200.179.245.211/banking/online/verify.php,1
http://secure-login.sbi.verify-portal.icu/auth/login,1
https://www.axis-kyc-update.com/verify/index.php,1
https://linkedin.com/verify/email,0
https://www.sbi-online-portal.com/verify/index.php,1
https://google.com/login,0
http://195.60.72.109/banking/online/verify.php,1
https://sbi.co.in/login,0
https://hdfcbank.com/profile/settings,0
http://secure-login.paytm.verify-portal.club/auth/login,1
https://hdfcbank.com/terms-and-conditions,0
https://bit.ly/bank-kyc-urgent-27,1
https://www.sbi-online-portal.com/verify/index.php,1
https://bit.ly/bank-kyc-urgent-31,1
https://github.com/account/dashboard,0
http://26.167.93.47/banking/online/verify.php,1
http://37.126.234.203/banking/online/verify.php,1
https://www.hdfc-bank-security.com/verify/index.php,1
https://www.icici-customer-care.com/verify/index.php,1
https://github.com/verify/email,0
https://phonepe.com/profile/settings,0
https://phonepe.com/account/dashboard,0
https://www.axis-kyc-update.com/verify/index.php,1
http://secure-login.paypal.verify-portal.click/auth/login,1
https://axisbank.com/products/item/1209,0
https://icicibank.com/verify/email,0
http://verify-kyc-portal-service.top/index.html?token=265488,1
https://nytimes.com/support/tickets,0
http://162.26.219.210/banking/online/verify.php,1
https://linkedin.com/about-us,0
http://www.sbi-online-verification-update.com/login,1
http://secure-login.netflix.verify-portal.monster/auth/login,1
https://zerodha.com/products/item/1209,0
http://amazon.in/products/item/1209,0
https://bit.ly/bank-kyc-urgent-73,1
https://paypal.com/account/dashboard,0
https://flipkart.com/support/tickets,0
https://axisbank.com/terms-and-conditions,0
https://phonepe.com/products/item/1209,0
https://stackoverflow.com/contact,0
https://apple.com/help/center,0
https://www.hdfc-bank-security.com/verify/index.php,1
https://phonepe.com/help/center,0
http://secure-login.sbi.verify-portal.monster/auth/login,1
http://138.233.223.72/banking/online/verify.php,1
https://stackoverflow.com/contact,0
http://secure-login.hdfc.verify-portal.cf/auth/login,1
https://flipkart.com/terms-and-conditions,0
https://axisbank.com/profile/settings,0
http://www.icici-kyc-verification-update.com/login,1
https://www.icici-customer-care.com/verify/index.php,1
http://secure-login.hdfc.verify-portal.top/auth/login,1
https://icicibank.com/contact,0
https://zerodha.com/help/center,0
http://secure-login.netflix.verify-portal.buzz/auth/login,1
https://apple.com/verify/email,0
http://secure-login.sbi.verify-portal.club/auth/login,1
http://secure-login.paypal.verify-portal.xyz/auth/login,1
http://secure-login.sbi.verify-portal.top/auth/login,1
http://125.101.33.84/banking/online/verify.php,1
http://152.20.108.170/banking/online/verify.php,1
https://www.sbi-online-portal.com/verify/index.php,1
https://microsoft.com/profile/settings,0
http://unblock-bank-portal-service.xyz/index.html?token=288288,1
http://202.145.188.243/banking/online/verify.php,1
http://wikipedia.org/contact,0
https://flipkart.com/profile/settings,0
https://icicibank.com/login,0
https://microsoft.com/account/dashboard,0
https://stripe.com/about-us,0
https://hdfcbank.com/support/tickets,0
http://paypal.com/terms-and-conditions,0
http://www.icici-kyc-verification-update.com/login,1
http://www.hdfc-bank-verification-update.com/login,1
https://sbi.co.in/account/dashboard,0
https://axisbank.com/about-us,0
https://paypal.com/terms-and-conditions,0
https://flipkart.com/account/dashboard,0
https://google.com/about-us,0
http://verify-kyc-portal-service.club/index.html?token=209380,1
http://112.65.88.109/banking/online/verify.php,1
https://linkedin.com/help/center,0
https://microsoft.com/profile/settings,0
http://secure-login-portal-service.club/index.html?token=391248,1
http://unblock-bank-portal-service.cf/index.html?token=272846,1
https://www.sbi-online-portal.com/verify/index.php,1
http://secure-login.paytm.verify-portal.icu/auth/login,1
http://secure-login.paypal.verify-portal.buzz/auth/login,1
https://google.com/terms-and-conditions,0
http://unblock-bank-portal-service.work/index.html?token=127168,1
http://82.206.39.222/banking/online/verify.php,1
http://15.78.151.247/banking/online/verify.php,1
https://www.axis-kyc-update.com/verify/index.php,1
https://amazon.in/help/center,0
https://microsoft.com/products/item/1209,0
https://axisbank.com/contact,0
https://nytimes.com/security/settings,0
https://netflix.com/about-us,0
https://netflix.com/login,0
http://www.sbi-online-verification-update.com/login,1
http://secure-login.hdfc.verify-portal.click/auth/login,1
https://bit.ly/bank-kyc-urgent-40,1
https://microsoft.com/help/center,0
https://bit.ly/bank-kyc-urgent-99,1
http://secure-login.sbi.verify-portal.click/auth/login,1
http://www.sbi-online-verification-update.com/login,1
http://143.160.211.142/banking/online/verify.php,1
http://secure-login.netflix.verify-portal.icu/auth/login,1
https://www.sbi-online-portal.com/verify/index.php,1
https://flipkart.com/security/settings,0
https://flipkart.com/products/item/1209,0
http://secure-login.hdfc.verify-portal.club/auth/login,1
https://bit.ly/bank-kyc-urgent-90,1
https://paytm.com/security/settings,0
https://nytimes.com/about-us,0
https://www.axis-kyc-update.com/verify/index.php,1
http://verify-kyc-portal-service.club/index.html?token=394083,1
https://sbi.co.in/products/item/1209,0
https://microsoft.com/account/dashboard,0
https://flipkart.com/verify/email,0
https://www.hdfc-bank-security.com/verify/index.php,1
http://secure-login.paytm.verify-portal.icu/auth/login,1
https://sbi.co.in/security/settings,0
https://bit.ly/bank-kyc-urgent-79,1
https://stripe.com/support/tickets,0
https://apple.com/support/tickets,0
http://166.134.112.190/banking/online/verify.php,1
http://claim-bonus-portal-service.icu/index.html?token=843575,1
https://netflix.com/help/center,0
http://secure-login.netflix.verify-portal.xyz/auth/login,1
https://netflix.com/verify/email,0
https://zerodha.com/help/center,0
https://stripe.com/verify/email,0
https://axisbank.com/verify/email,0
http://13.28.175.5/banking/online/verify.php,1
https://github.com/support/tickets,0
http://secure-login-portal-service.top/index.html?token=657101,1
http://www.axis-support-verification-update.com/login,1
http://verify-kyc-portal-service.cf/index.html?token=235367,1
http://58.223.107.75/banking/online/verify.php,1
http://update-pan-portal-service.buzz/index.html?token=885100,1
https://www.sbi-online-portal.com/verify/index.php,1
https://stripe.com/verify/email,0
https://github.com/profile/settings,0
http://account-blocked-portal-service.club/index.html?token=545405,1
http://linkedin.com/login,0
https://axisbank.com/products/item/1209,0
https://google.com/contact,0
https://icicibank.com/verify/email,0
https://netflix.com/profile/settings,0
http://secure-login.sbi.verify-portal.monster/auth/login,1
http://update-pan-portal-service.work/index.html?token=568394,1
http://claim-bonus-portal-service.club/index.html?token=779658,1
http://account-blocked-portal-service.club/index.html?token=103775,1
http://38.54.64.249/banking/online/verify.php,1
https://www.hdfc-bank-security.com/verify/index.php,1
https://github.com/security/settings,0
http://www.sbi-online-verification-update.com/login,1
http://www.hdfc-bank-verification-update.com/login,1
http://www.icici-kyc-verification-update.com/login,1
http://wallet-refund-portal-service.click/index.html?token=836405,1
http://phonepe.com/verify/email,0
https://www.sbi-online-portal.com/verify/index.php,1
https://bit.ly/bank-kyc-urgent-64,1
http://wallet-refund-portal-service.xyz/index.html?token=757776,1
http://update-pan-portal-service.top/index.html?token=441027,1
http://update-pan-portal-service.buzz/index.html?token=582752,1
https://axisbank.com/account/dashboard,0
http://www.hdfc-bank-verification-update.com/login,1
https://icicibank.com/products/item/1209,0
https://stripe.com/about-us,0
https://amazon.in/about-us,0
https://github.com/help/center,0
https://paypal.com/security/settings,0
https://apple.com/contact,0
https://stackoverflow.com/contact,0
https://wikipedia.org/about-us,0
https://microsoft.com/support/tickets,0
https://bit.ly/bank-kyc-urgent-98,1
https://stackoverflow.com/security/settings,0
https://stackoverflow.com/profile/settings,0
https://sbi.co.in/contact,0
https://paytm.com/security/settings,0
http://wallet-refund-portal-service.buzz/index.html?token=311824,1
https://google.com/account/dashboard,0
https://stripe.com/security/settings,0
http://192.187.241.171/banking/online/verify.php,1
https://flipkart.com/products/item/1209,0
http://www.hdfc-bank-verification-update.com/login,1
https://amazon.in/security/settings,0
http://secure-login.netflix.verify-portal.buzz/auth/login,1
http://204.116.53.179/banking/online/verify.php,1
http://secure-login.paypal.verify-portal.top/auth/login,1
https://nytimes.com/help/center,0
https://bit.ly/bank-kyc-urgent-50,1
https://netflix.com/contact,0
https://www.hdfc-bank-security.com/verify/index.php,1
https://stackoverflow.com/login,0
https://icicibank.com/verify/email,0
https://linkedin.com/terms-and-conditions,0
https://www.axis-kyc-update.com/verify/index.php,1
http://claim-bonus-portal-service.monster/index.html?token=187289,1
http://12.240.242.107/banking/online/verify.php,1
https://bit.ly/bank-kyc-urgent-71,1
https://www.sbi-online-portal.com/verify/index.php,1
https://paypal.com/security/settings,0
https://wikipedia.org/support/tickets,0
https://wikipedia.org/about-us,0
https://flipkart.com/profile/settings,0
https://icicibank.com/login,0
https://hdfcbank.com/about-us,0
https://linkedin.com/verify/email,0
http://131.111.105.77/banking/online/verify.php,1
http://unblock-bank-portal-service.cf/index.html?token=323787,1
https://bit.ly/bank-kyc-urgent-73,1
http://79.31.155.145/banking/online/verify.php,1
http://secure-login.icici.verify-portal.cf/auth/login,1
https://paypal.com/security/settings,0
http://secure-login.paypal.verify-portal.online/auth/login,1
https://stripe.com/support/tickets,0
https://linkedin.com/help/center,0
https://icicibank.com/help/center,0
https://flipkart.com/contact,0
https://netflix.com/products/item/1209,0
https://hdfcbank.com/security/settings,0
https://paytm.com/terms-and-conditions,0
https://stripe.com/about-us,0
http://www.sbi-online-verification-update.com/login,1
https://zerodha.com/verify/email,0
https://stripe.com/security/settings,0
http://verify-kyc-portal-service.monster/index.html?token=637555,1
https://www.sbi-online-portal.com/verify/index.php,1
http://wallet-refund-portal-service.club/index.html?token=748680,1
https://microsoft.com/help/center,0
https://flipkart.com/help/center,0
https://amazon.in/about-us,0
http://136.124.236.100/banking/online/verify.php,1
http://74.105.242.62/banking/online/verify.php,1
https://stackoverflow.com/contact,0
http://unblock-bank-portal-service.xyz/index.html?token=387348,1
https://phonepe.com/login,0
http://secure-login.netflix.verify-portal.click/auth/login,1
http://secure-login.sbi.verify-portal.monster/auth/login,1
https://amazon.in/support/tickets,0
http://wallet-refund-portal-service.top/index.html?token=253672,1
https://flipkart.com/about-us,0
https://microsoft.com/account/dashboard,0
https://flipkart.com/support/tickets,0
http://108.184.190.100/banking/online/verify.php,1
http://secure-login.netflix.verify-portal.monster/auth/login,1
https://google.com/login,0
https://flipkart.com/contact,0
https://www.sbi-online-portal.com/verify/index.php,1
https://bit.ly/bank-kyc-urgent-45,1
https://bit.ly/bank-kyc-urgent-50,1
https://bit.ly/bank-kyc-urgent-88,1
http://140.172.127.195/banking/online/verify.php,1
https://www.hdfc-bank-security.com/verify/index.php,1
http://secure-login.icici.verify-portal.buzz/auth/login,1
http://secure-login.hdfc.verify-portal.online/auth/login,1
http://191.129.121.30/banking/online/verify.php,1
http://secure-login.paytm.verify-portal.top/auth/login,1
https://icicibank.com/contact,0
https://nytimes.com/help/center,0
http://www.icici-kyc-verification-update.com/login,1
https://paypal.com/contact,0
https://www.icici-customer-care.com/verify/index.php,1
https://hdfcbank.com/login,0
https://flipkart.com/security/settings,0
https://bit.ly/bank-kyc-urgent-30,1
https://github.com/support/tickets,0
http://secure-login.sbi.verify-portal.online/auth/login,1
http://www.hdfc-bank-verification-update.com/login,1
http://secure-login.paytm.verify-portal.icu/auth/login,1
http://nytimes.com/security/settings,0
https://bit.ly/bank-kyc-urgent-51,1
https://paypal.com/help/center,0
https://bit.ly/bank-kyc-urgent-18,1
https://netflix.com/profile/settings,0
https://google.com/account/dashboard,0
http://131.242.100.156/banking/online/verify.php,1
https://zerodha.com/help/center,0
https://microsoft.com/help/center,0
http://amazon.in/verify/email,0
http://unblock-bank-portal-service.online/index.html?token=686120,1
https://wikipedia.org/security/settings,0
https://paypal.com/verify/email,0
https://bit.ly/bank-kyc-urgent-50,1
https://stripe.com/terms-and-conditions,0
http://apple.com/verify/email,0
http://www.hdfc-bank-verification-update.com/login,1
https://nytimes.com/products/item/1209,0
http://update-pan-portal-service.buzz/index.html?token=842563,1
http://claim-bonus-portal-service.click/index.html?token=847528,1
https://linkedin.com/about-us,0
https://hdfcbank.com/profile/settings,0
http://secure-login.icici.verify-portal.buzz/auth/login,1
http://131.171.199.170/banking/online/verify.php,1
http://112.19.12.65/banking/online/verify.php,1
http://secure-login.paypal.verify-portal.monster/auth/login,1
https://google.com/login,0
https://apple.com/products/item/1209,0
https://www.icici-customer-care.com/verify/index.php,1
https://bit.ly/bank-kyc-urgent-57,1
http://secure-login.netflix.verify-portal.buzz/auth/login,1
https://github.com/contact,0
https://amazon.in/products/item/1209,0
https://bit.ly/bank-kyc-urgent-55,1
https://www.sbi-online-portal.com/verify/index.php,1
https://bit.ly/bank-kyc-urgent-85,1
https://icicibank.com/support/tickets,0
https://netflix.com/help/center,0
https://www.sbi-online-portal.com/verify/index.php,1
https://flipkart.com/about-us,0
https://wikipedia.org/help/center,0
https://axisbank.com/terms-and-conditions,0
https://bit.ly/bank-kyc-urgent-68,1
https://paytm.com/account/dashboard,0
http://secure-login.paytm.verify-portal.cf/auth/login,1
https://www.axis-kyc-update.com/verify/index.php,1
http://verify-kyc-portal-service.top/index.html?token=801442,1
https://bit.ly/bank-kyc-urgent-39,1
http://secure-login.sbi.verify-portal.cf/auth/login,1
https://stripe.com/verify/email,0
https://axisbank.com/profile/settings,0
https://stackoverflow.com/about-us,0
https://bit.ly/bank-kyc-urgent-43,1
http://secure-login.paypal.verify-portal.xyz/auth/login,1
https://www.hdfc-bank-security.com/verify/index.php,1
http://secure-login.netflix.verify-portal.click/auth/login,1
http://secure-login.hdfc.verify-portal.cf/auth/login,1
https://amazon.in/verify/email,0
http://secure-login.netflix.verify-portal.club/auth/login,1
https://flipkart.com/account/dashboard,0
http://secure-login-portal-service.cf/index.html?token=716551,1
http://secure-login.hdfc.verify-portal.xyz/auth/login,1
https://stripe.com/support/tickets,0
http://secure-login.paytm.verify-portal.icu/auth/login,1
https://icicibank.com/about-us,0
https://www.axis-kyc-update.com/verify/index.php,1
https://bit.ly/bank-kyc-urgent-31,1
https://paytm.com/support/tickets,0
https://bit.ly/bank-kyc-urgent-41,1
https://www.icici-customer-care.com/verify/index.php,1
https://apple.com/login,0
http://wikipedia.org/contact,0
https://paytm.com/support/tickets,0
http://secure-login.sbi.verify-portal.club/auth/login,1
http://secure-login.netflix.verify-portal.monster/auth/login,1
http://www.icici-kyc-verification-update.com/login,1
https://bit.ly/bank-kyc-urgent-29,1
http://176.103.95.210/banking/online/verify.php,1
https://zerodha.com/products/item/1209,0
http://secure-login.paypal.verify-portal.xyz/auth/login,1
https://microsoft.com/account/dashboard,0
http://flipkart.com/terms-and-conditions,0
https://github.com/terms-and-conditions,0
https://linkedin.com/security/settings,0
http://158.137.64.170/banking/online/verify.php,1
http://www.icici-kyc-verification-update.com/login,1
http://secure-login.netflix.verify-portal.online/auth/login,1
https://icicibank.com/account/dashboard,0
http://account-blocked-portal-service.buzz/index.html?token=842658,1
http://www.axis-support-verification-update.com/login,1
https://sbi.co.in/contact,0
http://www.icici-kyc-verification-update.com/login,1
http://86.179.137.126/banking/online/verify.php,1
http://www.axis-support-verification-update.com/login,1
http://secure-login.paytm.verify-portal.online/auth/login,1
http://www.sbi-online-verification-update.com/login,1
https://google.com/profile/settings,0
https://bit.ly/bank-kyc-urgent-28,1
https://apple.com/security/settings,0
https://www.hdfc-bank-security.com/verify/index.php,1
http://secure-login.sbi.verify-portal.buzz/auth/login,1
https://wikipedia.org/terms-and-conditions,0
https://nytimes.com/products/item/1209,0
http://86.51.27.72/banking/online/verify.php,1
http://account-blocked-portal-service.xyz/index.html?token=760035,1
https://axisbank.com/verify/email,0
https://www.axis-kyc-update.com/verify/index.php,1
https://google.com/products/item/1209,0
https://bit.ly/bank-kyc-urgent-43,1
http://secure-login.paypal.verify-portal.top/auth/login,1
https://www.icici-customer-care.com/verify/index.php,1
https://bit.ly/bank-kyc-urgent-60,1
http://secure-login.paytm.verify-portal.icu/auth/login,1
https://nytimes.com/security/settings,0
https://netflix.com/about-us,0
http://35.214.223.213/banking/online/verify.php,1
http://29.171.197.69/banking/online/verify.php,1
https://paypal.com/login,0
https://flipkart.com/support/tickets,0
https://netflix.com/account/dashboard,0
https://stackoverflow.com/support/tickets,0
https://apple.com/about-us,0
http://linkedin.com/verify/email,0
http://nytimes.com/contact,0
https://github.com/about-us,0
http://www.hdfc-bank-verification-update.com/login,1
http://secure-login.netflix.verify-portal.club/auth/login,1
http://free-reward-portal-service.icu/index.html?token=428215,1
http://wallet-refund-portal-service.top/index.html?token=491330,1
http://64.87.131.223/banking/online/verify.php,1
http://167.187.19.153/banking/online/verify.php,1
http://www.axis-support-verification-update.com/login,1
https://phonepe.com/products/item/1209,0
https://bit.ly/bank-kyc-urgent-12,1
https://nytimes.com/profile/settings,0
http://124.171.11.17/banking/online/verify.php,1
http://wallet-refund-portal-service.xyz/index.html?token=209493,1
http://83.54.66.227/banking/online/verify.php,1
https://amazon.in/products/item/1209,0
https://www.sbi-online-portal.com/verify/index.php,1
http://20.59.16.185/banking/online/verify.php,1
https://linkedin.com/account/dashboard,0
http://123.125.228.143/banking/online/verify.php,1
http://174.166.241.44/banking/online/verify.php,1
https://netflix.com/login,0
https://www.axis-kyc-update.com/verify/index.php,1
http://secure-login.hdfc.verify-portal.click/auth/login,1
https://bit.ly/bank-kyc-urgent-20,1
https://paypal.com/login,0
https://paytm.com/account/dashboard,0
https://paypal.com/login,0
https://stripe.com/contact,0
https://axisbank.com/terms-and-conditions,0
http://184.151.39.79/banking/online/verify.php,1
http://netflix.com/login,0
https://bit.ly/bank-kyc-urgent-36,1
https://icicibank.com/terms-and-conditions,0
http://secure-login.icici.verify-portal.click/auth/login,1
https://nytimes.com/support/tickets,0
http://www.axis-support-verification-update.com/login,1
https://axisbank.com/terms-and-conditions,0
http://www.axis-support-verification-update.com/login,1
https://www.hdfc-bank-security.com/verify/index.php,1
https://linkedin.com/security/settings,0
https://axisbank.com/help/center,0
http://203.131.138.230/banking/online/verify.php,1
https://paytm.com/products/item/1209,0
https://paypal.com/help/center,0
http://136.91.164.155/banking/online/verify.php,1
https://axisbank.com/support/tickets,0
https://zerodha.com/about-us,0
https://nytimes.com/verify/email,0
https://axisbank.com/support/tickets,0
https://flipkart.com/products/item/1209,0
http://secure-login.paypal.verify-portal.work/auth/login,1
https://paytm.com/about-us,0
https://stripe.com/account/dashboard,0
https://linkedin.com/verify/email,0
http://verify-kyc-portal-service.click/index.html?token=411870,1
https://stackoverflow.com/security/settings,0
https://wikipedia.org/terms-and-conditions,0
https://sbi.co.in/account/dashboard,0
https://www.hdfc-bank-security.com/verify/index.php,1
http://www.icici-kyc-verification-update.com/login,1
https://flipkart.com/products/item/1209,0
http://158.45.123.179/banking/online/verify.php,1
https://stripe.com/products/item/1209,0
https://stripe.com/help/center,0
https://www.hdfc-bank-security.com/verify/index.php,1
http://157.65.161.179/banking/online/verify.php,1
https://paytm.com/login,0
https://netflix.com/security/settings,0
http://free-reward-portal-service.buzz/index.html?token=941289,1
https://stackoverflow.com/about-us,0
https://linkedin.com/login,0
http://secure-login.netflix.verify-portal.work/auth/login,1
https://www.sbi-online-portal.com/verify/index.php,1
https://zerodha.com/security/settings,0
https://phonepe.com/account/dashboard,0
https://nytimes.com/profile/settings,0
https://bit.ly/bank-kyc-urgent-55,1
https://bit.ly/bank-kyc-urgent-86,1
https://nytimes.com/about-us,0
https://netflix.com/login,0
http://secure-login.paytm.verify-portal.top/auth/login,1
https://bit.ly/bank-kyc-urgent-13,1
http://account-blocked-portal-service.club/index.html?token=547011,1
http://update-pan-portal-service.icu/index.html?token=616780,1
https://stripe.com/verify/email,0
https://nytimes.com/login,0
https://bit.ly/bank-kyc-urgent-77,1
http://www.icici-kyc-verification-update.com/login,1
https://netflix.com/products/item/1209,0
https://paypal.com/support/tickets,0
https://bit.ly/bank-kyc-urgent-36,1
https://linkedin.com/security/settings,0
https://wikipedia.org/terms-and-conditions,0
http://secure-login.paytm.verify-portal.icu/auth/login,1
https://www.hdfc-bank-security.com/verify/index.php,1
http://secure-login-portal-service.top/index.html?token=761032,1
http://119.195.137.72/banking/online/verify.php,1
https://sbi.co.in/login,0
https://bit.ly/bank-kyc-urgent-41,1
http://www.axis-support-verification-update.com/login,1
https://linkedin.com/profile/settings,0
http://flipkart.com/security/settings,0
https://icicibank.com/terms-and-conditions,0
http://www.hdfc-bank-verification-update.com/login,1
https://sbi.co.in/products/item/1209,0
http://secure-login.sbi.verify-portal.work/auth/login,1
https://google.com/support/tickets,0
http://secure-login.paypal.verify-portal.work/auth/login,1
https://zerodha.com/verify/email,0
https://wikipedia.org/about-us,0
http://173.109.196.45/banking/online/verify.php,1
https://linkedin.com/profile/settings,0
http://104.99.217.190/banking/online/verify.php,1
https://bit.ly/bank-kyc-urgent-50,1
http://secure-login.paypal.verify-portal.icu/auth/login,1
https://amazon.in/account/dashboard,0
https://bit.ly/bank-kyc-urgent-79,1
https://paytm.com/about-us,0
https://www.icici-customer-care.com/verify/index.php,1
https://paypal.com/verify/email,0
https://axisbank.com/terms-and-conditions,0
https://www.sbi-online-portal.com/verify/index.php,1
http://paypal.com/profile/settings,0
http://secure-login.netflix.verify-portal.online/auth/login,1
https://microsoft.com/help/center,0
http://wallet-refund-portal-service.icu/index.html?token=950874,1
http://secure-login.paytm.verify-portal.online/auth/login,1
http://account-blocked-portal-service.online/index.html?token=981521,1
http://flipkart.com/contact,0
http://secure-login.paypal.verify-portal.xyz/auth/login,1
https://www.hdfc-bank-security.com/verify/index.php,1
https://sbi.co.in/about-us,0
http://www.hdfc-bank-verification-update.com/login,1
https://microsoft.com/help/center,0
http://verify-kyc-portal-service.buzz/index.html?token=629152,1
http://152.162.51.139/banking/online/verify.php,1
https://www.sbi-online-portal.com/verify/index.php,1
https://nytimes.com/products/item/1209,0
http://64.65.215.192/banking/online/verify.php,1
https://paypal.com/verify/email,0
https://zerodha.com/about-us,0
https://bit.ly/bank-kyc-urgent-70,1
http://www.sbi-online-verification-update.com/login,1
https://github.com/verify/email,0
https://flipkart.com/profile/settings,0
https://amazon.in/help/center,0
https://flipkart.com/security/settings,0
https://google.com/profile/settings,0
http://free-reward-portal-service.xyz/index.html?token=411762,1
https://stripe.com/account/dashboard,0
https://phonepe.com/products/item/1209,0
https://linkedin.com/products/item/1209,0
https://github.com/security/settings,0
https://www.sbi-online-portal.com/verify/index.php,1
https://flipkart.com/about-us,0
https://stackoverflow.com/profile/settings,0
http://wallet-refund-portal-service.work/index.html?token=561457,1
https://google.com/support/tickets,0
https://www.hdfc-bank-security.com/verify/index.php,1
https://bit.ly/bank-kyc-urgent-61,1
http://secure-login.paytm.verify-portal.monster/auth/login,1
https://amazon.in/profile/settings,0
https://phonepe.com/account/dashboard,0
http://62.85.155.213/banking/online/verify.php,1
http://www.sbi-online-verification-update.com/login,1
http://microsoft.com/products/item/1209,0
http://microsoft.com/about-us,0
http://secure-login.sbi.verify-portal.monster/auth/login,1
https://sbi.co.in/help/center,0
http://paytm.com/profile/settings,0
http://98.223.23.211/banking/online/verify.php,1
http://secure-login-portal-service.online/index.html?token=661620,1
https://icicibank.com/security/settings,0
http://secure-login.icici.verify-portal.cf/auth/login,1
http://195.236.134.169/banking/online/verify.php,1
https://bit.ly/bank-kyc-urgent-21,1
https://paypal.com/verify/email,0
https://wikipedia.org/account/dashboard,0
https://www.icici-customer-care.com/verify/index.php,1
https://bit.ly/bank-kyc-urgent-68,1
https://hdfcbank.com/contact,0
https://www.axis-kyc-update.com/verify/index.php,1
https://amazon.in/account/dashboard,0
http://34.218.167.161/banking/online/verify.php,1
http://www.axis-support-verification-update.com/login,1
https://zerodha.com/login,0
https://stripe.com/login,0
https://google.com/help/center,0
https://bit.ly/bank-kyc-urgent-57,1
https://paytm.com/products/item/1209,0
http://www.hdfc-bank-verification-update.com/login,1
http://secure-login.sbi.verify-portal.club/auth/login,1
https://bit.ly/bank-kyc-urgent-70,1
http://flipkart.com/terms-and-conditions,0
https://zerodha.com/security/settings,0
http://update-pan-portal-service.online/index.html?token=542514,1
http://secure-login.paypal.verify-portal.online/auth/login,1
http://verify-kyc-portal-service.cf/index.html?token=215674,1
https://microsoft.com/terms-and-conditions,0
https://www.sbi-online-portal.com/verify/index.php,1
https://paypal.com/login,0
https://stackoverflow.com/products/item/1209,0
https://flipkart.com/login,0
http://www.sbi-online-verification-update.com/login,1
http://secure-login.sbi.verify-portal.monster/auth/login,1
http://63.46.173.70/banking/online/verify.php,1
https://microsoft.com/about-us,0
http://wikipedia.org/security/settings,0
https://stackoverflow.com/verify/email,0
https://phonepe.com/verify/email,0
https://stripe.com/products/item/1209,0
https://icicibank.com/security/settings,0
http://secure-login.icici.verify-portal.cf/auth/login,1
https://bit.ly/bank-kyc-urgent-67,1
https://www.sbi-online-portal.com/verify/index.php,1
http://secure-login-portal-service.online/index.html?token=582716,1
http://134.15.205.98/banking/online/verify.php,1
https://stripe.com/products/item/1209,0
https://sbi.co.in/support/tickets,0
https://hdfcbank.com/help/center,0
http://secure-login.paypal.verify-portal.icu/auth/login,1
https://paytm.com/verify/email,0
https://linkedin.com/contact,0
https://google.com/verify/email,0
https://www.axis-kyc-update.com/verify/index.php,1
https://flipkart.com/security/settings,0
https://bit.ly/bank-kyc-urgent-28,1
https://axisbank.com/profile/settings,0
https://google.com/profile/settings,0
http://secure-login.sbi.verify-portal.top/auth/login,1
https://icicibank.com/contact,0
https://wikipedia.org/profile/settings,0
http://secure-login-portal-service.online/index.html?token=136500,1
https://www.sbi-online-portal.com/verify/index.php,1
http://paytm.com/account/dashboard,0
https://axisbank.com/about-us,0
https://stackoverflow.com/security/settings,0
http://95.89.26.161/banking/online/verify.php,1
https://github.com/help/center,0
http://flipkart.com/security/settings,0
https://bit.ly/bank-kyc-urgent-33,1
http://secure-login.paypal.verify-portal.monster/auth/login,1
https://paypal.com/account/dashboard,0
https://stripe.com/products/item/1209,0
https://paypal.com/support/tickets,0
https://paypal.com/support/tickets,0
https://apple.com/products/item/1209,0
https://bit.ly/bank-kyc-urgent-39,1
https://sbi.co.in/account/dashboard,0
http://193.147.83.47/banking/online/verify.php,1
https://www.sbi-online-portal.com/verify/index.php,1
https://google.com/verify/email,0
https://bit.ly/bank-kyc-urgent-75,1
https://paytm.com/verify/email,0
http://www.hdfc-bank-verification-update.com/login,1
http://www.axis-support-verification-update.com/login,1
http://unblock-bank-portal-service.club/index.html?token=645752,1
http://free-reward-portal-service.buzz/index.html?token=818739,1
http://verify-kyc-portal-service.monster/index.html?token=672255,1
https://phonepe.com/products/item/1209,0
https://stripe.com/contact,0
http://www.axis-support-verification-update.com/login,1
https://bit.ly/bank-kyc-urgent-20,1
https://github.com/profile/settings,0
https://www.axis-kyc-update.com/verify/index.php,1
http://116.41.243.125/banking/online/verify.php,1
https://microsoft.com/security/settings,0
https://paypal.com/profile/settings,0
http://account-blocked-portal-service.click/index.html?token=452508,1
https://phonepe.com/profile/settings,0
https://www.sbi-online-portal.com/verify/index.php,1
http://www.axis-support-verification-update.com/login,1
https://hdfcbank.com/about-us,0
https://hdfcbank.com/account/dashboard,0
http://secure-login.hdfc.verify-portal.club/auth/login,1
https://apple.com/products/item/1209,0
https://phonepe.com/account/dashboard,0
https://www.axis-kyc-update.com/verify/index.php,1
http://secure-login.hdfc.verify-portal.buzz/auth/login,1
https://bit.ly/bank-kyc-urgent-78,1
https://netflix.com/contact,0
https://www.hdfc-bank-security.com/verify/index.php,1
http://147.39.10.167/banking/online/verify.php,1
http://72.207.231.103/banking/online/verify.php,1
http://www.sbi-online-verification-update.com/login,1
https://github.com/login,0
http://www.sbi-online-verification-update.com/login,1
https://www.sbi-online-portal.com/verify/index.php,1
https://www.hdfc-bank-security.com/verify/index.php,1
https://wikipedia.org/profile/settings,0
http://www.hdfc-bank-verification-update.com/login,1
https://apple.com/verify/email,0
http://www.hdfc-bank-verification-update.com/login,1
https://phonepe.com/security/settings,0
http://secure-login.netflix.verify-portal.click/auth/login,1
https://google.com/products/item/1209,0
https://hdfcbank.com/login,0
https://www.axis-kyc-update.com/verify/index.php,1
http://59.213.239.144/banking/online/verify.php,1
https://www.hdfc-bank-security.com/verify/index.php,1
https://www.sbi-online-portal.com/verify/index.php,1
http://167.126.55.100/banking/online/verify.php,1
http://update-pan-portal-service.cf/index.html?token=806242,1
https://netflix.com/account/dashboard,0
https://www.axis-kyc-update.com/verify/index.php,1
http://update-pan-portal-service.work/index.html?token=790130,1
http://secure-login-portal-service.top/index.html?token=490923,1
https://www.hdfc-bank-security.com/verify/index.php,1
https://github.com/about-us,0
http://34.123.139.7/banking/online/verify.php,1
https://flipkart.com/contact,0
https://flipkart.com/terms-and-conditions,0
http://google.com/about-us,0
https://paytm.com/verify/email,0
https://paytm.com/contact,0
http://secure-login.icici.verify-portal.club/auth/login,1
http://secure-login.icici.verify-portal.xyz/auth/login,1
http://206.56.130.191/banking/online/verify.php,1
https://bit.ly/bank-kyc-urgent-95,1
https://bit.ly/bank-kyc-urgent-44,1
https://bit.ly/bank-kyc-urgent-15,1
https://stackoverflow.com/profile/settings,0
https://bit.ly/bank-kyc-urgent-44,1
https://apple.com/contact,0
https://stripe.com/profile/settings,0
https://stackoverflow.com/support/tickets,0
https://paytm.com/contact,0
https://bit.ly/bank-kyc-urgent-56,1
https://amazon.in/login,0
http://www.hdfc-bank-verification-update.com/login,1
https://sbi.co.in/profile/settings,0
https://bit.ly/bank-kyc-urgent-93,1
https://google.com/login,0
https://nytimes.com/verify/email,0
http://apple.com/contact,0
https://flipkart.com/security/settings,0
http://secure-login.netflix.verify-portal.click/auth/login,1
http://169.125.242.64/banking/online/verify.php,1
https://github.com/security/settings,0
https://bit.ly/bank-kyc-urgent-78,1
https://www.sbi-online-portal.com/verify/index.php,1
https://sbi.co.in/security/settings,0
http://64.166.165.20/banking/online/verify.php,1
https://sbi.co.in/support/tickets,0
https://www.hdfc-bank-security.com/verify/index.php,1
https://stripe.com/verify/email,0
http://secure-login.netflix.verify-portal.cf/auth/login,1
http://claim-bonus-portal-service.buzz/index.html?token=520075,1
https://axisbank.com/contact,0
https://axisbank.com/terms-and-conditions,0
https://www.sbi-online-portal.com/verify/index.php,1
https://bit.ly/bank-kyc-urgent-44,1
https://nytimes.com/products/item/1209,0
http://61.15.55.216/banking/online/verify.php,1
https://apple.com/profile/settings,0
https://bit.ly/bank-kyc-urgent-93,1
https://paypal.com/verify/email,0
https://flipkart.com/account/dashboard,0
https://wikipedia.org/contact,0
http://www.axis-support-verification-update.com/login,1
https://stackoverflow.com/products/item/1209,0
https://bit.ly/bank-kyc-urgent-19,1
https://nytimes.com/account/dashboard,0
https://bit.ly/bank-kyc-urgent-81,1
https://www.axis-kyc-update.com/verify/index.php,1
http://verify-kyc-portal-service.work/index.html?token=140712,1
https://stackoverflow.com/login,0
http://wikipedia.org/verify/email,0
http://secure-login.sbi.verify-portal.icu/auth/login,1
https://bit.ly/bank-kyc-urgent-71,1
http://www.hdfc-bank-verification-update.com/login,1
https://axisbank.com/profile/settings,0
http://verify-kyc-portal-service.cf/index.html?token=142027,1
http://47.139.42.125/banking/online/verify.php,1
https://wikipedia.org/verify/email,0
http://update-pan-portal-service.icu/index.html?token=104539,1
https://www.axis-kyc-update.com/verify/index.php,1
https://icicibank.com/login,0
http://unblock-bank-portal-service.buzz/index.html?token=769986,1
https://phonepe.com/support/tickets,0
https://www.hdfc-bank-security.com/verify/index.php,1
http://www.icici-kyc-verification-update.com/login,1
http://www.hdfc-bank-verification-update.com/login,1
https://nytimes.com/login,0
https://amazon.in/account/dashboard,0
http://www.icici-kyc-verification-update.com/login,1
https://www.hdfc-bank-security.com/verify/index.php,1
https://stackoverflow.com/support/tickets,0
https://apple.com/about-us,0
http://116.238.92.67/banking/online/verify.php,1
http://secure-login.paytm.verify-portal.club/auth/login,1
https://linkedin.com/support/tickets,0
https://icicibank.com/help/center,0
https://bit.ly/bank-kyc-urgent-35,1
https://stackoverflow.com/profile/settings,0
https://sbi.co.in/support/tickets,0
https://microsoft.com/about-us,0
https://amazon.in/terms-and-conditions,0
http://14.112.177.81/banking/online/verify.php,1
http://36.212.226.162/banking/online/verify.php,1
https://flipkart.com/account/dashboard,0
https://icicibank.com/account/dashboard,0
https://icicibank.com/support/tickets,0
https://microsoft.com/profile/settings,0
https://linkedin.com/login,0
https://bit.ly/bank-kyc-urgent-93,1
https://bit.ly/bank-kyc-urgent-75,1
https://bit.ly/bank-kyc-urgent-59,1
https://bit.ly/bank-kyc-urgent-32,1
http://140.227.191.122/banking/online/verify.php,1
https://icicibank.com/profile/settings,0
https://bit.ly/bank-kyc-urgent-38,1
https://flipkart.com/verify/email,0
https://github.com/verify/email,0
https://flipkart.com/about-us,0
https://sbi.co.in/terms-and-conditions,0
http://39.105.210.10/banking/online/verify.php,1
https://netflix.com/products/item/1209,0
https://www.icici-customer-care.com/verify/index.php,1
http://secure-login.paytm.verify-portal.icu/auth/login,1
https://nytimes.com/verify/email,0
https://stripe.com/login,0
http://107.62.174.10/banking/online/verify.php,1
http://stripe.com/contact,0
http://secure-login.netflix.verify-portal.online/auth/login,1
http://secure-login.paypal.verify-portal.work/auth/login,1
http://secure-login.sbi.verify-portal.top/auth/login,1
http://www.sbi-online-verification-update.com/login,1
http://account-blocked-portal-service.work/index.html?token=289131,1
http://flipkart.com/profile/settings,0
https://paytm.com/security/settings,0
http://www.hdfc-bank-verification-update.com/login,1
https://bit.ly/bank-kyc-urgent-73,1
http://free-reward-portal-service.club/index.html?token=187651,1
http://www.icici-kyc-verification-update.com/login,1
https://nytimes.com/terms-and-conditions,0
http://account-blocked-portal-service.top/index.html?token=700665,1
http://verify-kyc-portal-service.cf/index.html?token=204917,1
http://secure-login.icici.verify-portal.buzz/auth/login,1
https://bit.ly/bank-kyc-urgent-54,1
https://linkedin.com/help/center,0
https://github.com/about-us,0
http://verify-kyc-portal-service.online/index.html?token=289893,1
http://secure-login.sbi.verify-portal.club/auth/login,1
https://www.icici-customer-care.com/verify/index.php,1
http://secure-login.paytm.verify-portal.buzz/auth/login,1
http://secure-login.paytm.verify-portal.online/auth/login,1
https://phonepe.com/about-us,0
http://43.33.54.152/banking/online/verify.php,1
http://171.163.13.203/banking/online/verify.php,1
http://verify-kyc-portal-service.monster/index.html?token=188923,1
https://axisbank.com/products/item/1209,0
http://secure-login.paypal.verify-portal.cf/auth/login,1
https://wikipedia.org/profile/settings,0
https://amazon.in/contact,0
https://www.icici-customer-care.com/verify/index.php,1
http://paytm.com/profile/settings,0
https://hdfcbank.com/login,0
https://sbi.co.in/support/tickets,0
https://stackoverflow.com/products/item/1209,0
https://sbi.co.in/about-us,0
http://unblock-bank-portal-service.online/index.html?token=864654,1
https://icicibank.com/profile/settings,0
https://sbi.co.in/support/tickets,0
https://zerodha.com/security/settings,0
https://stripe.com/account/dashboard,0
https://bit.ly/bank-kyc-urgent-69,1
http://phonepe.com/contact,0
https://wikipedia.org/terms-and-conditions,0
http://update-pan-portal-service.monster/index.html?token=570211,1
http://www.icici-kyc-verification-update.com/login,1
https://bit.ly/bank-kyc-urgent-40,1
https://www.icici-customer-care.com/verify/index.php,1
https://linkedin.com/help/center,0
https://axisbank.com/profile/settings,0
http://paytm.com/profile/settings,0
https://phonepe.com/profile/settings,0
https://microsoft.com/support/tickets,0
http://81.39.13.246/banking/online/verify.php,1
https://paytm.com/account/dashboard,0
https://google.com/help/center,0
https://phonepe.com/support/tickets,0
https://hdfcbank.com/support/tickets,0
https://bit.ly/bank-kyc-urgent-91,1
http://www.sbi-online-verification-update.com/login,1
https://stackoverflow.com/products/item/1209,0
http://secure-login.paypal.verify-portal.online/auth/login,1
https://nytimes.com/help/center,0
https://stripe.com/security/settings,0
https://apple.com/profile/settings,0
https://google.com/products/item/1209,0
https://wikipedia.org/account/dashboard,0
http://www.icici-kyc-verification-update.com/login,1
https://amazon.in/contact,0
http://secure-login.icici.verify-portal.click/auth/login,1
https://paytm.com/profile/settings,0
https://www.icici-customer-care.com/verify/index.php,1
http://www.axis-support-verification-update.com/login,1
http://secure-login.netflix.verify-portal.work/auth/login,1
https://stackoverflow.com/terms-and-conditions,0
http://107.36.210.237/banking/online/verify.php,1
https://axisbank.com/login,0
http://secure-login.netflix.verify-portal.work/auth/login,1
http://secure-login.icici.verify-portal.click/auth/login,1
https://paytm.com/verify/email,0
https://axisbank.com/terms-and-conditions,0
https://apple.com/account/dashboard,0
http://60.40.145.25/banking/online/verify.php,1
https://phonepe.com/products/item/1209,0
https://flipkart.com/login,0
http://unblock-bank-portal-service.monster/index.html?token=238661,1
http://sbi.co.in/terms-and-conditions,0
http://axisbank.com/support/tickets,0
http://stripe.com/verify/email,0
http://102.51.23.70/banking/online/verify.php,1
https://www.sbi-online-portal.com/verify/index.php,1
http://www.axis-support-verification-update.com/login,1
http://193.25.145.5/banking/online/verify.php,1
http://unblock-bank-portal-service.cf/index.html?token=598597,1
https://bit.ly/bank-kyc-urgent-59,1
https://paytm.com/terms-and-conditions,0
https://apple.com/security/settings,0
https://www.icici-customer-care.com/verify/index.php,1
https://axisbank.com/terms-and-conditions,0
https://hdfcbank.com/about-us,0
https://paypal.com/terms-and-conditions,0
http://186.108.185.227/banking/online/verify.php,1
https://axisbank.com/support/tickets,0
https://bit.ly/bank-kyc-urgent-46,1
http://update-pan-portal-service.buzz/index.html?token=701969,1
https://www.axis-kyc-update.com/verify/index.php,1
https://axisbank.com/verify/email,0
http://47.230.239.158/banking/online/verify.php,1
http://171.194.113.63/banking/online/verify.php,1
http://paytm.com/security/settings,0
http://unblock-bank-portal-service.monster/index.html?token=112782,1
https://stripe.com/help/center,0
http://secure-login.hdfc.verify-portal.buzz/auth/login,1
https://linkedin.com/login,0
https://amazon.in/profile/settings,0
https://sbi.co.in/contact,0
http://www.hdfc-bank-verification-update.com/login,1
https://zerodha.com/products/item/1209,0
https://bit.ly/bank-kyc-urgent-22,1
https://stripe.com/contact,0
http://149.99.150.82/banking/online/verify.php,1
http://secure-login.hdfc.verify-portal.cf/auth/login,1
http://account-blocked-portal-service.top/index.html?token=596580,1
https://stripe.com/help/center,0
https://paytm.com/contact,0
https://bit.ly/bank-kyc-urgent-91,1
http://www.sbi-online-verification-update.com/login,1
https://phonepe.com/support/tickets,0
http://32.78.105.184/banking/online/verify.php,1
https://hdfcbank.com/help/center,0
https://nytimes.com/security/settings,0
https://stackoverflow.com/contact,0
https://hdfcbank.com/contact,0
https://paytm.com/login,0
https://flipkart.com/products/item/1209,0
http://www.icici-kyc-verification-update.com/login,1
https://nytimes.com/account/dashboard,0
http://199.176.12.93/banking/online/verify.php,1
http://secure-login.paytm.verify-portal.cf/auth/login,1
http://account-blocked-portal-service.work/index.html?token=546399,1
https://netflix.com/help/center,0
https://icicibank.com/help/center,0
https://wikipedia.org/help/center,0
http://claim-bonus-portal-service.club/index.html?token=956727,1
https://icicibank.com/account/dashboard,0
http://free-reward-portal-service.monster/index.html?token=753756,1
https://paytm.com/terms-and-conditions,0
http://50.98.138.4/banking/online/verify.php,1
https://sbi.co.in/about-us,0
https://microsoft.com/support/tickets,0
https://zerodha.com/account/dashboard,0
https://wikipedia.org/support/tickets,0
https://bit.ly/bank-kyc-urgent-46,1
http://39.156.198.129/banking/online/verify.php,1
http://144.119.85.146/banking/online/verify.php,1
https://wikipedia.org/products/item/1209,0
https://wikipedia.org/products/item/1209,0
https://netflix.com/contact,0
https://phonepe.com/terms-and-conditions,0
https://stackoverflow.com/about-us,0
https://amazon.in/contact,0
https://axisbank.com/profile/settings,0
http://202.111.188.79/banking/online/verify.php,1
https://zerodha.com/contact,0
http://123.100.214.120/banking/online/verify.php,1
https://linkedin.com/profile/settings,0
https://icicibank.com/terms-and-conditions,0
https://www.hdfc-bank-security.com/verify/index.php,1
http://65.53.202.242/banking/online/verify.php,1
http://google.com/help/center,0
https://www.sbi-online-portal.com/verify/index.php,1
https://bit.ly/bank-kyc-urgent-58,1
https://sbi.co.in/login,0
https://sbi.co.in/help/center,0
https://bit.ly/bank-kyc-urgent-59,1
https://bit.ly/bank-kyc-urgent-27,1
https://linkedin.com/account/dashboard,0
https://microsoft.com/help/center,0
http://www.axis-support-verification-update.com/login,1
https://nytimes.com/about-us,0
https://github.com/account/dashboard,0
https://hdfcbank.com/contact,0
https://bit.ly/bank-kyc-urgent-49,1
http://free-reward-portal-service.click/index.html?token=709918,1
http://secure-login.netflix.verify-portal.monster/auth/login,1
http://www.axis-support-verification-update.com/login,1
http://33.104.53.243/banking/online/verify.php,1
https://www.hdfc-bank-security.com/verify/index.php,1
https://amazon.in/login,0
http://62.50.165.126/banking/online/verify.php,1
https://zerodha.com/support/tickets,0
https://phonepe.com/login,0
http://free-reward-portal-service.online/index.html?token=185741,1
https://www.icici-customer-care.com/verify/index.php,1
http://free-reward-portal-service.buzz/index.html?token=799318,1
http://52.244.122.162/banking/online/verify.php,1
http://wallet-refund-portal-service.online/index.html?token=524089,1
http://secure-login.icici.verify-portal.buzz/auth/login,1
http://www.icici-kyc-verification-update.com/login,1
http://secure-login.hdfc.verify-portal.buzz/auth/login,1
http://www.sbi-online-verification-update.com/login,1
http://claim-bonus-portal-service.top/index.html?token=103234,1
https://paypal.com/terms-and-conditions,0
http://www.sbi-online-verification-update.com/login,1
http://secure-login.sbi.verify-portal.online/auth/login,1
https://github.com/products/item/1209,0
https://www.hdfc-bank-security.com/verify/index.php,1
http://verify-kyc-portal-service.cf/index.html?token=740916,1
https://sbi.co.in/account/dashboard,0
http://secure-login.paypal.verify-portal.work/auth/login,1
http://secure-login.sbi.verify-portal.icu/auth/login,1
https://icicibank.com/about-us,0
https://www.sbi-online-portal.com/verify/index.php,1
http://account-blocked-portal-service.online/index.html?token=706435,1
http://secure-login.paytm.verify-portal.click/auth/login,1
http://secure-login.paytm.verify-portal.club/auth/login,1
https://axisbank.com/help/center,0
https://phonepe.com/contact,0
https://www.sbi-online-portal.com/verify/index.php,1
https://linkedin.com/help/center,0
https://flipkart.com/contact,0
http://www.axis-support-verification-update.com/login,1
http://wallet-refund-portal-service.monster/index.html?token=450520,1
https://www.axis-kyc-update.com/verify/index.php,1
http://www.hdfc-bank-verification-update.com/login,1
http://secure-login.paypal.verify-portal.buzz/auth/login,1
https://hdfcbank.com/products/item/1209,0
https://github.com/verify/email,0
http://wallet-refund-portal-service.club/index.html?token=194002,1
http://www.axis-support-verification-update.com/login,1
https://stripe.com/contact,0
https://paytm.com/contact,0
https://icicibank.com/profile/settings,0
http://secure-login.sbi.verify-portal.click/auth/login,1
https://netflix.com/verify/email,0
https://github.com/contact,0
https://icicibank.com/security/settings,0
https://wikipedia.org/verify/email,0
https://www.axis-kyc-update.com/verify/index.php,1
http://123.202.140.99/banking/online/verify.php,1
http://94.121.158.57/banking/online/verify.php,1
https://amazon.in/contact,0
https://icicibank.com/support/tickets,0
https://zerodha.com/support/tickets,0
http://187.233.141.155/banking/online/verify.php,1
http://secure-login.hdfc.verify-portal.icu/auth/login,1
http://wallet-refund-portal-service.work/index.html?token=366659,1
https://phonepe.com/login,0
https://hdfcbank.com/account/dashboard,0
https://flipkart.com/account/dashboard,0
https://linkedin.com/account/dashboard,0
https://www.axis-kyc-update.com/verify/index.php,1
http://www.sbi-online-verification-update.com/login,1
https://sbi.co.in/security/settings,0
http://www.axis-support-verification-update.com/login,1
http://secure-login.icici.verify-portal.online/auth/login,1
http://secure-login.sbi.verify-portal.top/auth/login,1
http://secure-login-portal-service.online/index.html?token=911813,1
http://63.89.120.210/banking/online/verify.php,1
https://paytm.com/help/center,0
http://claim-bonus-portal-service.work/index.html?token=292259,1
https://phonepe.com/account/dashboard,0
http://www.axis-support-verification-update.com/login,1
https://github.com/about-us,0
https://flipkart.com/contact,0
https://apple.com/products/item/1209,0
https://amazon.in/terms-and-conditions,0
https://bit.ly/bank-kyc-urgent-81,1
http://secure-login.hdfc.verify-portal.work/auth/login,1
https://linkedin.com/support/tickets,0
https://microsoft.com/profile/settings,0
http://paytm.com/support/tickets,0
https://www.icici-customer-care.com/verify/index.php,1
https://www.icici-customer-care.com/verify/index.php,1
https://bit.ly/bank-kyc-urgent-87,1
https://nytimes.com/about-us,0
https://www.axis-kyc-update.com/verify/index.php,1
https://linkedin.com/products/item/1209,0
http://verify-kyc-portal-service.monster/index.html?token=186422,1
http://www.icici-kyc-verification-update.com/login,1
http://www.sbi-online-verification-update.com/login,1
https://bit.ly/bank-kyc-urgent-73,1
http://131.220.81.216/banking/online/verify.php,1
https://bit.ly/bank-kyc-urgent-94,1
http://icicibank.com/products/item/1209,0
http://update-pan-portal-service.work/index.html?token=913537,1
https://netflix.com/about-us,0
https://github.com/contact,0
http://164.41.207.207/banking/online/verify.php,1
https://paypal.com/support/tickets,0
https://paytm.com/help/center,0
https://google.com/contact,0
http://verify-kyc-portal-service.online/index.html?token=440110,1
https://paytm.com/verify/email,0
http://secure-login.sbi.verify-portal.work/auth/login,1
http://secure-login.paytm.verify-portal.monster/auth/login,1
https://netflix.com/contact,0
https://icicibank.com/security/settings,0
http://secure-login.paypal.verify-portal.top/auth/login,1
https://www.icici-customer-care.com/verify/index.php,1
https://amazon.in/verify/email,0
https://paypal.com/verify/email,0
https://netflix.com/account/dashboard,0
https://bit.ly/bank-kyc-urgent-34,1
https://wikipedia.org/security/settings,0
https://amazon.in/contact,0
https://linkedin.com/profile/settings,0
https://google.com/account/dashboard,0
http://secure-login.paypal.verify-portal.xyz/auth/login,1
https://flipkart.com/support/tickets,0
https://microsoft.com/support/tickets,0
https://www.hdfc-bank-security.com/verify/index.php,1
https://wikipedia.org/help/center,0
https://paytm.com/terms-and-conditions,0
https://hdfcbank.com/login,0
https://www.icici-customer-care.com/verify/index.php,1
http://179.239.40.47/banking/online/verify.php,1
http://claim-bonus-portal-service.xyz/index.html?token=384685,1
https://apple.com/verify/email,0
https://netflix.com/security/settings,0
https://phonepe.com/login,0
https://stripe.com/contact,0
http://unblock-bank-portal-service.icu/index.html?token=570665,1
http://wallet-refund-portal-service.club/index.html?token=352050,1
https://bit.ly/bank-kyc-urgent-55,1
https://bit.ly/bank-kyc-urgent-12,1
https://bit.ly/bank-kyc-urgent-65,1
http://linkedin.com/security/settings,0
https://icicibank.com/products/item/1209,0
https://icicibank.com/contact,0
https://axisbank.com/profile/settings,0
https://wikipedia.org/contact,0
http://secure-login.paytm.verify-portal.monster/auth/login,1
https://www.sbi-online-portal.com/verify/index.php,1
https://nytimes.com/account/dashboard,0
http://secure-login.paytm.verify-portal.buzz/auth/login,1
http://125.69.196.186/banking/online/verify.php,1
https://linkedin.com/support/tickets,0
http://secure-login.sbi.verify-portal.click/auth/login,1
http://www.axis-support-verification-update.com/login,1
https://wikipedia.org/security/settings,0
https://nytimes.com/contact,0
http://114.218.189.6/banking/online/verify.php,1
https://zerodha.com/account/dashboard,0
http://secure-login.netflix.verify-portal.work/auth/login,1
https://axisbank.com/help/center,0
http://191.113.57.203/banking/online/verify.php,1
https://www.hdfc-bank-security.com/verify/index.php,1
https://sbi.co.in/login,0
https://icicibank.com/about-us,0
http://www.axis-support-verification-update.com/login,1
http://15.235.134.21/banking/online/verify.php,1
https://wikipedia.org/help/center,0
http://verify-kyc-portal-service.club/index.html?token=334807,1
http://www.hdfc-bank-verification-update.com/login,1
https://flipkart.com/login,0
http://202.185.205.77/banking/online/verify.php,1
https://axisbank.com/support/tickets,0
https://google.com/security/settings,0
https://apple.com/support/tickets,0
https://bit.ly/bank-kyc-urgent-69,1
https://netflix.com/help/center,0
https://wikipedia.org/verify/email,0
http://account-blocked-portal-service.top/index.html?token=207677,1
https://amazon.in/profile/settings,0
https://zerodha.com/verify/email,0
http://stackoverflow.com/products/item/1209,0
http://wallet-refund-portal-service.cf/index.html?token=583767,1
http://176.135.37.37/banking/online/verify.php,1
http://netflix.com/security/settings,0
https://wikipedia.org/support/tickets,0
http://secure-login.icici.verify-portal.work/auth/login,1
http://166.73.87.74/banking/online/verify.php,1
http://73.45.214.12/banking/online/verify.php,1
http://42.155.134.11/banking/online/verify.php,1
https://paytm.com/verify/email,0
https://bit.ly/bank-kyc-urgent-59,1
https://netflix.com/account/dashboard,0
https://axisbank.com/about-us,0
https://nytimes.com/products/item/1209,0
http://secure-login.icici.verify-portal.club/auth/login,1
http://update-pan-portal-service.xyz/index.html?token=520515,1
http://secure-login-portal-service.online/index.html?token=575111,1
http://secure-login.icici.verify-portal.online/auth/login,1
https://amazon.in/account/dashboard,0
http://107.155.198.69/banking/online/verify.php,1
https://nytimes.com/support/tickets,0
http://www.icici-kyc-verification-update.com/login,1
http://www.sbi-online-verification-update.com/login,1
https://www.hdfc-bank-security.com/verify/index.php,1
http://stackoverflow.com/support/tickets,0
https://www.hdfc-bank-security.com/verify/index.php,1
http://secure-login.hdfc.verify-portal.monster/auth/login,1
http://free-reward-portal-service.icu/index.html?token=471692,1
https://www.icici-customer-care.com/verify/index.php,1
http://account-blocked-portal-service.xyz/index.html?token=249623,1
https://axisbank.com/profile/settings,0
http://wallet-refund-portal-service.online/index.html?token=819517,1
http://secure-login.sbi.verify-portal.work/auth/login,1
https://www.hdfc-bank-security.com/verify/index.php,1
https://google.com/login,0
https://zerodha.com/account/dashboard,0
https://sbi.co.in/help/center,0
https://www.axis-kyc-update.com/verify/index.php,1
https://apple.com/products/item/1209,0
https://paypal.com/account/dashboard,0
http://unblock-bank-portal-service.work/index.html?token=314124,1
https://bit.ly/bank-kyc-urgent-68,1
https://github.com/contact,0
https://www.sbi-online-portal.com/verify/index.php,1
https://stripe.com/verify/email,0
https://google.com/terms-and-conditions,0
https://www.hdfc-bank-security.com/verify/index.php,1
https://paytm.com/account/dashboard,0
https://microsoft.com/security/settings,0
https://bit.ly/bank-kyc-urgent-42,1
https://stackoverflow.com/profile/settings,0
http://secure-login.netflix.verify-portal.monster/auth/login,1
https://google.com/support/tickets,0
https://apple.com/verify/email,0
https://paytm.com/support/tickets,0
http://phonepe.com/security/settings,0
https://netflix.com/products/item/1209,0
http://www.hdfc-bank-verification-update.com/login,1
https://www.axis-kyc-update.com/verify/index.php,1
https://bit.ly/bank-kyc-urgent-18,1
https://microsoft.com/verify/email,0
https://www.sbi-online-portal.com/verify/index.php,1
https://microsoft.com/products/item/1209,0
http://secure-login.hdfc.verify-portal.club/auth/login,1
https://www.sbi-online-portal.com/verify/index.php,1
https://paypal.com/help/center,0
http://secure-login-portal-service.buzz/index.html?token=653429,1
http://www.icici-kyc-verification-update.com/login,1
https://wikipedia.org/products/item/1209,0
https://www.icici-customer-care.com/verify/index.php,1
https://www.sbi-online-portal.com/verify/index.php,1
https://microsoft.com/about-us,0
http://axisbank.com/contact,0
https://www.hdfc-bank-security.com/verify/index.php,1
http://wallet-refund-portal-service.cf/index.html?token=870883,1
https://paypal.com/help/center,0
https://stackoverflow.com/products/item/1209,0
https://www.icici-customer-care.com/verify/index.php,1
http://192.16.156.162/banking/online/verify.php,1
https://www.sbi-online-portal.com/verify/index.php,1
http://secure-login.sbi.verify-portal.club/auth/login,1
https://icicibank.com/support/tickets,0
http://124.12.66.191/banking/online/verify.php,1
http://160.20.129.132/banking/online/verify.php,1
https://netflix.com/verify/email,0
https://www.icici-customer-care.com/verify/index.php,1
https://hdfcbank.com/products/item/1209,0
https://sbi.co.in/contact,0
https://amazon.in/products/item/1209,0
https://google.com/products/item/1209,0
https://www.icici-customer-care.com/verify/index.php,1
http://secure-login.sbi.verify-portal.club/auth/login,1
http://hdfcbank.com/contact,0
https://www.hdfc-bank-security.com/verify/index.php,1
https://netflix.com/verify/email,0
https://github.com/support/tickets,0
http://unblock-bank-portal-service.icu/index.html?token=428574,1
http://www.axis-support-verification-update.com/login,1
https://google.com/login,0
https://linkedin.com/help/center,0
https://bit.ly/bank-kyc-urgent-53,1
https://apple.com/account/dashboard,0
http://wallet-refund-portal-service.xyz/index.html?token=236392,1
http://secure-login.paypal.verify-portal.xyz/auth/login,1
https://paypal.com/terms-and-conditions,0
http://201.64.112.159/banking/online/verify.php,1
https://netflix.com/support/tickets,0
http://secure-login.paytm.verify-portal.icu/auth/login,1
https://google.com/help/center,0
https://www.icici-customer-care.com/verify/index.php,1
http://secure-login.paypal.verify-portal.monster/auth/login,1
https://icicibank.com/verify/email,0
http://191.124.246.26/banking/online/verify.php,1
https://nytimes.com/account/dashboard,0
http://update-pan-portal-service.buzz/index.html?token=920539,1
https://paypal.com/help/center,0
https://axisbank.com/about-us,0
http://18.47.103.37/banking/online/verify.php,1
https://github.com/contact,0
https://bit.ly/bank-kyc-urgent-25,1
http://www.hdfc-bank-verification-update.com/login,1
http://secure-login.netflix.verify-portal.buzz/auth/login,1
http://secure-login.netflix.verify-portal.club/auth/login,1
https://www.hdfc-bank-security.com/verify/index.php,1
https://nytimes.com/account/dashboard,0
https://nytimes.com/login,0
http://secure-login.paypal.verify-portal.monster/auth/login,1
https://hdfcbank.com/help/center,0
https://hdfcbank.com/terms-and-conditions,0
https://bit.ly/bank-kyc-urgent-50,1
http://www.icici-kyc-verification-update.com/login,1
http://37.84.106.41/banking/online/verify.php,1
https://www.icici-customer-care.com/verify/index.php,1
https://bit.ly/bank-kyc-urgent-13,1
https://zerodha.com/security/settings,0
http://www.sbi-online-verification-update.com/login,1
https://paytm.com/help/center,0
http://secure-login.icici.verify-portal.work/auth/login,1
https://stackoverflow.com/account/dashboard,0
https://www.icici-customer-care.com/verify/index.php,1
http://netflix.com/login,0
https://apple.com/login,0
https://paypal.com/help/center,0
https://bit.ly/bank-kyc-urgent-95,1
http://secure-login.icici.verify-portal.monster/auth/login,1
https://bit.ly/bank-kyc-urgent-25,1
https://google.com/support/tickets,0
https://flipkart.com/terms-and-conditions,0
http://netflix.com/profile/settings,0
https://bit.ly/bank-kyc-urgent-88,1
https://www.hdfc-bank-security.com/verify/index.php,1
https://bit.ly/bank-kyc-urgent-59,1
https://www.sbi-online-portal.com/verify/index.php,1
https://wikipedia.org/account/dashboard,0
https://paypal.com/verify/email,0
https://flipkart.com/support/tickets,0
https://bit.ly/bank-kyc-urgent-96,1
http://www.hdfc-bank-verification-update.com/login,1
https://bit.ly/bank-kyc-urgent-54,1
https://stripe.com/support/tickets,0
https://amazon.in/verify/email,0
http://secure-login.netflix.verify-portal.work/auth/login,1
https://phonepe.com/terms-and-conditions,0
http://wallet-refund-portal-service.icu/index.html?token=526850,1
http://update-pan-portal-service.buzz/index.html?token=337798,1
http://131.122.118.130/banking/online/verify.php,1
https://github.com/products/item/1209,0
https://paypal.com/support/tickets,0
https://google.com/profile/settings,0
http://145.94.243.146/banking/online/verify.php,1
http://verify-kyc-portal-service.buzz/index.html?token=658624,1
http://secure-login.paypal.verify-portal.cf/auth/login,1
https://icicibank.com/contact,0
https://zerodha.com/support/tickets,0
http://nytimes.com/contact,0
http://62.173.242.52/banking/online/verify.php,1
http://191.162.238.152/banking/online/verify.php,1
http://hdfcbank.com/help/center,0
https://nytimes.com/about-us,0
http://account-blocked-portal-service.buzz/index.html?token=732958,1
https://www.sbi-online-portal.com/verify/index.php,1
https://hdfcbank.com/products/item/1209,0
https://stackoverflow.com/support/tickets,0
https://netflix.com/account/dashboard,0
https://wikipedia.org/contact,0
https://netflix.com/products/item/1209,0
https://sbi.co.in/about-us,0
https://www.icici-customer-care.com/verify/index.php,1
http://www.hdfc-bank-verification-update.com/login,1
https://phonepe.com/verify/email,0
http://secure-login.netflix.verify-portal.click/auth/login,1
https://wikipedia.org/help/center,0
https://zerodha.com/help/center,0
https://zerodha.com/profile/settings,0
https://nytimes.com/contact,0
http://132.37.94.146/banking/online/verify.php,1
http://secure-login.sbi.verify-portal.work/auth/login,1
https://icicibank.com/login,0
https://www.axis-kyc-update.com/verify/index.php,1
http://26.245.215.114/banking/online/verify.php,1
http://secure-login.paytm.verify-portal.club/auth/login,1
https://phonepe.com/profile/settings,0
http://89.172.229.23/banking/online/verify.php,1
https://bit.ly/bank-kyc-urgent-49,1
https://apple.com/products/item/1209,0
https://paytm.com/login,0
https://apple.com/contact,0
http://update-pan-portal-service.xyz/index.html?token=370948,1
https://paytm.com/security/settings,0
http://secure-login.icici.verify-portal.xyz/auth/login,1
http://www.icici-kyc-verification-update.com/login,1
https://amazon.in/security/settings,0
https://sbi.co.in/contact,0
https://paytm.com/contact,0
https://google.com/terms-and-conditions,0
https://axisbank.com/account/dashboard,0
https://wikipedia.org/account/dashboard,0
https://linkedin.com/contact,0
https://google.com/contact,0
https://stackoverflow.com/security/settings,0
https://zerodha.com/about-us,0
https://microsoft.com/verify/email,0
https://bit.ly/bank-kyc-urgent-36,1
https://stackoverflow.com/account/dashboard,0
https://zerodha.com/security/settings,0
http://170.200.33.184/banking/online/verify.php,1
https://apple.com/terms-and-conditions,0
https://www.sbi-online-portal.com/verify/index.php,1
https://apple.com/support/tickets,0
http://unblock-bank-portal-service.work/index.html?token=200485,1
http://140.30.119.186/banking/online/verify.php,1
http://wallet-refund-portal-service.monster/index.html?token=834335,1
http://www.hdfc-bank-verification-update.com/login,1
http://143.192.206.213/banking/online/verify.php,1
http://phonepe.com/support/tickets,0
https://sbi.co.in/terms-and-conditions,0
https://bit.ly/bank-kyc-urgent-97,1
http://secure-login.hdfc.verify-portal.cf/auth/login,1
http://secure-login.icici.verify-portal.icu/auth/login,1
https://bit.ly/bank-kyc-urgent-20,1
http://secure-login.sbi.verify-portal.xyz/auth/login,1
https://amazon.in/products/item/1209,0
http://secure-login.sbi.verify-portal.icu/auth/login,1
http://verify-kyc-portal-service.club/index.html?token=620438,1
https://stripe.com/login,0
https://paypal.com/contact,0
https://paypal.com/contact,0
http://www.sbi-online-verification-update.com/login,1
https://stackoverflow.com/login,0
http://secure-login.sbi.verify-portal.top/auth/login,1
http://www.icici-kyc-verification-update.com/login,1
https://bit.ly/bank-kyc-urgent-70,1
https://www.hdfc-bank-security.com/verify/index.php,1
http://wikipedia.org/support/tickets,0
http://secure-login-portal-service.click/index.html?token=149246,1
https://stackoverflow.com/profile/settings,0
https://hdfcbank.com/security/settings,0
http://www.sbi-online-verification-update.com/login,1
http://www.hdfc-bank-verification-update.com/login,1
https://google.com/verify/email,0
http://secure-login.paytm.verify-portal.cf/auth/login,1
https://wikipedia.org/profile/settings,0
https://stackoverflow.com/products/item/1209,0
http://secure-login.paypal.verify-portal.icu/auth/login,1
https://bit.ly/bank-kyc-urgent-51,1
https://www.sbi-online-portal.com/verify/index.php,1
https://flipkart.com/profile/settings,0
https://bit.ly/bank-kyc-urgent-68,1
https://flipkart.com/verify/email,0
http://www.icici-kyc-verification-update.com/login,1
https://github.com/help/center,0
http://www.sbi-online-verification-update.com/login,1
https://phonepe.com/account/dashboard,0
https://bit.ly/bank-kyc-urgent-53,1
http://www.axis-support-verification-update.com/login,1
http://unblock-bank-portal-service.top/index.html?token=727320,1
https://icicibank.com/help/center,0
https://phonepe.com/products/item/1209,0
http://secure-login.hdfc.verify-portal.online/auth/login,1
http://verify-kyc-portal-service.buzz/index.html?token=481237,1
https://www.sbi-online-portal.com/verify/index.php,1
http://www.hdfc-bank-verification-update.com/login,1
http://www.icici-kyc-verification-update.com/login,1
https://axisbank.com/about-us,0
http://www.hdfc-bank-verification-update.com/login,1
http://unblock-bank-portal-service.cf/index.html?token=721082,1
https://apple.com/profile/settings,0
https://stackoverflow.com/help/center,0
https://hdfcbank.com/profile/settings,0
https://stackoverflow.com/security/settings,0
https://phonepe.com/terms-and-conditions,0
https://icicibank.com/help/center,0
http://update-pan-portal-service.xyz/index.html?token=185000,1
http://secure-login.netflix.verify-portal.club/auth/login,1
http://www.sbi-online-verification-update.com/login,1
https://apple.com/help/center,0
http://wallet-refund-portal-service.icu/index.html?token=182034,1
https://wikipedia.org/terms-and-conditions,0
https://paypal.com/terms-and-conditions,0
https://phonepe.com/login,0
https://paypal.com/verify/email,0
https://paytm.com/security/settings,0
https://paypal.com/products/item/1209,0
https://phonepe.com/about-us,0
https://bit.ly/bank-kyc-urgent-44,1
http://update-pan-portal-service.icu/index.html?token=795984,1
https://stripe.com/products/item/1209,0
https://www.sbi-online-portal.com/verify/index.php,1
https://icicibank.com/security/settings,0
http://wallet-refund-portal-service.cf/index.html?token=986850,1
https://netflix.com/help/center,0
http://secure-login.netflix.verify-portal.click/auth/login,1
https://github.com/profile/settings,0
https://nytimes.com/support/tickets,0
https://github.com/profile/settings,0
http://www.icici-kyc-verification-update.com/login,1
https://axisbank.com/products/item/1209,0
http://www.sbi-online-verification-update.com/login,1
https://zerodha.com/login,0
http://www.sbi-online-verification-update.com/login,1
http://www.axis-support-verification-update.com/login,1
https://linkedin.com/security/settings,0
http://claim-bonus-portal-service.icu/index.html?token=828246,1
https://bit.ly/bank-kyc-urgent-16,1
https://bit.ly/bank-kyc-urgent-30,1
https://hdfcbank.com/help/center,0
https://netflix.com/about-us,0
https://stackoverflow.com/account/dashboard,0
https://apple.com/login,0
http://secure-login.paypal.verify-portal.online/auth/login,1
http://www.axis-support-verification-update.com/login,1
http://icicibank.com/profile/settings,0
https://bit.ly/bank-kyc-urgent-32,1
http://79.83.201.127/banking/online/verify.php,1
http://www.hdfc-bank-verification-update.com/login,1
https://axisbank.com/products/item/1209,0
https://www.sbi-online-portal.com/verify/index.php,1
http://110.118.91.198/banking/online/verify.php,1
https://linkedin.com/help/center,0
https://hdfcbank.com/products/item/1209,0
https://www.sbi-online-portal.com/verify/index.php,1
http://www.sbi-online-verification-update.com/login,1
https://zerodha.com/account/dashboard,0
https://bit.ly/bank-kyc-urgent-86,1
https://wikipedia.org/security/settings,0
http://amazon.in/verify/email,0
http://axisbank.com/products/item/1209,0
https://microsoft.com/support/tickets,0
http://linkedin.com/profile/settings,0
https://google.com/login,0
http://secure-login.hdfc.verify-portal.icu/auth/login,1
https://paypal.com/about-us,0
https://icicibank.com/products/item/1209,0
https://hdfcbank.com/profile/settings,0
https://wikipedia.org/support/tickets,0
http://www.axis-support-verification-update.com/login,1
https://www.axis-kyc-update.com/verify/index.php,1
https://zerodha.com/support/tickets,0
https://www.axis-kyc-update.com/verify/index.php,1
http://135.196.110.77/banking/online/verify.php,1
https://linkedin.com/support/tickets,0
https://www.icici-customer-care.com/verify/index.php,1
https://microsoft.com/about-us,0
https://sbi.co.in/security/settings,0
http://153.108.225.237/banking/online/verify.php,1
http://verify-kyc-portal-service.online/index.html?token=940104,1
https://paypal.com/verify/email,0
https://linkedin.com/support/tickets,0
https://bit.ly/bank-kyc-urgent-99,1
https://www.sbi-online-portal.com/verify/index.php,1
https://www.sbi-online-portal.com/verify/index.php,1
https://axisbank.com/about-us,0
http://secure-login.icici.verify-portal.buzz/auth/login,1
https://flipkart.com/profile/settings,0
https://www.sbi-online-portal.com/verify/index.php,1
https://www.hdfc-bank-security.com/verify/index.php,1
https://zerodha.com/profile/settings,0
https://sbi.co.in/products/item/1209,0
https://apple.com/products/item/1209,0
https://bit.ly/bank-kyc-urgent-81,1
https://paypal.com/help/center,0
https://paytm.com/products/item/1209,0
https://stripe.com/login,0
http://update-pan-portal-service.top/index.html?token=962074,1
https://axisbank.com/login,0
http://www.hdfc-bank-verification-update.com/login,1
http://209.87.195.109/banking/online/verify.php,1
https://wikipedia.org/about-us,0
http://secure-login.paypal.verify-portal.cf/auth/login,1
http://free-reward-portal-service.club/index.html?token=745710,1
https://microsoft.com/terms-and-conditions,0
http://secure-login.icici.verify-portal.click/auth/login,1
https://bit.ly/bank-kyc-urgent-94,1
https://bit.ly/bank-kyc-urgent-15,1
https://www.axis-kyc-update.com/verify/index.php,1
https://amazon.in/account/dashboard,0
http://secure-login.netflix.verify-portal.cf/auth/login,1
https://axisbank.com/contact,0
http://www.icici-kyc-verification-update.com/login,1
http://67.239.61.116/banking/online/verify.php,1
https://www.icici-customer-care.com/verify/index.php,1
https://bit.ly/bank-kyc-urgent-86,1
http://verify-kyc-portal-service.work/index.html?token=612824,1
http://www.hdfc-bank-verification-update.com/login,1
https://nytimes.com/security/settings,0
https://google.com/help/center,0
http://unblock-bank-portal-service.online/index.html?token=475354,1
https://microsoft.com/products/item/1209,0
https://phonepe.com/help/center,0
http://www.hdfc-bank-verification-update.com/login,1
https://zerodha.com/support/tickets,0
https://netflix.com/verify/email,0
https://axisbank.com/profile/settings,0
https://bit.ly/bank-kyc-urgent-78,1
https://hdfcbank.com/terms-and-conditions,0
http://nytimes.com/security/settings,0
https://phonepe.com/verify/email,0
https://bit.ly/bank-kyc-urgent-35,1
https://amazon.in/help/center,0
https://www.hdfc-bank-security.com/verify/index.php,1
http://www.hdfc-bank-verification-update.com/login,1
https://bit.ly/bank-kyc-urgent-47,1
https://bit.ly/bank-kyc-urgent-87,1
http://secure-login.icici.verify-portal.icu/auth/login,1
https://netflix.com/about-us,0
https://phonepe.com/about-us,0
https://sbi.co.in/terms-and-conditions,0
https://bit.ly/bank-kyc-urgent-57,1
http://www.icici-kyc-verification-update.com/login,1
https://www.axis-kyc-update.com/verify/index.php,1
http://sbi.co.in/about-us,0
http://secure-login.icici.verify-portal.xyz/auth/login,1
https://netflix.com/profile/settings,0
https://microsoft.com/profile/settings,0
https://www.icici-customer-care.com/verify/index.php,1
https://www.axis-kyc-update.com/verify/index.php,1
http://account-blocked-portal-service.click/index.html?token=617795,1
https://stackoverflow.com/help/center,0
https://bit.ly/bank-kyc-urgent-16,1
https://flipkart.com/help/center,0
https://linkedin.com/contact,0
http://secure-login.paypal.verify-portal.buzz/auth/login,1
http://secure-login-portal-service.click/index.html?token=705445,1
https://google.com/about-us,0
https://wikipedia.org/profile/settings,0
https://www.sbi-online-portal.com/verify/index.php,1
http://paypal.com/help/center,0
https://axisbank.com/about-us,0
http://61.27.243.247/banking/online/verify.php,1
https://www.sbi-online-portal.com/verify/index.php,1
https://stackoverflow.com/about-us,0
http://secure-login.sbi.verify-portal.monster/auth/login,1
https://stackoverflow.com/login,0
http://www.axis-support-verification-update.com/login,1
https://www.sbi-online-portal.com/verify/index.php,1
http://wikipedia.org/help/center,0
https://axisbank.com/help/center,0
https://nytimes.com/security/settings,0
https://bit.ly/bank-kyc-urgent-71,1
http://34.14.117.8/banking/online/verify.php,1
https://linkedin.com/account/dashboard,0
https://apple.com/support/tickets,0
http://secure-login.paytm.verify-portal.club/auth/login,1
https://linkedin.com/profile/settings,0
https://paypal.com/profile/settings,0
http://60.205.121.246/banking/online/verify.php,1
http://secure-login.netflix.verify-portal.work/auth/login,1
http://account-blocked-portal-service.buzz/index.html?token=798281,1
http://claim-bonus-portal-service.buzz/index.html?token=253437,1
http://132.97.83.130/banking/online/verify.php,1
https://google.com/profile/settings,0
https://www.sbi-online-portal.com/verify/index.php,1
https://phonepe.com/verify/email,0
https://nytimes.com/login,0
https://linkedin.com/contact,0
https://paytm.com/account/dashboard,0
https://www.axis-kyc-update.com/verify/index.php,1
https://stackoverflow.com/verify/email,0
https://hdfcbank.com/account/dashboard,0
https://stripe.com/security/settings,0
https://bit.ly/bank-kyc-urgent-95,1
https://paypal.com/help/center,0
http://account-blocked-portal-service.online/index.html?token=502704,1
http://verify-kyc-portal-service.xyz/index.html?token=971834,1
https://www.icici-customer-care.com/verify/index.php,1
http://secure-login.paypal.verify-portal.xyz/auth/login,1
http://verify-kyc-portal-service.buzz/index.html?token=338804,1
https://icicibank.com/login,0
http://148.118.243.143/banking/online/verify.php,1
http://unblock-bank-portal-service.cf/index.html?token=581984,1
https://sbi.co.in/about-us,0
https://wikipedia.org/products/item/1209,0
https://axisbank.com/login,0
https://stackoverflow.com/account/dashboard,0
http://43.185.241.77/banking/online/verify.php,1
https://apple.com/security/settings,0
http://www.hdfc-bank-verification-update.com/login,1
http://www.axis-support-verification-update.com/login,1
http://wallet-refund-portal-service.club/index.html?token=682667,1
https://amazon.in/products/item/1209,0
https://microsoft.com/help/center,0
https://stripe.com/products/item/1209,0
https://apple.com/security/settings,0
https://phonepe.com/contact,0
http://unblock-bank-portal-service.click/index.html?token=740098,1
https://netflix.com/help/center,0
https://stackoverflow.com/security/settings,0
https://www.icici-customer-care.com/verify/index.php,1
http://www.axis-support-verification-update.com/login,1
https://hdfcbank.com/profile/settings,0
https://microsoft.com/help/center,0
http://secure-login.hdfc.verify-portal.icu/auth/login,1
https://apple.com/account/dashboard,0
http://45.164.151.56/banking/online/verify.php,1
https://apple.com/contact,0
http://www.icici-kyc-verification-update.com/login,1
https://amazon.in/security/settings,0
https://apple.com/help/center,0
http://121.189.161.101/banking/online/verify.php,1
https://github.com/profile/settings,0
http://www.hdfc-bank-verification-update.com/login,1
https://apple.com/login,0
https://google.com/profile/settings,0
https://phonepe.com/terms-and-conditions,0
http://claim-bonus-portal-service.work/index.html?token=358965,1
http://www.hdfc-bank-verification-update.com/login,1
https://www.axis-kyc-update.com/verify/index.php,1
https://axisbank.com/login,0
https://paypal.com/account/dashboard,0
https://stackoverflow.com/security/settings,0
https://phonepe.com/help/center,0
http://secure-login.netflix.verify-portal.icu/auth/login,1
https://www.icici-customer-care.com/verify/index.php,1
http://secure-login.hdfc.verify-portal.monster/auth/login,1
https://bit.ly/bank-kyc-urgent-27,1
http://stackoverflow.com/help/center,0
https://linkedin.com/login,0
http://microsoft.com/account/dashboard,0
https://flipkart.com/account/dashboard,0
https://netflix.com/profile/settings,0
https://icicibank.com/about-us,0
https://paypal.com/help/center,0
https://sbi.co.in/login,0
https://bit.ly/bank-kyc-urgent-55,1
https://www.icici-customer-care.com/verify/index.php,1
https://paytm.com/profile/settings,0
http://wallet-refund-portal-service.icu/index.html?token=875795,1
http://secure-login.paypal.verify-portal.work/auth/login,1
https://axisbank.com/products/item/1209,0
https://stackoverflow.com/account/dashboard,0
https://stripe.com/help/center,0
https://zerodha.com/profile/settings,0
http://secure-login-portal-service.cf/index.html?token=972950,1
http://www.hdfc-bank-verification-update.com/login,1
https://flipkart.com/account/dashboard,0
http://www.hdfc-bank-verification-update.com/login,1
https://bit.ly/bank-kyc-urgent-33,1
http://24.172.46.241/banking/online/verify.php,1
https://nytimes.com/verify/email,0
https://axisbank.com/verify/email,0
http://verify-kyc-portal-service.monster/index.html?token=986887,1
https://amazon.in/terms-and-conditions,0
http://64.221.67.15/banking/online/verify.php,1
https://microsoft.com/account/dashboard,0
http://phonepe.com/profile/settings,0
http://claim-bonus-portal-service.xyz/index.html?token=257817,1
https://paytm.com/contact,0
https://www.axis-kyc-update.com/verify/index.php,1
http://wallet-refund-portal-service.xyz/index.html?token=727263,1
http://secure-login.paytm.verify-portal.monster/auth/login,1
http://wallet-refund-portal-service.click/index.html?token=487596,1
https://stackoverflow.com/help/center,0
https://wikipedia.org/verify/email,0
https://paytm.com/about-us,0
https://stackoverflow.com/account/dashboard,0
https://axisbank.com/support/tickets,0
https://hdfcbank.com/contact,0
https://microsoft.com/contact,0
https://www.sbi-online-portal.com/verify/index.php,1
https://github.com/about-us,0
http://nytimes.com/terms-and-conditions,0
https://icicibank.com/support/tickets,0
https://www.icici-customer-care.com/verify/index.php,1
http://149.227.206.220/banking/online/verify.php,1
http://secure-login.paytm.verify-portal.online/auth/login,1
https://stackoverflow.com/account/dashboard,0
https://paytm.com/verify/email,0
https://www.sbi-online-portal.com/verify/index.php,1
https://www.axis-kyc-update.com/verify/index.php,1
http://www.sbi-online-verification-update.com/login,1
https://stripe.com/help/center,0
https://bit.ly/bank-kyc-urgent-18,1
http://www.sbi-online-verification-update.com/login,1
https://paytm.com/products/item/1209,0
https://netflix.com/help/center,0
https://phonepe.com/about-us,0
https://bit.ly/bank-kyc-urgent-59,1
http://108.164.183.84/banking/online/verify.php,1
https://icicibank.com/security/settings,0
http://secure-login.hdfc.verify-portal.club/auth/login,1
http://secure-login.sbi.verify-portal.xyz/auth/login,1
https://bit.ly/bank-kyc-urgent-40,1
https://stripe.com/account/dashboard,0
http://secure-login.sbi.verify-portal.icu/auth/login,1
https://stripe.com/products/item/1209,0
https://netflix.com/verify/email,0
https://bit.ly/bank-kyc-urgent-39,1
https://bit.ly/bank-kyc-urgent-11,1
https://icicibank.com/about-us,0
https://www.hdfc-bank-security.com/verify/index.php,1
http://www.axis-support-verification-update.com/login,1
http://secure-login.sbi.verify-portal.top/auth/login,1
https://microsoft.com/products/item/1209,0
https://sbi.co.in/products/item/1209,0
http://137.202.115.198/banking/online/verify.php,1
http://paypal.com/support/tickets,0
http://secure-login.hdfc.verify-portal.buzz/auth/login,1
https://sbi.co.in/terms-and-conditions,0
http://secure-login-portal-service.club/index.html?token=442645,1
https://google.com/contact,0
http://www.icici-kyc-verification-update.com/login,1
http://www.axis-support-verification-update.com/login,1
http://secure-login.netflix.verify-portal.top/auth/login,1
http://secure-login.sbi.verify-portal.work/auth/login,1
http://www.icici-kyc-verification-update.com/login,1
http://secure-login.icici.verify-portal.click/auth/login,1
https://stripe.com/verify/email,0
https://paypal.com/help/center,0
https://www.axis-kyc-update.com/verify/index.php,1
https://amazon.in/support/tickets,0
http://secure-login.netflix.verify-portal.top/auth/login,1
https://paytm.com/contact,0
https://www.icici-customer-care.com/verify/index.php,1
http://secure-login.hdfc.verify-portal.monster/auth/login,1
https://flipkart.com/verify/email,0
https://github.com/security/settings,0
http://update-pan-portal-service.icu/index.html?token=918730,1
https://linkedin.com/login,0
https://bit.ly/bank-kyc-urgent-31,1
https://bit.ly/bank-kyc-urgent-47,1
http://164.211.178.160/banking/online/verify.php,1
https://www.icici-customer-care.com/verify/index.php,1
https://github.com/contact,0
https://microsoft.com/profile/settings,0
http://16.167.204.230/banking/online/verify.php,1
https://icicibank.com/login,0
https://sbi.co.in/login,0
http://www.sbi-online-verification-update.com/login,1
https://wikipedia.org/about-us,0
https://stackoverflow.com/help/center,0
https://axisbank.com/terms-and-conditions,0
http://www.sbi-online-verification-update.com/login,1
https://www.axis-kyc-update.com/verify/index.php,1
http://44.101.85.62/banking/online/verify.php,1
https://apple.com/verify/email,0
https://microsoft.com/account/dashboard,0
http://202.180.227.206/banking/online/verify.php,1
http://www.axis-support-verification-update.com/login,1
https://bit.ly/bank-kyc-urgent-81,1
http://wallet-refund-portal-service.top/index.html?token=232981,1
http://www.axis-support-verification-update.com/login,1
https://hdfcbank.com/help/center,0
https://sbi.co.in/verify/email,0
http://wikipedia.org/account/dashboard,0
https://www.icici-customer-care.com/verify/index.php,1
http://secure-login-portal-service.work/index.html?token=223928,1
http://www.hdfc-bank-verification-update.com/login,1
http://142.68.114.29/banking/online/verify.php,1
https://stripe.com/support/tickets,0
https://paytm.com/security/settings,0
https://www.sbi-online-portal.com/verify/index.php,1
https://www.axis-kyc-update.com/verify/index.php,1
https://icicibank.com/security/settings,0
http://sbi.co.in/products/item/1209,0
http://60.146.106.178/banking/online/verify.php,1
http://flipkart.com/profile/settings,0
https://hdfcbank.com/account/dashboard,0
https://stackoverflow.com/contact,0
http://54.224.14.156/banking/online/verify.php,1
http://stackoverflow.com/contact,0
https://microsoft.com/account/dashboard,0
https://stripe.com/login,0
http://secure-login.hdfc.verify-portal.click/auth/login,1
https://linkedin.com/help/center,0
http://verify-kyc-portal-service.work/index.html?token=832356,1
http://www.sbi-online-verification-update.com/login,1
https://www.sbi-online-portal.com/verify/index.php,1
https://paypal.com/contact,0
https://www.icici-customer-care.com/verify/index.php,1
https://www.sbi-online-portal.com/verify/index.php,1
http://180.48.125.137/banking/online/verify.php,1
https://axisbank.com/security/settings,0
http://www.hdfc-bank-verification-update.com/login,1
http://www.axis-support-verification-update.com/login,1
https://hdfcbank.com/security/settings,0
https://wikipedia.org/account/dashboard,0
http://www.icici-kyc-verification-update.com/login,1
https://linkedin.com/security/settings,0
https://paypal.com/support/tickets,0
https://stripe.com/contact,0
https://nytimes.com/terms-and-conditions,0
http://update-pan-portal-service.online/index.html?token=550908,1
http://secure-login.icici.verify-portal.click/auth/login,1
http://www.hdfc-bank-verification-update.com/login,1
http://www.hdfc-bank-verification-update.com/login,1
https://stripe.com/contact,0
https://www.icici-customer-care.com/verify/index.php,1
http://www.sbi-online-verification-update.com/login,1
http://secure-login.icici.verify-portal.club/auth/login,1
https://phonepe.com/contact,0
https://microsoft.com/account/dashboard,0
http://secure-login.sbi.verify-portal.top/auth/login,1
http://icicibank.com/products/item/1209,0
https://netflix.com/account/dashboard,0
https://bit.ly/bank-kyc-urgent-31,1
https://amazon.in/support/tickets,0
https://linkedin.com/about-us,0
https://bit.ly/bank-kyc-urgent-96,1
http://www.hdfc-bank-verification-update.com/login,1
https://nytimes.com/profile/settings,0
https://hdfcbank.com/verify/email,0
https://google.com/login,0
http://secure-login.paypal.verify-portal.online/auth/login,1
http://59.155.135.242/banking/online/verify.php,1
https://bit.ly/bank-kyc-urgent-38,1
https://www.sbi-online-portal.com/verify/index.php,1
http://65.37.101.83/banking/online/verify.php,1
https://bit.ly/bank-kyc-urgent-62,1
http://www.icici-kyc-verification-update.com/login,1
https://www.axis-kyc-update.com/verify/index.php,1
https://apple.com/verify/email,0
http://unblock-bank-portal-service.monster/index.html?token=159191,1
https://netflix.com/about-us,0
https://www.axis-kyc-update.com/verify/index.php,1
https://flipkart.com/products/item/1209,0
https://bit.ly/bank-kyc-urgent-78,1
https://www.icici-customer-care.com/verify/index.php,1
https://flipkart.com/contact,0
https://paypal.com/login,0
https://icicibank.com/contact,0
http://www.sbi-online-verification-update.com/login,1
http://secure-login.sbi.verify-portal.cf/auth/login,1
http://secure-login.hdfc.verify-portal.work/auth/login,1
http://unblock-bank-portal-service.cf/index.html?token=825990,1
http://secure-login.netflix.verify-portal.online/auth/login,1
https://amazon.in/account/dashboard,0
http://www.sbi-online-verification-update.com/login,1
http://secure-login.paypal.verify-portal.xyz/auth/login,1
https://sbi.co.in/security/settings,0
https://paytm.com/help/center,0
https://www.icici-customer-care.com/verify/index.php,1
https://linkedin.com/account/dashboard,0
http://www.icici-kyc-verification-update.com/login,1
https://phonepe.com/terms-and-conditions,0
http://unblock-bank-portal-service.club/index.html?token=519492,1
http://50.244.58.2/banking/online/verify.php,1
https://bit.ly/bank-kyc-urgent-57,1
http://verify-kyc-portal-service.xyz/index.html?token=255863,1
https://amazon.in/contact,0
https://linkedin.com/contact,0
https://nytimes.com/security/settings,0
http://claim-bonus-portal-service.online/index.html?token=550405,1
https://www.sbi-online-portal.com/verify/index.php,1
https://www.hdfc-bank-security.com/verify/index.php,1
http://www.axis-support-verification-update.com/login,1
https://hdfcbank.com/about-us,0
https://phonepe.com/contact,0
https://linkedin.com/products/item/1209,0
https://hdfcbank.com/account/dashboard,0
http://wallet-refund-portal-service.top/index.html?token=477048,1
https://nytimes.com/about-us,0
http://update-pan-portal-service.monster/index.html?token=992919,1
https://paytm.com/contact,0
https://icicibank.com/products/item/1209,0
https://paytm.com/security/settings,0
https://amazon.in/login,0
http://www.hdfc-bank-verification-update.com/login,1
https://stripe.com/profile/settings,0
https://phonepe.com/support/tickets,0
http://secure-login.paytm.verify-portal.monster/auth/login,1
https://linkedin.com/contact,0
http://amazon.in/account/dashboard,0
https://netflix.com/contact,0
https://paypal.com/profile/settings,0
http://86.195.192.100/banking/online/verify.php,1
https://www.axis-kyc-update.com/verify/index.php,1
https://icicibank.com/support/tickets,0
https://paypal.com/login,0
https://bit.ly/bank-kyc-urgent-71,1
https://phonepe.com/help/center,0
https://stripe.com/help/center,0
https://wikipedia.org/support/tickets,0
https://axisbank.com/contact,0
https://amazon.in/profile/settings,0
http://netflix.com/contact,0
http://secure-login.sbi.verify-portal.work/auth/login,1
http://secure-login.sbi.verify-portal.club/auth/login,1
https://bit.ly/bank-kyc-urgent-92,1
https://stripe.com/verify/email,0
https://icicibank.com/account/dashboard,0
https://netflix.com/verify/email,0
https://bit.ly/bank-kyc-urgent-64,1
http://www.sbi-online-verification-update.com/login,1
https://bit.ly/bank-kyc-urgent-10,1
http://201.158.154.183/banking/online/verify.php,1
https://netflix.com/support/tickets,0
https://bit.ly/bank-kyc-urgent-58,1
http://free-reward-portal-service.cf/index.html?token=897953,1
https://linkedin.com/support/tickets,0
https://nytimes.com/support/tickets,0
https://stackoverflow.com/login,0
https://microsoft.com/security/settings,0
https://flipkart.com/profile/settings,0
https://microsoft.com/login,0
http://www.sbi-online-verification-update.com/login,1
https://stripe.com/products/item/1209,0
https://www.sbi-online-portal.com/verify/index.php,1
http://www.axis-support-verification-update.com/login,1
http://secure-login.paypal.verify-portal.monster/auth/login,1
http://wallet-refund-portal-service.work/index.html?token=857656,1
http://www.icici-kyc-verification-update.com/login,1
http://152.59.178.190/banking/online/verify.php,1
https://zerodha.com/products/item/1209,0
https://apple.com/login,0
https://google.com/about-us,0
https://axisbank.com/products/item/1209,0
https://www.axis-kyc-update.com/verify/index.php,1
http://secure-login.sbi.verify-portal.click/auth/login,1
https://bit.ly/bank-kyc-urgent-72,1
http://84.29.37.43/banking/online/verify.php,1
http://210.28.80.199/banking/online/verify.php,1
https://wikipedia.org/about-us,0
http://secure-login.paytm.verify-portal.club/auth/login,1
https://zerodha.com/login,0
https://paytm.com/login,0
https://google.com/profile/settings,0
https://stripe.com/help/center,0
http://176.185.192.40/banking/online/verify.php,1
https://phonepe.com/security/settings,0
http://amazon.in/support/tickets,0
https://bit.ly/bank-kyc-urgent-27,1
http://icicibank.com/account/dashboard,0
https://stackoverflow.com/support/tickets,0
http://14.182.135.173/banking/online/verify.php,1
https://hdfcbank.com/profile/settings,0
https://axisbank.com/about-us,0
https://bit.ly/bank-kyc-urgent-27,1
https://apple.com/login,0
https://bit.ly/bank-kyc-urgent-85,1
http://account-blocked-portal-service.top/index.html?token=123107,1
https://hdfcbank.com/terms-and-conditions,0
https://paypal.com/verify/email,0
https://icicibank.com/security/settings,0
http://verify-kyc-portal-service.xyz/index.html?token=537859,1
http://www.sbi-online-verification-update.com/login,1
http://203.202.145.108/banking/online/verify.php,1
https://hdfcbank.com/security/settings,0
https://www.sbi-online-portal.com/verify/index.php,1
https://nytimes.com/about-us,0
http://stackoverflow.com/profile/settings,0
https://nytimes.com/support/tickets,0
https://stripe.com/profile/settings,0
http://secure-login.paytm.verify-portal.click/auth/login,1
https://icicibank.com/account/dashboard,0
http://secure-login.hdfc.verify-portal.work/auth/login,1
http://secure-login.hdfc.verify-portal.icu/auth/login,1
https://bit.ly/bank-kyc-urgent-99,1
https://stackoverflow.com/account/dashboard,0
http://update-pan-portal-service.monster/index.html?token=498663,1
https://bit.ly/bank-kyc-urgent-65,1
https://nytimes.com/contact,0
https://google.com/security/settings,0
http://secure-login.sbi.verify-portal.xyz/auth/login,1
https://netflix.com/products/item/1209,0
http://update-pan-portal-service.xyz/index.html?token=163098,1
https://netflix.com/about-us,0
http://34.140.151.80/banking/online/verify.php,1
https://bit.ly/bank-kyc-urgent-60,1
https://sbi.co.in/profile/settings,0
http://secure-login.paytm.verify-portal.club/auth/login,1
http://www.sbi-online-verification-update.com/login,1
https://paytm.com/about-us,0
http://wikipedia.org/profile/settings,0
http://www.axis-support-verification-update.com/login,1
http://flipkart.com/about-us,0
https://axisbank.com/products/item/1209,0
http://secure-login.icici.verify-portal.click/auth/login,1
http://sbi.co.in/terms-and-conditions,0
http://www.axis-support-verification-update.com/login,1
http://account-blocked-portal-service.click/index.html?token=665509,1
http://209.126.151.98/banking/online/verify.php,1
http://163.39.231.201/banking/online/verify.php,1
https://bit.ly/bank-kyc-urgent-20,1
https://stripe.com/profile/settings,0
https://www.axis-kyc-update.com/verify/index.php,1
https://flipkart.com/security/settings,0
https://stackoverflow.com/login,0
https://zerodha.com/account/dashboard,0
https://stackoverflow.com/products/item/1209,0
https://bit.ly/bank-kyc-urgent-35,1
https://linkedin.com/contact,0
https://netflix.com/help/center,0
http://zerodha.com/terms-and-conditions,0
http://www.icici-kyc-verification-update.com/login,1
http://84.130.81.233/banking/online/verify.php,1
http://147.194.49.12/banking/online/verify.php,1
https://google.com/about-us,0
http://74.207.31.69/banking/online/verify.php,1
https://www.axis-kyc-update.com/verify/index.php,1
http://www.hdfc-bank-verification-update.com/login,1
http://secure-login.netflix.verify-portal.work/auth/login,1
https://apple.com/terms-and-conditions,0
https://www.sbi-online-portal.com/verify/index.php,1
http://168.174.37.234/banking/online/verify.php,1
https://netflix.com/products/item/1209,0
http://www.axis-support-verification-update.com/login,1
https://stripe.com/about-us,0
https://bit.ly/bank-kyc-urgent-52,1
https://bit.ly/bank-kyc-urgent-92,1
https://nytimes.com/account/dashboard,0
https://stackoverflow.com/help/center,0
http://secure-login.paytm.verify-portal.click/auth/login,1
http://secure-login.paytm.verify-portal.click/auth/login,1
http://verify-kyc-portal-service.cf/index.html?token=788159,1
https://github.com/account/dashboard,0
http://zerodha.com/verify/email,0
http://132.64.124.20/banking/online/verify.php,1
https://bit.ly/bank-kyc-urgent-69,1
https://sbi.co.in/security/settings,0
https://bit.ly/bank-kyc-urgent-20,1
https://phonepe.com/support/tickets,0
https://bit.ly/bank-kyc-urgent-32,1
http://secure-login.icici.verify-portal.club/auth/login,1
https://microsoft.com/verify/email,0
https://www.hdfc-bank-security.com/verify/index.php,1
https://www.hdfc-bank-security.com/verify/index.php,1
https://www.axis-kyc-update.com/verify/index.php,1
https://www.sbi-online-portal.com/verify/index.php,1
http://185.234.91.77/banking/online/verify.php,1
https://amazon.in/account/dashboard,0
http://secure-login.sbi.verify-portal.work/auth/login,1
https://phonepe.com/terms-and-conditions,0
http://125.39.133.170/banking/online/verify.php,1
https://stackoverflow.com/security/settings,0
https://stripe.com/profile/settings,0
https://bit.ly/bank-kyc-urgent-37,1
http://83.56.223.44/banking/online/verify.php,1
http://secure-login.hdfc.verify-portal.work/auth/login,1
https://paypal.com/terms-and-conditions,0
https://www.hdfc-bank-security.com/verify/index.php,1
http://paytm.com/products/item/1209,0
https://paypal.com/profile/settings,0
https://phonepe.com/terms-and-conditions,0
https://www.icici-customer-care.com/verify/index.php,1
https://paypal.com/verify/email,0
https://bit.ly/bank-kyc-urgent-56,1
https://amazon.in/contact,0
https://bit.ly/bank-kyc-urgent-22,1
http://claim-bonus-portal-service.club/index.html?token=283201,1
https://nytimes.com/about-us,0
https://wikipedia.org/account/dashboard,0
https://amazon.in/account/dashboard,0
https://axisbank.com/support/tickets,0
https://bit.ly/bank-kyc-urgent-87,1
http://42.227.61.113/banking/online/verify.php,1
http://www.hdfc-bank-verification-update.com/login,1
https://nytimes.com/about-us,0
https://zerodha.com/verify/email,0
http://112.96.148.12/banking/online/verify.php,1
http://nytimes.com/profile/settings,0
http://update-pan-portal-service.cf/index.html?token=172769,1
https://wikipedia.org/help/center,0
http://secure-login.sbi.verify-portal.top/auth/login,1
https://bit.ly/bank-kyc-urgent-81,1
http://secure-login-portal-service.icu/index.html?token=310036,1
http://secure-login.paytm.verify-portal.buzz/auth/login,1
https://microsoft.com/security/settings,0
https://github.com/security/settings,0
https://stripe.com/help/center,0
https://zerodha.com/help/center,0
https://stackoverflow.com/verify/email,0
https://sbi.co.in/security/settings,0
https://netflix.com/profile/settings,0
https://nytimes.com/products/item/1209,0
https://bit.ly/bank-kyc-urgent-93,1
http://unblock-bank-portal-service.club/index.html?token=402483,1
http://secure-login-portal-service.buzz/index.html?token=952283,1
https://wikipedia.org/help/center,0
https://google.com/security/settings,0
http://account-blocked-portal-service.xyz/index.html?token=721894,1
http://www.hdfc-bank-verification-update.com/login,1
https://axisbank.com/products/item/1209,0
http://203.31.85.114/banking/online/verify.php,1
https://bit.ly/bank-kyc-urgent-57,1
http://83.206.99.155/banking/online/verify.php,1
https://bit.ly/bank-kyc-urgent-73,1
https://www.axis-kyc-update.com/verify/index.php,1
http://secure-login.netflix.verify-portal.online/auth/login,1
https://github.com/terms-and-conditions,0
http://update-pan-portal-service.xyz/index.html?token=825835,1
https://google.com/verify/email,0
http://free-reward-portal-service.buzz/index.html?token=609529,1
https://bit.ly/bank-kyc-urgent-39,1
https://hdfcbank.com/profile/settings,0
http://101.201.121.2/banking/online/verify.php,1
https://www.axis-kyc-update.com/verify/index.php,1
https://zerodha.com/support/tickets,0
http://12.199.149.250/banking/online/verify.php,1
http://claim-bonus-portal-service.click/index.html?token=781834,1
https://amazon.in/login,0
https://paypal.com/products/item/1209,0
https://zerodha.com/support/tickets,0
https://www.axis-kyc-update.com/verify/index.php,1
https://axisbank.com/terms-and-conditions,0
http://secure-login.paypal.verify-portal.work/auth/login,1
https://netflix.com/about-us,0
http://www.hdfc-bank-verification-update.com/login,1
https://hdfcbank.com/account/dashboard,0
https://google.com/contact,0
http://153.110.59.158/banking/online/verify.php,1
https://www.hdfc-bank-security.com/verify/index.php,1
http://117.112.74.160/banking/online/verify.php,1
http://verify-kyc-portal-service.top/index.html?token=287890,1
http://axisbank.com/help/center,0
http://www.icici-kyc-verification-update.com/login,1
https://paypal.com/contact,0
https://paypal.com/security/settings,0
https://zerodha.com/products/item/1209,0
https://bit.ly/bank-kyc-urgent-48,1
https://bit.ly/bank-kyc-urgent-46,1
https://github.com/about-us,0
http://apple.com/security/settings,0
https://flipkart.com/login,0
https://icicibank.com/contact,0
http://92.128.234.178/banking/online/verify.php,1
https://www.axis-kyc-update.com/verify/index.php,1
http://206.152.176.202/banking/online/verify.php,1
http://www.sbi-online-verification-update.com/login,1
https://microsoft.com/login,0
https://amazon.in/login,0
http://account-blocked-portal-service.monster/index.html?token=797385,1
http://secure-login.paypal.verify-portal.buzz/auth/login,1
http://56.105.57.181/banking/online/verify.php,1
https://flipkart.com/terms-and-conditions,0
https://sbi.co.in/profile/settings,0
http://123.101.55.56/banking/online/verify.php,1
https://paytm.com/help/center,0
https://bit.ly/bank-kyc-urgent-94,1
https://www.axis-kyc-update.com/verify/index.php,1
https://bit.ly/bank-kyc-urgent-33,1
https://nytimes.com/products/item/1209,0
http://secure-login.sbi.verify-portal.club/auth/login,1
https://google.com/account/dashboard,0
http://secure-login-portal-service.club/index.html?token=142875,1
https://www.axis-kyc-update.com/verify/index.php,1
https://www.hdfc-bank-security.com/verify/index.php,1
https://paytm.com/account/dashboard,0
https://flipkart.com/profile/settings,0
https://github.com/account/dashboard,0
https://apple.com/login,0
http://account-blocked-portal-service.icu/index.html?token=146803,1
https://flipkart.com/products/item/1209,0
http://www.axis-support-verification-update.com/login,1
https://stackoverflow.com/account/dashboard,0
http://107.238.66.19/banking/online/verify.php,1
http://netflix.com/support/tickets,0
https://hdfcbank.com/support/tickets,0
https://netflix.com/products/item/1209,0
https://www.hdfc-bank-security.com/verify/index.php,1
https://netflix.com/contact,0
http://156.170.137.25/banking/online/verify.php,1
https://microsoft.com/help/center,0
https://nytimes.com/verify/email,0
http://www.icici-kyc-verification-update.com/login,1
http://www.axis-support-verification-update.com/login,1
https://bit.ly/bank-kyc-urgent-41,1
https://linkedin.com/verify/email,0
https://flipkart.com/support/tickets,0
https://google.com/login,0
http://www.axis-support-verification-update.com/login,1
https://axisbank.com/products/item/1209,0
https://stackoverflow.com/help/center,0
http://158.197.225.89/banking/online/verify.php,1
https://linkedin.com/verify/email,0
http://secure-login.icici.verify-portal.cf/auth/login,1
https://bit.ly/bank-kyc-urgent-91,1
http://secure-login.netflix.verify-portal.online/auth/login,1
https://linkedin.com/account/dashboard,0
http://account-blocked-portal-service.monster/index.html?token=362168,1
http://secure-login.paytm.verify-portal.monster/auth/login,1
http://158.206.246.154/banking/online/verify.php,1
http://secure-login.hdfc.verify-portal.monster/auth/login,1
https://paytm.com/profile/settings,0
http://www.axis-support-verification-update.com/login,1
http://secure-login.sbi.verify-portal.club/auth/login,1
https://paytm.com/contact,0
https://linkedin.com/terms-and-conditions,0
https://paytm.com/about-us,0
http://www.sbi-online-verification-update.com/login,1
https://bit.ly/bank-kyc-urgent-74,1
https://axisbank.com/verify/email,0
https://bit.ly/bank-kyc-urgent-33,1
https://www.axis-kyc-update.com/verify/index.php,1
https://flipkart.com/login,0
https://linkedin.com/about-us,0
https://google.com/verify/email,0
https://zerodha.com/security/settings,0
http://claim-bonus-portal-service.cf/index.html?token=262018,1
http://111.185.165.49/banking/online/verify.php,1
https://linkedin.com/terms-and-conditions,0
https://icicibank.com/about-us,0
https://netflix.com/help/center,0
http://zerodha.com/about-us,0
https://axisbank.com/products/item/1209,0
https://www.axis-kyc-update.com/verify/index.php,1
https://stripe.com/terms-and-conditions,0
https://axisbank.com/support/tickets,0
https://microsoft.com/contact,0
http://77.54.185.152/banking/online/verify.php,1
http://secure-login.sbi.verify-portal.icu/auth/login,1
https://sbi.co.in/account/dashboard,0
https://paytm.com/profile/settings,0
https://phonepe.com/profile/settings,0
http://secure-login.paypal.verify-portal.click/auth/login,1
https://bit.ly/bank-kyc-urgent-12,1
http://www.axis-support-verification-update.com/login,1
https://apple.com/login,0
https://www.icici-customer-care.com/verify/index.php,1
http://secure-login.paypal.verify-portal.work/auth/login,1
https://axisbank.com/products/item/1209,0
https://sbi.co.in/security/settings,0
https://netflix.com/about-us,0
https://bit.ly/bank-kyc-urgent-43,1
http://28.80.113.21/banking/online/verify.php,1
https://www.hdfc-bank-security.com/verify/index.php,1
https://sbi.co.in/contact,0
https://amazon.in/products/item/1209,0
https://phonepe.com/about-us,0
https://bit.ly/bank-kyc-urgent-26,1
http://unblock-bank-portal-service.work/index.html?token=387347,1
https://axisbank.com/contact,0
http://unblock-bank-portal-service.online/index.html?token=861911,1
https://bit.ly/bank-kyc-urgent-15,1
http://www.icici-kyc-verification-update.com/login,1
https://stripe.com/login,0
http://141.109.202.226/banking/online/verify.php,1
http://www.hdfc-bank-verification-update.com/login,1
https://paytm.com/contact,0
https://nytimes.com/account/dashboard,0
http://secure-login.paytm.verify-portal.top/auth/login,1
https://linkedin.com/account/dashboard,0
https://phonepe.com/account/dashboard,0
http://117.73.55.231/banking/online/verify.php,1
https://sbi.co.in/login,0
https://bit.ly/bank-kyc-urgent-78,1
http://update-pan-portal-service.icu/index.html?token=211636,1
http://verify-kyc-portal-service.buzz/index.html?token=988845,1
https://bit.ly/bank-kyc-urgent-75,1
https://github.com/account/dashboard,0
https://nytimes.com/verify/email,0
https://microsoft.com/verify/email,0
https://icicibank.com/support/tickets,0
https://amazon.in/security/settings,0
https://bit.ly/bank-kyc-urgent-75,1
http://57.225.110.12/banking/online/verify.php,1
https://paypal.com/help/center,0
https://bit.ly/bank-kyc-urgent-52,1
https://www.icici-customer-care.com/verify/index.php,1
https://wikipedia.org/login,0
http://secure-login.netflix.verify-portal.work/auth/login,1
https://www.axis-kyc-update.com/verify/index.php,1
https://zerodha.com/security/settings,0
https://google.com/about-us,0
https://google.com/help/center,0
https://axisbank.com/terms-and-conditions,0
http://www.sbi-online-verification-update.com/login,1
https://wikipedia.org/login,0
https://stackoverflow.com/about-us,0
http://50.199.189.114/banking/online/verify.php,1
http://verify-kyc-portal-service.icu/index.html?token=495900,1
http://secure-login.icici.verify-portal.monster/auth/login,1
https://flipkart.com/about-us,0
https://www.axis-kyc-update.com/verify/index.php,1
http://hdfcbank.com/security/settings,0
http://unblock-bank-portal-service.top/index.html?token=964446,1
https://bit.ly/bank-kyc-urgent-27,1
https://apple.com/login,0
https://stripe.com/profile/settings,0
https://bit.ly/bank-kyc-urgent-96,1
https://wikipedia.org/contact,0
https://www.axis-kyc-update.com/verify/index.php,1
http://free-reward-portal-service.buzz/index.html?token=114892,1
https://amazon.in/security/settings,0
https://hdfcbank.com/security/settings,0
http://secure-login-portal-service.club/index.html?token=513711,1
http://secure-login.netflix.verify-portal.click/auth/login,1
https://microsoft.com/contact,0
http://www.icici-kyc-verification-update.com/login,1
http://www.axis-support-verification-update.com/login,1
https://bit.ly/bank-kyc-urgent-85,1
https://flipkart.com/verify/email,0
https://stackoverflow.com/verify/email,0
https://zerodha.com/about-us,0
http://secure-login.sbi.verify-portal.work/auth/login,1
https://www.icici-customer-care.com/verify/index.php,1
http://secure-login.netflix.verify-portal.xyz/auth/login,1
http://secure-login-portal-service.work/index.html?token=304061,1
http://secure-login-portal-service.click/index.html?token=218152,1
https://www.sbi-online-portal.com/verify/index.php,1
https://amazon.in/contact,0
https://nytimes.com/security/settings,0
http://unblock-bank-portal-service.buzz/index.html?token=831963,1
https://phonepe.com/products/item/1209,0
https://zerodha.com/terms-and-conditions,0
https://apple.com/support/tickets,0
https://bit.ly/bank-kyc-urgent-78,1
https://sbi.co.in/support/tickets,0
https://icicibank.com/profile/settings,0
http://update-pan-portal-service.monster/index.html?token=988704,1
https://icicibank.com/products/item/1209,0
http://www.sbi-online-verification-update.com/login,1
http://account-blocked-portal-service.click/index.html?token=400487,1
http://sbi.co.in/contact,0
https://zerodha.com/profile/settings,0
https://bit.ly/bank-kyc-urgent-54,1
http://microsoft.com/help/center,0
http://www.axis-support-verification-update.com/login,1
https://google.com/login,0
https://bit.ly/bank-kyc-urgent-54,1
https://paytm.com/contact,0
https://nytimes.com/login,0
http://secure-login.netflix.verify-portal.buzz/auth/login,1
https://microsoft.com/terms-and-conditions,0
http://secure-login.paytm.verify-portal.online/auth/login,1
https://axisbank.com/verify/email,0
http://microsoft.com/terms-and-conditions,0
https://amazon.in/login,0
https://wikipedia.org/support/tickets,0
http://www.hdfc-bank-verification-update.com/login,1
http://www.axis-support-verification-update.com/login,1
http://wallet-refund-portal-service.work/index.html?token=604667,1
http://wallet-refund-portal-service.online/index.html?token=142859,1
http://120.108.47.91/banking/online/verify.php,1
https://hdfcbank.com/terms-and-conditions,0
https://apple.com/security/settings,0
http://www.icici-kyc-verification-update.com/login,1
http://www.hdfc-bank-verification-update.com/login,1
https://microsoft.com/profile/settings,0
https://www.sbi-online-portal.com/verify/index.php,1
https://netflix.com/terms-and-conditions,0
http://www.hdfc-bank-verification-update.com/login,1
https://paytm.com/about-us,0
https://paytm.com/contact,0
https://nytimes.com/products/item/1209,0
https://stackoverflow.com/support/tickets,0
https://axisbank.com/security/settings,0
http://wallet-refund-portal-service.work/index.html?token=183029,1
http://update-pan-portal-service.online/index.html?token=161352,1
https://apple.com/security/settings,0
https://netflix.com/help/center,0
http://www.icici-kyc-verification-update.com/login,1
http://secure-login.paytm.verify-portal.cf/auth/login,1
https://stripe.com/help/center,0
http://www.sbi-online-verification-update.com/login,1
http://68.76.39.75/banking/online/verify.php,1
https://icicibank.com/account/dashboard,0
http://secure-login.netflix.verify-portal.monster/auth/login,1
https://bit.ly/bank-kyc-urgent-58,1
https://paypal.com/account/dashboard,0
https://paypal.com/support/tickets,0
http://update-pan-portal-service.icu/index.html?token=712454,1
http://unblock-bank-portal-service.monster/index.html?token=226670,1
https://nytimes.com/about-us,0
https://axisbank.com/terms-and-conditions,0
https://www.axis-kyc-update.com/verify/index.php,1
https://bit.ly/bank-kyc-urgent-47,1
https://amazon.in/support/tickets,0
http://88.155.114.115/banking/online/verify.php,1
https://stripe.com/verify/email,0
http://www.sbi-online-verification-update.com/login,1
https://paytm.com/terms-and-conditions,0
http://secure-login.hdfc.verify-portal.club/auth/login,1
http://update-pan-portal-service.buzz/index.html?token=820219,1
https://bit.ly/bank-kyc-urgent-70,1
https://bit.ly/bank-kyc-urgent-75,1
http://www.icici-kyc-verification-update.com/login,1
https://apple.com/contact,0
https://bit.ly/bank-kyc-urgent-61,1
http://63.143.170.6/banking/online/verify.php,1
https://zerodha.com/about-us,0
https://bit.ly/bank-kyc-urgent-38,1
https://netflix.com/contact,0
http://www.hdfc-bank-verification-update.com/login,1
https://www.icici-customer-care.com/verify/index.php,1
http://account-blocked-portal-service.club/index.html?token=794799,1
https://stripe.com/profile/settings,0
http://free-reward-portal-service.work/index.html?token=528902,1
http://secure-login.netflix.verify-portal.buzz/auth/login,1
http://secure-login-portal-service.cf/index.html?token=949767,1
https://paypal.com/help/center,0
http://secure-login.paypal.verify-portal.club/auth/login,1
https://google.com/contact,0
http://secure-login.hdfc.verify-portal.buzz/auth/login,1
https://phonepe.com/profile/settings,0
https://amazon.in/security/settings,0
https://bit.ly/bank-kyc-urgent-62,1
http://secure-login.icici.verify-portal.top/auth/login,1
http://47.105.148.44/banking/online/verify.php,1
https://apple.com/products/item/1209,0
https://flipkart.com/account/dashboard,0
https://microsoft.com/contact,0
https://bit.ly/bank-kyc-urgent-94,1
http://158.135.187.81/banking/online/verify.php,1
http://secure-login.paypal.verify-portal.buzz/auth/login,1
https://www.sbi-online-portal.com/verify/index.php,1
http://140.24.110.68/banking/online/verify.php,1
https://paypal.com/contact,0
https://flipkart.com/products/item/1209,0
http://secure-login.icici.verify-portal.club/auth/login,1
http://secure-login.sbi.verify-portal.icu/auth/login,1
https://zerodha.com/verify/email,0
http://172.101.79.52/banking/online/verify.php,1
https://github.com/support/tickets,0
http://www.icici-kyc-verification-update.com/login,1
https://linkedin.com/help/center,0
https://paypal.com/support/tickets,0
http://32.152.202.4/banking/online/verify.php,1
https://flipkart.com/profile/settings,0
https://nytimes.com/security/settings,0
http://secure-login.icici.verify-portal.online/auth/login,1
https://bit.ly/bank-kyc-urgent-43,1
https://www.sbi-online-portal.com/verify/index.php,1
https://paypal.com/about-us,0
https://bit.ly/bank-kyc-urgent-28,1
https://nytimes.com/terms-and-conditions,0
http://secure-login.netflix.verify-portal.click/auth/login,1
https://axisbank.com/profile/settings,0
https://hdfcbank.com/terms-and-conditions,0
https://www.icici-customer-care.com/verify/index.php,1
http://www.sbi-online-verification-update.com/login,1
http://www.icici-kyc-verification-update.com/login,1
http://138.213.32.78/banking/online/verify.php,1
http://free-reward-portal-service.club/index.html?token=137042,1
https://stackoverflow.com/products/item/1209,0
https://wikipedia.org/account/dashboard,0
https://icicibank.com/verify/email,0
https://linkedin.com/products/item/1209,0
http://wallet-refund-portal-service.work/index.html?token=811451,1
https://wikipedia.org/terms-and-conditions,0
https://bit.ly/bank-kyc-urgent-64,1
http://11.243.67.7/banking/online/verify.php,1
https://icicibank.com/support/tickets,0
https://paytm.com/terms-and-conditions,0
https://apple.com/help/center,0
http://sbi.co.in/about-us,0
https://bit.ly/bank-kyc-urgent-32,1
https://bit.ly/bank-kyc-urgent-67,1
